{
	"credit": "Made with Blockbench",
	"texture_size": [64, 64],
	"textures": {
		"2": "item/12/12"
	},
	"elements": [
		{
			"name": "Left Arm",
			"from": [6, 0, 6],
			"to": [10, 12, 10],
			"faces": {
				"north": {"uv": [9, 13, 10, 16], "texture": "#2"},
				"east": {"uv": [8, 13, 9, 16], "texture": "#2"},
				"south": {"uv": [11, 13, 12, 16], "texture": "#2"},
				"west": {"uv": [10, 13, 11, 16], "texture": "#2"},
				"up": {"uv": [10, 13, 9, 12], "texture": "#2"},
				"down": {"uv": [11, 12, 10, 13], "texture": "#2"}
			}
		},
		{
			"name": "Left Arm Layer",
			"from": [5.75, -0.25, 5.75],
			"to": [10.25, 12.25, 10.25],
			"faces": {
				"north": {"uv": [13, 13, 14, 16], "texture": "#2"},
				"east": {"uv": [12, 13, 13, 16], "texture": "#2"},
				"south": {"uv": [15, 13, 16, 16], "texture": "#2"},
				"west": {"uv": [14, 13, 15, 16], "texture": "#2"},
				"up": {"uv": [14, 13, 13, 12], "texture": "#2"},
				"down": {"uv": [15, 12, 14, 13], "texture": "#2"}
			}
		}
	],
	"groups": [
		{
			"name": "Left Arm",
			"origin": [-5, 22, 0],
			"rotation": [-12, 0, 0],
			"color": 0,
			"children": [0, 1]
		}
	]
}