{
	"credit": "Made with Blockbench",
	"texture_size": [64, 64],
	"textures": {
		"2": "item/12/12"
	},
	"elements": [
		{
			"name": "Right Arm",
			"from": [6, 0, 6],
			"to": [10, 12, 10],
			"faces": {
				"north": {"uv": [11, 5, 12, 8], "texture": "#2"},
				"east": {"uv": [10, 5, 11, 8], "texture": "#2"},
				"south": {"uv": [13, 5, 14, 8], "texture": "#2"},
				"west": {"uv": [12, 5, 13, 8], "texture": "#2"},
				"up": {"uv": [12, 5, 11, 4], "texture": "#2"},
				"down": {"uv": [13, 4, 12, 5], "texture": "#2"}
			}
		},
		{
			"name": "Right Arm Layer",
			"from": [5.75, -0.25, 5.75],
			"to": [10.25, 12.25, 10.25],
			"faces": {
				"north": {"uv": [11, 9, 12, 12], "texture": "#2"},
				"east": {"uv": [10, 9, 11, 12], "texture": "#2"},
				"south": {"uv": [13, 9, 14, 12], "texture": "#2"},
				"west": {"uv": [12, 9, 13, 12], "texture": "#2"},
				"up": {"uv": [12, 9, 11, 8], "texture": "#2"},
				"down": {"uv": [13, 8, 12, 9], "texture": "#2"}
			}
		}
	],
	"groups": [
		{
			"name": "Right Arm",
			"origin": [5, 22, 0],
			"rotation": [10, 0, 0],
			"color": 0,
			"children": [0, 1]
		}
	]
}