{
	"credit": "Made with Blockbench",
	"texture_size": [64, 64],
	"textures": {
		"2": "item/worfer/worfer"
	},
	"elements": [
		{
			"name": "Left Arm",
			"from": [6.5, 0, 6],
			"to": [9.5, 12, 10],
			"faces": {
				"north": {"uv": [9, 13, 9.75, 16], "texture": "#2"},
				"east": {"uv": [8, 13, 9, 16], "texture": "#2"},
				"south": {"uv": [10.75, 13, 11.5, 16], "texture": "#2"},
				"west": {"uv": [9.75, 13, 10.75, 16], "texture": "#2"},
				"up": {"uv": [9.75, 13, 9, 12], "texture": "#2"},
				"down": {"uv": [10.5, 12, 9.75, 13], "texture": "#2"}
			}
		},
		{
			"name": "Left Arm Layer",
			"from": [6.25, -0.25, 5.75],
			"to": [9.75, 12.25, 10.25],
			"faces": {
				"north": {"uv": [13, 13, 13.75, 16], "texture": "#2"},
				"east": {"uv": [12, 13, 13, 16], "texture": "#2"},
				"south": {"uv": [14.75, 13, 15.5, 16], "texture": "#2"},
				"west": {"uv": [13.75, 13, 14.75, 16], "texture": "#2"},
				"up": {"uv": [13.75, 13, 13, 12], "texture": "#2"},
				"down": {"uv": [14.5, 12, 13.75, 13], "texture": "#2"}
			}
		}
	],
	"display": {
		"thirdperson_lefthand": {
			"rotation": [90, 0, 0],
			"translation": [0, -2, -4]
		},
		"firstperson_lefthand": {
			"rotation": [90, 0, 0]
		}
	},
	"groups": [
		{
			"name": "Left Arm",
			"origin": [-5, 22, 0],
			"rotation": [-12, 0, 0],
			"color": 0,
			"nbt": "{}",
			"children": [0, 1]
		}
	]
}