{
	"credit": "Made with Blockbench",
	"texture_size": [64, 64],
	"textures": {
		"2": "item/worfer/worfer"
	},
	"elements": [
		{
			"name": "Right Arm",
			"from": [6.5, 0, 6],
			"to": [9.5, 12, 10],
			"faces": {
				"north": {"uv": [11, 5, 11.75, 8], "texture": "#2"},
				"east": {"uv": [10, 5, 11, 8], "texture": "#2"},
				"south": {"uv": [12.75, 5, 13.5, 8], "texture": "#2"},
				"west": {"uv": [11.75, 5, 12.75, 8], "texture": "#2"},
				"up": {"uv": [11.75, 5, 11, 4], "texture": "#2"},
				"down": {"uv": [12.5, 4, 11.75, 5], "texture": "#2"}
			}
		},
		{
			"name": "Right Arm Layer",
			"from": [6.25, -0.25, 5.75],
			"to": [9.75, 12.25, 10.25],
			"faces": {
				"north": {"uv": [11, 9, 11.75, 12], "texture": "#2"},
				"east": {"uv": [10, 9, 11, 12], "texture": "#2"},
				"south": {"uv": [12.75, 9, 13.5, 12], "texture": "#2"},
				"west": {"uv": [11.75, 9, 12.75, 12], "texture": "#2"},
				"up": {"uv": [11.75, 9, 11, 8], "texture": "#2"},
				"down": {"uv": [12.5, 8, 11.75, 9], "texture": "#2"}
			}
		}
	],
	"display": {
		"thirdperson_righthand": {
			"rotation": [90, 0, 0],
			"translation": [0, -2, -4]
		},
		"firstperson_righthand": {
			"rotation": [90, 0, 0]
		}
	},
	"groups": [
		{
			"name": "Right Arm",
			"origin": [5, 22, 0],
			"rotation": [10, 0, 0],
			"color": 0,
			"nbt": "{}",
			"children": [0, 1]
		}
	]
}