{
	"credit": "Made with Blockbench",
	"texture_size": [64, 64],
	"textures": {
		"0": "item/goldenegg/0",
		"particle": "item/goldenegg/0"
	},
	"elements": [
		{
			"from": [3, 0, 3],
			"to": [13, 1, 13],
			"faces": {
				"north": {"uv": [8.5, 4, 11, 4.25], "texture": "#0"},
				"east": {"uv": [8.5, 4.25, 11, 4.5], "texture": "#0"},
				"south": {"uv": [8.5, 4.5, 11, 4.75], "texture": "#0"},
				"west": {"uv": [8.5, 4.75, 11, 5], "texture": "#0"},
				"up": {"uv": [5.5, 8.5, 3, 6], "texture": "#0"},
				"down": {"uv": [8.5, 3, 6, 5.5], "texture": "#0"}
			}
		},
		{
			"from": [2, 1, 2],
			"to": [14, 13, 14],
			"faces": {
				"north": {"uv": [0, 0, 3, 3], "texture": "#0"},
				"east": {"uv": [0, 3, 3, 6], "texture": "#0"},
				"south": {"uv": [3, 0, 6, 3], "texture": "#0"},
				"west": {"uv": [3, 3, 6, 6], "texture": "#0"},
				"up": {"uv": [3, 9, 0, 6], "texture": "#0"},
				"down": {"uv": [9, 0, 6, 3], "texture": "#0"}
			}
		},
		{
			"from": [3, 13, 3],
			"to": [13, 15, 13],
			"faces": {
				"north": {"uv": [8, 8, 10.5, 8.5], "texture": "#0"},
				"east": {"uv": [3, 8.5, 5.5, 9], "texture": "#0"},
				"south": {"uv": [8.5, 3, 11, 3.5], "texture": "#0"},
				"west": {"uv": [8.5, 3.5, 11, 4], "texture": "#0"},
				"up": {"uv": [8, 8.5, 5.5, 6], "texture": "#0"},
				"down": {"uv": [10.5, 5.5, 8, 8], "texture": "#0"}
			}
		}
	],
	"groups": [
		{
			"name": "group",
			"origin": [8, 8, 8],
			"color": 0,
			"nbt": "{}",
			"children": [0, 1, 2]
		}
	]
}