{
	"credit": "Made with Blockbench",
	"texture_size": [48, 48],
	"textures": {
		"5": "minecraft:item/kit/8"
	},
	"elements": [
		{
			"from": [-2, 28, 8],
			"to": [18, 30, 10],
			"rotation": {"angle": 0, "axis": "y", "origin": [7, 28, 7]},
			"faces": {
				"north": {"uv": [0.66667, 0.66667, 7.33333, 1.33333], "texture": "#5"},
				"east": {"uv": [0, 0.66667, 0.66667, 1.33333], "texture": "#5"},
				"south": {"uv": [8, 0.66667, 14.66667, 1.33333], "texture": "#5"},
				"west": {"uv": [7.33333, 0.66667, 8, 1.33333], "texture": "#5"},
				"up": {"uv": [7.33333, 0.66667, 0.66667, 0], "texture": "#5"},
				"down": {"uv": [14, 0, 7.33333, 0.66667], "texture": "#5"}
			}
		},
		{
			"from": [0, 20, 9],
			"to": [16, 28, 10],
			"rotation": {"angle": 0, "axis": "y", "origin": [8, 28, 10]},
			"faces": {
				"north": {"uv": [0.33333, 2, 5.66667, 4.66667], "texture": "#5"},
				"east": {"uv": [0, 2, 0.33333, 4.66667], "texture": "#5"},
				"south": {"uv": [6, 2, 11.33333, 4.66667], "texture": "#5"},
				"west": {"uv": [5.66667, 2, 6, 4.66667], "texture": "#5"},
				"up": {"uv": [5.66667, 2, 0.33333, 1.66667], "texture": "#5"},
				"down": {"uv": [11, 1.66667, 5.66667, 2], "texture": "#5"}
			}
		},
		{
			"from": [1, 18, 9],
			"to": [15, 20, 10],
			"rotation": {"angle": 0, "axis": "y", "origin": [8, 20, 10]},
			"faces": {
				"north": {"uv": [0.33333, 5.33333, 5, 6], "texture": "#5"},
				"east": {"uv": [0, 5.33333, 0.33333, 6], "texture": "#5"},
				"south": {"uv": [5.33333, 5.33333, 10, 6], "texture": "#5"},
				"west": {"uv": [5, 5.33333, 5.33333, 6], "texture": "#5"},
				"up": {"uv": [5, 5.33333, 0.33333, 5], "texture": "#5"},
				"down": {"uv": [9.66667, 5, 5, 5.33333], "texture": "#5"}
			}
		},
		{
			"from": [2, 16, 9],
			"to": [14, 18, 10],
			"rotation": {"angle": 0, "axis": "y", "origin": [8, 18, 10]},
			"faces": {
				"north": {"uv": [0.33333, 6.66667, 4.33333, 7.33333], "texture": "#5"},
				"east": {"uv": [0, 6.66667, 0.33333, 7.33333], "texture": "#5"},
				"south": {"uv": [4.66667, 6.66667, 8.66667, 7.33333], "texture": "#5"},
				"west": {"uv": [4.33333, 6.66667, 4.66667, 7.33333], "texture": "#5"},
				"up": {"uv": [4.33333, 6.66667, 0.33333, 6.33333], "texture": "#5"},
				"down": {"uv": [8.33333, 6.33333, 4.33333, 6.66667], "texture": "#5"}
			}
		},
		{
			"from": [3, 14, 9],
			"to": [13, 16, 10],
			"rotation": {"angle": 0, "axis": "y", "origin": [8, 16, 10]},
			"faces": {
				"north": {"uv": [0.33333, 8, 3.66667, 8.66667], "texture": "#5"},
				"east": {"uv": [0, 8, 0.33333, 8.66667], "texture": "#5"},
				"south": {"uv": [4, 8, 7.33333, 8.66667], "texture": "#5"},
				"west": {"uv": [3.66667, 8, 4, 8.66667], "texture": "#5"},
				"up": {"uv": [3.66667, 8, 0.33333, 7.66667], "texture": "#5"},
				"down": {"uv": [7, 7.66667, 3.66667, 8], "texture": "#5"}
			}
		},
		{
			"from": [4, 12, 9],
			"to": [12, 14, 10],
			"rotation": {"angle": 0, "axis": "y", "origin": [8, 14, 10]},
			"faces": {
				"north": {"uv": [8, 8, 10.66667, 8.66667], "texture": "#5"},
				"east": {"uv": [7.66667, 8, 8, 8.66667], "texture": "#5"},
				"south": {"uv": [11, 8, 13.66667, 8.66667], "texture": "#5"},
				"west": {"uv": [10.66667, 8, 11, 8.66667], "texture": "#5"},
				"up": {"uv": [10.66667, 8, 8, 7.66667], "texture": "#5"},
				"down": {"uv": [13.33333, 7.66667, 10.66667, 8], "texture": "#5"}
			}
		},
		{
			"from": [5, 10, 9],
			"to": [11, 12, 10],
			"rotation": {"angle": 0, "axis": "y", "origin": [8, 12, 10]},
			"faces": {
				"north": {"uv": [0.33333, 9.33333, 2.33333, 10], "texture": "#5"},
				"east": {"uv": [0, 9.33333, 0.33333, 10], "texture": "#5"},
				"south": {"uv": [2.66667, 9.33333, 4.66667, 10], "texture": "#5"},
				"west": {"uv": [2.33333, 9.33333, 2.66667, 10], "texture": "#5"},
				"up": {"uv": [2.33333, 9.33333, 0.33333, 9], "texture": "#5"},
				"down": {"uv": [4.33333, 9, 2.33333, 9.33333], "texture": "#5"}
			}
		},
		{
			"from": [6, 8, 9],
			"to": [10, 10, 10],
			"rotation": {"angle": 0, "axis": "y", "origin": [8, 10, 10]},
			"faces": {
				"north": {"uv": [5.33333, 9.33333, 6.66667, 10], "texture": "#5"},
				"east": {"uv": [5, 9.33333, 5.33333, 10], "texture": "#5"},
				"south": {"uv": [7, 9.33333, 8.33333, 10], "texture": "#5"},
				"west": {"uv": [6.66667, 9.33333, 7, 10], "texture": "#5"},
				"up": {"uv": [6.66667, 9.33333, 5.33333, 9], "texture": "#5"},
				"down": {"uv": [8, 9, 6.66667, 9.33333], "texture": "#5"}
			}
		},
		{
			"from": [7, 6, 9],
			"to": [9, 8, 10],
			"rotation": {"angle": 0, "axis": "y", "origin": [8, 8, 10]},
			"faces": {
				"north": {"uv": [9.33333, 6.66667, 10, 7.33333], "texture": "#5"},
				"east": {"uv": [9, 6.66667, 9.33333, 7.33333], "texture": "#5"},
				"south": {"uv": [10.33333, 6.66667, 11, 7.33333], "texture": "#5"},
				"west": {"uv": [10, 6.66667, 10.33333, 7.33333], "texture": "#5"},
				"up": {"uv": [10, 6.66667, 9.33333, 6.33333], "texture": "#5"},
				"down": {"uv": [10.66667, 6.33333, 10, 6.66667], "texture": "#5"}
			}
		}
	],
	"display": {
		"thirdperson_righthand": {
			"rotation": [90, 90, 0],
			"translation": [-0.75, -2, -9.5],
			"scale": [0.5, 0.5, 0.5]
		},
		"thirdperson_lefthand": {
			"rotation": [90, 90, 0],
			"translation": [-0.75, -2, -9.5],
			"scale": [0.5, 0.5, 0.5]
		},
		"firstperson_righthand": {
			"rotation": [-125, 180, 180],
			"translation": [0.5, 1, -2],
			"scale": [0.5, 0.5, 0.5]
		},
		"firstperson_lefthand": {
			"rotation": [-125, 180, 180],
			"translation": [0.5, 1, -2],
			"scale": [0.5, 0.5, 0.5]
		},
		"ground": {
			"scale": [0.5, 0.5, 0.5]
		},
		"gui": {
			"rotation": [0, -180, 0],
			"translation": [0, -6, 0],
			"scale": [0.6, 0.6, 0.6]
		},
		"head": {
			"translation": [0, -15, -10.25]
		},
		"fixed": {
			"translation": [0, -23, -3],
			"scale": [1.5, 1.5, 1.5]
		}
	},
	"groups": [
		{
			"name": "group",
			"origin": [8, 8, 8],
			"color": 0,
			"children": [
				0,
				{
					"name": "group",
					"origin": [8, 8, 8],
					"color": 0,
					"children": [1, 2, 3, 4, 5, 6, 7, 8]
				}
			]
		}
	]
}