{
    "providers": [
        {
            "type": "bitmap",
            "file": "minecraft:item/gold_ingot.png",
            "ascent": 9,
            "height": 9,
            "chars": ["\uE000"]
        },
        {
            "type": "bitmap",
            "file": "minecraft:item/diamond.png",
            "ascent": 8,
            "height": 9,
            "chars": ["\uE001"]
        },
 {
            "type": "bitmap",
            "file": "minecraft:item/gold_ingot.png",
            "ascent": 8,
            "height": 9,
            "chars": ["\uE002"]
        },


        {
            "type": "ttf",
            "file": "minecraft:negative_spaces.ttf",
            "shift": [0.0, 0.0],
            "size": 10.0,
            "oversample": 1.0
        }
    ]
}