{
    "magic1":{
        "sounds":[
            "magic1"
        ]
    },
    "lance_attack":{
        "sounds":[
            "lance_1",
            "lance_2",
            "lance_3",
            "lance_4"
        ]
    },
    "sword_attack":{
        "sounds":[
            "sword_1",
            "sword_2"
        ]
    },
    "wand_hit":{
        "sounds":[
            "wand_hit"
        ]
    },
    "wand_use":{
        "sounds":[
            "wand_use"
        ]
    },
    "develop":{
        "sounds":[
            "bgm/_develop"
        ]
    },
    "explore":{
        "sounds":[
            "bgm/_explore"
        ]
    },
    "rest":{
        "sounds":[
            "bgm/_rest"
        ]
    },
    "shop_reward":{
        "sounds":[
            "bgm/_shop_reward"
        ]
    },
    "end":{
        "sounds":[
            "bgm/end"
        ]
    },
    "boss1":{
        "sounds":[
            "bgm/boss1_plus"
        ]
    },
    "boss2":{
        "sounds":[
            "bgm/boss2_plus"
        ]
    },
    "boss3":{
        "sounds":[
            "bgm/boss3_plus"
        ]
    },
    "boss4":{
        "sounds":[
            "bgm/boss4_plus"
        ]
    },
    "fight":{
        "sounds":[
            "bgm/normal_1",
            "bgm/normal_2",
            "bgm/normal_3",
            "bgm/normal_4"
        ]
    }
}