{
	"credit": "Made with Blockbench",
	"texture_size": [32, 32],
	"textures": {
		"4": "minecraft:item/treasure/active/18"
	},
	"elements": [
		{
			"from": [6, 1, 6],
			"to": [10, 5, 10],
			"rotation": {"angle": 0, "axis": "y", "origin": [8, 0, 8]},
			"faces": {
				"north": {"uv": [2, 2, 4, 4], "texture": "#4"},
				"east": {"uv": [0, 2, 2, 4], "texture": "#4"},
				"south": {"uv": [6, 2, 8, 4], "texture": "#4"},
				"west": {"uv": [4, 2, 6, 4], "texture": "#4"},
				"up": {"uv": [4, 2, 2, 0], "texture": "#4"},
				"down": {"uv": [6, 0, 4, 2], "texture": "#4"}
			}
		},
		{
			"from": [6.5, 4.5, 6.5],
			"to": [9.5, 5.5, 9.5],
			"rotation": {"angle": 0, "axis": "y", "origin": [8, 0, 8]},
			"faces": {
				"north": {"uv": [8.5, 4.5, 10.5, 5.5], "texture": "#4"},
				"east": {"uv": [6.5, 4.5, 8.5, 5.5], "texture": "#4"},
				"south": {"uv": [12.5, 4.5, 14.5, 5.5], "texture": "#4"},
				"west": {"uv": [10.5, 4.5, 12.5, 5.5], "texture": "#4"},
				"up": {"uv": [10.5, 4.5, 8.5, 2.5], "texture": "#4"},
				"down": {"uv": [12.5, 2.5, 10.5, 4.5], "texture": "#4"}
			}
		},
		{
			"from": [6.5, 0.5, 6.5],
			"to": [9.5, 1.5, 9.5],
			"rotation": {"angle": 0, "axis": "y", "origin": [8, 0, 8]},
			"faces": {
				"north": {"uv": [2, 6.5, 4, 7.5], "texture": "#4"},
				"east": {"uv": [0, 6.5, 2, 7.5], "texture": "#4"},
				"south": {"uv": [6, 6.5, 8, 7.5], "texture": "#4"},
				"west": {"uv": [4, 6.5, 6, 7.5], "texture": "#4"},
				"up": {"uv": [4, 6.5, 2, 4.5], "texture": "#4"},
				"down": {"uv": [6, 4.5, 4, 6.5], "texture": "#4"}
			}
		},
		{
			"from": [7.25, 5.25, 7.25],
			"to": [8.75, 6.75, 8.75],
			"rotation": {"angle": 0, "axis": "y", "origin": [8, 0, 8]},
			"faces": {
				"north": {"uv": [4.5, 11.5, 5.5, 12.5], "texture": "#4"},
				"east": {"uv": [3.5, 11.5, 4.5, 12.5], "texture": "#4"},
				"south": {"uv": [6.5, 11.5, 7.5, 12.5], "texture": "#4"},
				"west": {"uv": [5.5, 11.5, 6.5, 12.5], "texture": "#4"},
				"up": {"uv": [5.5, 11.5, 4.5, 10.5], "texture": "#4"},
				"down": {"uv": [6.5, 10.5, 5.5, 11.5], "texture": "#4"}
			}
		},
		{
			"from": [8, 5.5, 8],
			"to": [8, 8.5, 11],
			"rotation": {"angle": 0, "axis": "y", "origin": [8, 0, 11]},
			"faces": {
				"north": {"uv": [8.5, 8, 9, 10], "texture": "#4"},
				"east": {"uv": [6.5, 8, 8.5, 10], "texture": "#4"},
				"south": {"uv": [11, 8, 11.5, 10], "texture": "#4"},
				"west": {"uv": [9, 8, 11, 10], "texture": "#4"},
				"up": {"uv": [9, 8, 8.5, 6], "texture": "#4"},
				"down": {"uv": [9.5, 6, 9, 8], "texture": "#4"}
			}
		},
		{
			"from": [10.55, 1.25, 7.25],
			"to": [11.05, 5.75, 8.75],
			"rotation": {"angle": 0, "axis": "y", "origin": [8, 0, 8]},
			"faces": {
				"north": {"uv": [1, 9, 1.5, 11.5], "texture": "#4"},
				"east": {"uv": [0, 9, 1, 11.5], "texture": "#4"},
				"south": {"uv": [2.5, 9, 3, 11.5], "texture": "#4"},
				"west": {"uv": [1.5, 9, 2.5, 11.5], "texture": "#4"},
				"up": {"uv": [1.5, 9, 1, 8], "texture": "#4"},
				"down": {"uv": [2, 8, 1.5, 9], "texture": "#4"}
			}
		},
		{
			"from": [6.1393, 5.96939, 7.25],
			"to": [8.6393, 6.46939, 8.75],
			"rotation": {"angle": -22.5, "axis": "z", "origin": [8, 0, 8]},
			"faces": {
				"north": {"uv": [7.5, 1, 9, 1.5], "texture": "#4"},
				"east": {"uv": [6.5, 1, 7.5, 1.5], "texture": "#4"},
				"south": {"uv": [10, 1, 11.5, 1.5], "texture": "#4"},
				"west": {"uv": [9, 1, 10, 1.5], "texture": "#4"},
				"up": {"uv": [9, 1, 7.5, 0], "texture": "#4"},
				"down": {"uv": [10.5, 0, 9, 1], "texture": "#4"}
			}
		}
	],
	"gui_light": "front",
	"display": {
		"thirdperson_righthand": {
			"rotation": [0, -90, 0],
			"translation": [-0.5, 3.75, 0]
		},
		"thirdperson_lefthand": {
			"rotation": [0, 90, 0],
			"translation": [-0.5, 3.75, 0]
		},
		"firstperson_righthand": {
			"rotation": [0, -75, 0],
			"translation": [-0.25, 5.75, 1.75]
		},
		"firstperson_lefthand": {
			"rotation": [0, -65, 0],
			"translation": [-0.25, 5.75, 1.75]
		},
		"ground": {
			"translation": [0, 3.25, 0]
		},
		"gui": {
			"translation": [0, 6, 0],
			"scale": [1.5, 1.5, 1.5]
		},
		"head": {
			"translation": [0, 13.75, 0]
		},
		"fixed": {
			"rotation": [0, 90, 0],
			"translation": [0, 8, 0],
			"scale": [2, 2, 2]
		}
	},
	"groups": [
		{
			"name": "group",
			"origin": [8, 8, 8],
			"color": 0,
			"children": [
				0,
				1,
				2,
				3,
				4,
				{
					"name": "group",
					"origin": [8, 8, 8],
					"color": 0,
					"children": [5, 6]
				}
			]
		}
	]
}