{
	"credit": "Made with Blockbench",
	"texture_size": [144, 144],
	"textures": {
		"0": "minecraft:item/treasure/active/19",
		"particle": "minecraft:item/treasure/active/19"
	},
	"elements": [
		{
			"from": [-8, -7, -6],
			"to": [-6, -5, 24],
			"faces": {
				"north": {"uv": [7.22222, 7.33333, 7.44444, 7.55556], "texture": "#0"},
				"east": {"uv": [3.88889, 7.33333, 7.22222, 7.55556], "texture": "#0"},
				"south": {"uv": [10.77778, 7.33333, 11, 7.55556], "texture": "#0"},
				"west": {"uv": [7.44444, 7.33333, 10.77778, 7.55556], "texture": "#0"},
				"up": {"uv": [7.44444, 7.33333, 7.22222, 4], "texture": "#0"},
				"down": {"uv": [7.66667, 4, 7.44444, 7.33333], "texture": "#0"}
			}
		},
		{
			"from": [-8, 23, -6],
			"to": [-6, 25, 24],
			"faces": {
				"north": {"uv": [7.22222, 3.66667, 7.44444, 3.88889], "texture": "#0"},
				"east": {"uv": [3.88889, 3.66667, 7.22222, 3.88889], "texture": "#0"},
				"south": {"uv": [10.77778, 3.66667, 11, 3.88889], "texture": "#0"},
				"west": {"uv": [7.44444, 3.66667, 10.77778, 3.88889], "texture": "#0"},
				"up": {"uv": [7.44444, 3.66667, 7.22222, 0.33333], "texture": "#0"},
				"down": {"uv": [7.66667, 0.33333, 7.44444, 3.66667], "texture": "#0"}
			}
		},
		{
			"from": [-6, -7, 22],
			"to": [24, -5, 24],
			"faces": {
				"north": {"uv": [8, 0.77778, 11.33333, 1], "texture": "#0"},
				"east": {"uv": [7.77778, 0.77778, 8, 1], "texture": "#0"},
				"south": {"uv": [11.55556, 0.77778, 14.88889, 1], "texture": "#0"},
				"west": {"uv": [11.33333, 0.77778, 11.55556, 1], "texture": "#0"},
				"up": {"uv": [11.33333, 0.77778, 8, 0.55556], "texture": "#0"},
				"down": {"uv": [14.66667, 0.55556, 11.33333, 0.77778], "texture": "#0"}
			}
		},
		{
			"from": [-6, 23, 22],
			"to": [24, 25, 24],
			"faces": {
				"north": {"uv": [8, 0.22222, 11.33333, 0.44444], "texture": "#0"},
				"east": {"uv": [7.77778, 0.22222, 8, 0.44444], "texture": "#0"},
				"south": {"uv": [11.55556, 0.22222, 14.88889, 0.44444], "texture": "#0"},
				"west": {"uv": [11.33333, 0.22222, 11.55556, 0.44444], "texture": "#0"},
				"up": {"uv": [11.33333, 0.22222, 8, 0], "texture": "#0"},
				"down": {"uv": [14.66667, 0, 11.33333, 0.22222], "texture": "#0"}
			}
		},
		{
			"from": [22, -7, -8],
			"to": [24, -5, 22],
			"faces": {
				"north": {"uv": [3.33333, 7, 3.55556, 7.22222], "texture": "#0"},
				"east": {"uv": [0, 7, 3.33333, 7.22222], "texture": "#0"},
				"south": {"uv": [6.88889, 7, 7.11111, 7.22222], "texture": "#0"},
				"west": {"uv": [3.55556, 7, 6.88889, 7.22222], "texture": "#0"},
				"up": {"uv": [3.55556, 7, 3.33333, 3.66667], "texture": "#0"},
				"down": {"uv": [3.77778, 3.66667, 3.55556, 7], "texture": "#0"}
			}
		},
		{
			"from": [22, 23, -8],
			"to": [24, 25, 22],
			"faces": {
				"north": {"uv": [3.33333, 3.33333, 3.55556, 3.55556], "texture": "#0"},
				"east": {"uv": [0, 3.33333, 3.33333, 3.55556], "texture": "#0"},
				"south": {"uv": [6.88889, 3.33333, 7.11111, 3.55556], "texture": "#0"},
				"west": {"uv": [3.55556, 3.33333, 6.88889, 3.55556], "texture": "#0"},
				"up": {"uv": [3.55556, 3.33333, 3.33333, 0], "texture": "#0"},
				"down": {"uv": [3.77778, 0, 3.55556, 3.33333], "texture": "#0"}
			}
		},
		{
			"from": [22, -5, -8],
			"to": [24, 23, -6],
			"faces": {
				"north": {"uv": [11.77778, 10.33333, 12, 13.44444], "texture": "#0"},
				"east": {"uv": [11.55556, 10.33333, 11.77778, 13.44444], "texture": "#0"},
				"south": {"uv": [12.22222, 10.33333, 12.44444, 13.44444], "texture": "#0"},
				"west": {"uv": [12, 10.33333, 12.22222, 13.44444], "texture": "#0"},
				"up": {"uv": [12, 10.33333, 11.77778, 10.11111], "texture": "#0"},
				"down": {"uv": [12.22222, 10.11111, 12, 10.33333], "texture": "#0"}
			}
		},
		{
			"from": [-8, -5, -8],
			"to": [-6, 23, -6],
			"faces": {
				"north": {"uv": [11.66667, 3.44444, 11.88889, 6.55556], "texture": "#0"},
				"east": {"uv": [11.44444, 3.44444, 11.66667, 6.55556], "texture": "#0"},
				"south": {"uv": [12.11111, 3.44444, 12.33333, 6.55556], "texture": "#0"},
				"west": {"uv": [11.88889, 3.44444, 12.11111, 6.55556], "texture": "#0"},
				"up": {"uv": [11.88889, 3.44444, 11.66667, 3.22222], "texture": "#0"},
				"down": {"uv": [12.11111, 3.22222, 11.88889, 3.44444], "texture": "#0"}
			}
		},
		{
			"from": [-8, -5, 22],
			"to": [-6, 23, 24],
			"faces": {
				"north": {"uv": [10.77778, 10.33333, 11, 13.44444], "texture": "#0"},
				"east": {"uv": [10.55556, 10.33333, 10.77778, 13.44444], "texture": "#0"},
				"south": {"uv": [11.22222, 10.33333, 11.44444, 13.44444], "texture": "#0"},
				"west": {"uv": [11, 10.33333, 11.22222, 13.44444], "texture": "#0"},
				"up": {"uv": [11, 10.33333, 10.77778, 10.11111], "texture": "#0"},
				"down": {"uv": [11.22222, 10.11111, 11, 10.33333], "texture": "#0"}
			}
		},
		{
			"from": [22, -5, 22],
			"to": [24, 23, 24],
			"faces": {
				"north": {"uv": [9.77778, 10.33333, 10, 13.44444], "texture": "#0"},
				"east": {"uv": [9.55556, 10.33333, 9.77778, 13.44444], "texture": "#0"},
				"south": {"uv": [10.22222, 10.33333, 10.44444, 13.44444], "texture": "#0"},
				"west": {"uv": [10, 10.33333, 10.22222, 13.44444], "texture": "#0"},
				"up": {"uv": [10, 10.33333, 9.77778, 10.11111], "texture": "#0"},
				"down": {"uv": [10.22222, 10.11111, 10, 10.33333], "texture": "#0"}
			}
		},
		{
			"from": [-8, -7, -8],
			"to": [22, -5, -6],
			"faces": {
				"north": {"uv": [7.44444, 7.88889, 10.77778, 8.11111], "texture": "#0"},
				"east": {"uv": [7.22222, 7.88889, 7.44444, 8.11111], "texture": "#0"},
				"south": {"uv": [11, 7.88889, 14.33333, 8.11111], "texture": "#0"},
				"west": {"uv": [10.77778, 7.88889, 11, 8.11111], "texture": "#0"},
				"up": {"uv": [10.77778, 7.88889, 7.44444, 7.66667], "texture": "#0"},
				"down": {"uv": [14.11111, 7.66667, 10.77778, 7.88889], "texture": "#0"}
			}
		},
		{
			"from": [-8, 23, -8],
			"to": [22, 25, -6],
			"faces": {
				"north": {"uv": [0.22222, 7.88889, 3.55556, 8.11111], "texture": "#0"},
				"east": {"uv": [0, 7.88889, 0.22222, 8.11111], "texture": "#0"},
				"south": {"uv": [3.77778, 7.88889, 7.11111, 8.11111], "texture": "#0"},
				"west": {"uv": [3.55556, 7.88889, 3.77778, 8.11111], "texture": "#0"},
				"up": {"uv": [3.55556, 7.88889, 0.22222, 7.66667], "texture": "#0"},
				"down": {"uv": [6.88889, 7.66667, 3.55556, 7.88889], "texture": "#0"}
			}
		},
		{
			"from": [1, 0, 0],
			"to": [16, 1, 1],
			"faces": {
				"north": {"uv": [7.88889, 6, 9.55556, 6.11111], "texture": "#0"},
				"east": {"uv": [7.77778, 6, 7.88889, 6.11111], "texture": "#0"},
				"south": {"uv": [9.66667, 6, 11.33333, 6.11111], "texture": "#0"},
				"west": {"uv": [9.55556, 6, 9.66667, 6.11111], "texture": "#0"},
				"up": {"uv": [9.55556, 6, 7.88889, 5.88889], "texture": "#0"},
				"down": {"uv": [11.22222, 5.88889, 9.55556, 6], "texture": "#0"}
			}
		},
		{
			"from": [1, 15, 0],
			"to": [16, 16, 1],
			"faces": {
				"north": {"uv": [7.88889, 3.33333, 9.55556, 3.44444], "texture": "#0"},
				"east": {"uv": [7.77778, 3.33333, 7.88889, 3.44444], "texture": "#0"},
				"south": {"uv": [9.66667, 3.33333, 11.33333, 3.44444], "texture": "#0"},
				"west": {"uv": [9.55556, 3.33333, 9.66667, 3.44444], "texture": "#0"},
				"up": {"uv": [9.55556, 3.33333, 7.88889, 3.22222], "texture": "#0"},
				"down": {"uv": [11.22222, 3.22222, 9.55556, 3.33333], "texture": "#0"}
			}
		},
		{
			"from": [15, -7, 0],
			"to": [25, 25, 0],
			"rotation": {"angle": 45, "axis": "y", "origin": [16, 15, 0]},
			"faces": {
				"north": {"uv": [4.66667, 8.22222, 5.77778, 11.77778], "texture": "#0"},
				"east": {"uv": [4.66667, 8.22222, 4.66667, 11.77778], "texture": "#0"},
				"south": {"uv": [5.77778, 8.22222, 6.88889, 11.77778], "texture": "#0"},
				"west": {"uv": [5.77778, 8.22222, 5.77778, 11.77778], "texture": "#0"},
				"up": {"uv": [5.77778, 8.22222, 4.66667, 8.22222], "texture": "#0"},
				"down": {"uv": [6.88889, 8.22222, 5.77778, 8.22222], "texture": "#0"}
			}
		},
		{
			"from": [0, 0, 15],
			"to": [15, 1, 16],
			"faces": {
				"north": {"uv": [0.11111, 7.44444, 1.77778, 7.55556], "texture": "#0"},
				"east": {"uv": [0, 7.44444, 0.11111, 7.55556], "texture": "#0"},
				"south": {"uv": [1.88889, 7.44444, 3.55556, 7.55556], "texture": "#0"},
				"west": {"uv": [1.77778, 7.44444, 1.88889, 7.55556], "texture": "#0"},
				"up": {"uv": [1.77778, 7.44444, 0.11111, 7.33333], "texture": "#0"},
				"down": {"uv": [3.44444, 7.33333, 1.77778, 7.44444], "texture": "#0"}
			}
		},
		{
			"from": [0, 15, 15],
			"to": [15, 16, 16],
			"faces": {
				"north": {"uv": [4, 0.11111, 5.66667, 0.22222], "texture": "#0"},
				"east": {"uv": [3.88889, 0.11111, 4, 0.22222], "texture": "#0"},
				"south": {"uv": [5.77778, 0.11111, 7.44444, 0.22222], "texture": "#0"},
				"west": {"uv": [5.66667, 0.11111, 5.77778, 0.22222], "texture": "#0"},
				"up": {"uv": [5.66667, 0.11111, 4, 0], "texture": "#0"},
				"down": {"uv": [7.33333, 0, 5.66667, 0.11111], "texture": "#0"}
			}
		},
		{
			"from": [0, -7, 15],
			"to": [0, 25, 25],
			"rotation": {"angle": -45, "axis": "y", "origin": [0, 15, 16]},
			"faces": {
				"north": {"uv": [3.44444, 9.33333, 3.44444, 12.88889], "texture": "#0"},
				"east": {"uv": [2.33333, 9.33333, 3.44444, 12.88889], "texture": "#0"},
				"south": {"uv": [4.55556, 9.33333, 4.55556, 12.88889], "texture": "#0"},
				"west": {"uv": [3.44444, 9.33333, 4.55556, 12.88889], "texture": "#0"},
				"up": {"uv": [3.44444, 9.33333, 3.44444, 8.22222], "texture": "#0"},
				"down": {"uv": [3.44444, 8.22222, 3.44444, 9.33333], "texture": "#0"}
			}
		},
		{
			"from": [0, 0, 0],
			"to": [1, 1, 15],
			"faces": {
				"north": {"uv": [11.44444, 3, 11.55556, 3.11111], "texture": "#0"},
				"east": {"uv": [9.77778, 3, 11.44444, 3.11111], "texture": "#0"},
				"south": {"uv": [13.22222, 3, 13.33333, 3.11111], "texture": "#0"},
				"west": {"uv": [11.55556, 3, 13.22222, 3.11111], "texture": "#0"},
				"up": {"uv": [11.55556, 3, 11.44444, 1.33333], "texture": "#0"},
				"down": {"uv": [11.66667, 1.33333, 11.55556, 3], "texture": "#0"}
			}
		},
		{
			"from": [0, 15, 0],
			"to": [1, 16, 15],
			"faces": {
				"north": {"uv": [11.22222, 9.88889, 11.33333, 10], "texture": "#0"},
				"east": {"uv": [9.55556, 9.88889, 11.22222, 10], "texture": "#0"},
				"south": {"uv": [13, 9.88889, 13.11111, 10], "texture": "#0"},
				"west": {"uv": [11.33333, 9.88889, 13, 10], "texture": "#0"},
				"up": {"uv": [11.33333, 9.88889, 11.22222, 8.22222], "texture": "#0"},
				"down": {"uv": [11.44444, 8.22222, 11.33333, 9.88889], "texture": "#0"}
			}
		},
		{
			"from": [-9, -7, 0],
			"to": [1, 25, 0],
			"rotation": {"angle": -45, "axis": "y", "origin": [0, 15, 0]},
			"faces": {
				"north": {"uv": [7.22222, 8.22222, 8.33333, 11.77778], "texture": "#0"},
				"east": {"uv": [7.22222, 8.22222, 7.22222, 11.77778], "texture": "#0"},
				"south": {"uv": [8.33333, 8.22222, 9.44444, 11.77778], "texture": "#0"},
				"west": {"uv": [8.33333, 8.22222, 8.33333, 11.77778], "texture": "#0"},
				"up": {"uv": [8.33333, 8.22222, 7.22222, 8.22222], "texture": "#0"},
				"down": {"uv": [9.44444, 8.22222, 8.33333, 8.22222], "texture": "#0"}
			}
		},
		{
			"from": [15, 0, 1],
			"to": [16, 1, 16],
			"faces": {
				"north": {"uv": [9.44444, 5.66667, 9.55556, 5.77778], "texture": "#0"},
				"east": {"uv": [7.77778, 5.66667, 9.44444, 5.77778], "texture": "#0"},
				"south": {"uv": [11.22222, 5.66667, 11.33333, 5.77778], "texture": "#0"},
				"west": {"uv": [9.55556, 5.66667, 11.22222, 5.77778], "texture": "#0"},
				"up": {"uv": [9.55556, 5.66667, 9.44444, 4], "texture": "#0"},
				"down": {"uv": [9.66667, 4, 9.55556, 5.66667], "texture": "#0"}
			}
		},
		{
			"from": [15, 15, 1],
			"to": [16, 16, 16],
			"faces": {
				"north": {"uv": [9.44444, 2.77778, 9.55556, 2.88889], "texture": "#0"},
				"east": {"uv": [7.77778, 2.77778, 9.44444, 2.88889], "texture": "#0"},
				"south": {"uv": [11.22222, 2.77778, 11.33333, 2.88889], "texture": "#0"},
				"west": {"uv": [9.55556, 2.77778, 11.22222, 2.88889], "texture": "#0"},
				"up": {"uv": [9.55556, 2.77778, 9.44444, 1.11111], "texture": "#0"},
				"down": {"uv": [9.66667, 1.11111, 9.55556, 2.77778], "texture": "#0"}
			}
		},
		{
			"from": [16, -7, 15],
			"to": [16, 25, 25],
			"rotation": {"angle": 45, "axis": "y", "origin": [16, 15, 16]},
			"faces": {
				"north": {"uv": [1.11111, 9.33333, 1.11111, 12.88889], "texture": "#0"},
				"east": {"uv": [0, 9.33333, 1.11111, 12.88889], "texture": "#0"},
				"south": {"uv": [2.22222, 9.33333, 2.22222, 12.88889], "texture": "#0"},
				"west": {"uv": [1.11111, 9.33333, 2.22222, 12.88889], "texture": "#0"},
				"up": {"uv": [1.11111, 9.33333, 1.11111, 8.22222], "texture": "#0"},
				"down": {"uv": [1.11111, 8.22222, 1.11111, 9.33333], "texture": "#0"}
			}
		},
		{
			"from": [15, 1, 15],
			"to": [16, 15, 16],
			"faces": {
				"north": {"uv": [1.77778, 0.11111, 1.88889, 1.66667], "texture": "#0"},
				"east": {"uv": [1.66667, 0.11111, 1.77778, 1.66667], "texture": "#0"},
				"south": {"uv": [2, 0.11111, 2.11111, 1.66667], "texture": "#0"},
				"west": {"uv": [1.88889, 0.11111, 2, 1.66667], "texture": "#0"},
				"up": {"uv": [1.88889, 0.11111, 1.77778, 0], "texture": "#0"},
				"down": {"uv": [2, 0, 1.88889, 0.11111], "texture": "#0"}
			}
		},
		{
			"from": [15, 1, 0],
			"to": [16, 15, 1],
			"faces": {
				"north": {"uv": [1.22222, 0.11111, 1.33333, 1.66667], "texture": "#0"},
				"east": {"uv": [1.11111, 0.11111, 1.22222, 1.66667], "texture": "#0"},
				"south": {"uv": [1.44444, 0.11111, 1.55556, 1.66667], "texture": "#0"},
				"west": {"uv": [1.33333, 0.11111, 1.44444, 1.66667], "texture": "#0"},
				"up": {"uv": [1.33333, 0.11111, 1.22222, 0], "texture": "#0"},
				"down": {"uv": [1.44444, 0, 1.33333, 0.11111], "texture": "#0"}
			}
		},
		{
			"from": [0, 1, 0],
			"to": [1, 15, 1],
			"faces": {
				"north": {"uv": [0.66667, 0.11111, 0.77778, 1.66667], "texture": "#0"},
				"east": {"uv": [0.55556, 0.11111, 0.66667, 1.66667], "texture": "#0"},
				"south": {"uv": [0.88889, 0.11111, 1, 1.66667], "texture": "#0"},
				"west": {"uv": [0.77778, 0.11111, 0.88889, 1.66667], "texture": "#0"},
				"up": {"uv": [0.77778, 0.11111, 0.66667, 0], "texture": "#0"},
				"down": {"uv": [0.88889, 0, 0.77778, 0.11111], "texture": "#0"}
			}
		},
		{
			"from": [0, 1, 15],
			"to": [1, 15, 16],
			"faces": {
				"north": {"uv": [0.11111, 0.11111, 0.22222, 1.66667], "texture": "#0"},
				"east": {"uv": [0, 0.11111, 0.11111, 1.66667], "texture": "#0"},
				"south": {"uv": [0.33333, 0.11111, 0.44444, 1.66667], "texture": "#0"},
				"west": {"uv": [0.22222, 0.11111, 0.33333, 1.66667], "texture": "#0"},
				"up": {"uv": [0.22222, 0.11111, 0.11111, 0], "texture": "#0"},
				"down": {"uv": [0.33333, 0, 0.22222, 0.11111], "texture": "#0"}
			}
		}
	],
	"gui_light": "front",
	"display": {
		"thirdperson_righthand": {
			"rotation": [0, 45, 0],
			"translation": [0, 2, 0],
			"scale": [0.1, 0.1, 0.1]
		},
		"thirdperson_lefthand": {
			"rotation": [0, 45, 0],
			"translation": [0, 2, 0],
			"scale": [0.1, 0.1, 0.1]
		},
		"firstperson_righthand": {
			"rotation": [-6.5, 1, 6.5],
			"translation": [0, 2, 0],
			"scale": [0.2, 0.2, 0.2]
		},
		"firstperson_lefthand": {
			"rotation": [6.5, 1, 6.5],
			"translation": [0, 2, 0],
			"scale": [0.2, 0.2, 0.2]
		},
		"ground": {
			"rotation": [45, 0, 45],
			"translation": [0, 1.5, 0],
			"scale": [0.2, 0.2, 0.2]
		},
		"gui": {
			"rotation": [25, 45, 0],
			"scale": [0.3, 0.3, 0.3]
		},
		"fixed": {
			"translation": [0, 0, -4],
			"scale": [0.2, 0.2, 0.2]
		}
	},
	"groups": [
		{
			"name": "group",
			"origin": [8, 8, 8],
			"color": 0,
			"children": [
				0,
				1,
				2,
				3,
				4,
				5,
				6,
				7,
				8,
				9,
				10,
				11,
				{
					"name": "group",
					"origin": [8, 8, 8],
					"color": 0,
					"children": [12, 13, 14, 15, 16, 17, 18, 19, 20, 21, 22, 23, 24, 25, 26, 27]
				}
			]
		}
	]
}