{
	"credit": "Made with Blockbench",
	"texture_size": [64, 64],
	"textures": {
		"0": "minecraft:item/treasure/active/20_",
		"particle": "minecraft:item/treasure/active/20_"
	},
	"elements": [
		{
			"from": [8, -10, 7],
			"to": [9, 14, 8],
			"rotation": {"angle": 0, "axis": "y", "origin": [6.5, 0, 6.5]},
			"faces": {
				"north": {"uv": [0.5, 0.5, 1, 6.75], "texture": "#0"},
				"east": {"uv": [0, 0.5, 0.5, 6.75], "texture": "#0"},
				"south": {"uv": [1.5, 0.5, 2, 6.75], "texture": "#0"},
				"west": {"uv": [1, 0.5, 1.5, 6.75], "texture": "#0"},
				"up": {"uv": [1, 0.5, 0.5, 0], "texture": "#0"},
				"down": {"uv": [1.5, 0, 1, 0.5], "texture": "#0"}
			}
		},
		{
			"from": [7.8, 3.3, 6.8],
			"to": [9.2, 8.7, 8.2],
			"rotation": {"angle": 0, "axis": "y", "origin": [8.5, 5, 7.5]},
			"faces": {
				"north": {"uv": [2.75, 0.5, 3.25, 2], "texture": "#0"},
				"east": {"uv": [2.25, 0.5, 2.75, 2], "texture": "#0"},
				"south": {"uv": [3.75, 0.5, 4.25, 2], "texture": "#0"},
				"west": {"uv": [3.25, 0.5, 3.75, 2], "texture": "#0"},
				"up": {"uv": [3.25, 0.5, 2.75, 0], "texture": "#0"},
				"down": {"uv": [3.75, 0, 3.25, 0.5], "texture": "#0"}
			}
		},
		{
			"from": [7.7, 5.2, 6.7],
			"to": [9.3, 6.8, 8.3],
			"rotation": {"angle": 0, "axis": "y", "origin": [8.5, 5, 7.5]},
			"faces": {
				"north": {"uv": [2.75, 6, 3.25, 6.5], "texture": "#0"},
				"east": {"uv": [2.25, 6, 2.75, 6.5], "texture": "#0"},
				"south": {"uv": [3.75, 6, 4.25, 6.5], "texture": "#0"},
				"west": {"uv": [3.25, 6, 3.75, 6.5], "texture": "#0"},
				"up": {"uv": [3.25, 6, 2.75, 5.5], "texture": "#0"},
				"down": {"uv": [3.75, 5.5, 3.25, 6], "texture": "#0"}
			}
		},
		{
			"from": [7.5, 14.8, 6.5],
			"to": [9.5, 15.8, 8.5],
			"rotation": {"angle": 0, "axis": "y", "origin": [8.5, 19.2, 7.5]},
			"faces": {
				"north": {"uv": [7.25, 9.75, 7.75, 10], "texture": "#0"},
				"east": {"uv": [6.75, 9.75, 7.25, 10], "texture": "#0"},
				"south": {"uv": [8.25, 9.75, 8.75, 10], "texture": "#0"},
				"west": {"uv": [7.75, 9.75, 8.25, 10], "texture": "#0"},
				"up": {"uv": [7.75, 9.75, 7.25, 9.25], "texture": "#0"},
				"down": {"uv": [8.25, 9.25, 7.75, 9.75], "texture": "#0"}
			}
		},
		{
			"from": [7.7, 14, 6.7],
			"to": [9.3, 16.6, 8.3],
			"rotation": {"angle": 0, "axis": "y", "origin": [7.5, 15.8, 6.5]},
			"faces": {
				"north": {"uv": [5, 0.5, 5.5, 1.25], "texture": "#0"},
				"east": {"uv": [4.5, 0.5, 5, 1.25], "texture": "#0"},
				"south": {"uv": [6, 0.5, 6.5, 1.25], "texture": "#0"},
				"west": {"uv": [5.5, 0.5, 6, 1.25], "texture": "#0"},
				"up": {"uv": [5.5, 0.5, 5, 0], "texture": "#0"},
				"down": {"uv": [6, 0, 5.5, 0.5], "texture": "#0"}
			}
		},
		{
			"from": [7.9, 16.6, 6.9],
			"to": [9.1, 17.8, 8.1],
			"rotation": {"angle": -45, "axis": "y", "origin": [8.5, 19.2, 7.5]},
			"faces": {
				"north": {"uv": [7.25, 0.5, 7.75, 1], "texture": "#0"},
				"east": {"uv": [6.75, 0.5, 7.25, 1], "texture": "#0"},
				"south": {"uv": [8.25, 0.5, 8.75, 1], "texture": "#0"},
				"west": {"uv": [7.75, 0.5, 8.25, 1], "texture": "#0"},
				"up": {"uv": [7.75, 0.5, 7.25, 0], "texture": "#0"},
				"down": {"uv": [8.25, 0, 7.75, 0.5], "texture": "#0"}
			}
		},
		{
			"from": [8.1, 17.8, 7.1],
			"to": [8.9, 18.6, 7.9],
			"rotation": {"angle": -45, "axis": "y", "origin": [8.5, 19.2, 7.5]},
			"faces": {
				"north": {"uv": [2.75, 7.25, 3.25, 7.75], "texture": "#0"},
				"east": {"uv": [2.25, 7.25, 2.75, 7.75], "texture": "#0"},
				"south": {"uv": [3.75, 7.25, 4.25, 7.75], "texture": "#0"},
				"west": {"uv": [3.25, 7.25, 3.75, 7.75], "texture": "#0"},
				"up": {"uv": [3.25, 7.25, 2.75, 6.75], "texture": "#0"},
				"down": {"uv": [3.75, 6.75, 3.25, 7.25], "texture": "#0"}
			}
		},
		{
			"from": [9, -11, 7.5],
			"to": [15, -6, 7.5],
			"rotation": {"angle": 0, "axis": "y", "origin": [9, -9, 5.5]},
			"faces": {
				"north": {"uv": [11.25, 2.75, 14.25, 5.25], "texture": "#0"},
				"east": {"uv": [11.25, 1.75, 11.25, 3], "texture": "#0"},
				"south": {"uv": [11.25, 0.25, 14.25, 2.75], "texture": "#0"},
				"west": {"uv": [12.75, 1.75, 12.75, 3], "texture": "#0"},
				"up": {"uv": [12.75, 1.75, 11.25, 1.75], "texture": "#0"},
				"down": {"uv": [14.25, 1.75, 12.75, 1.75], "texture": "#0"}
			}
		},
		{
			"from": [6.2, -16, 7.5],
			"to": [11.2, -10, 7.5],
			"rotation": {"angle": 0, "axis": "y", "origin": [6, -14, 5.5]},
			"faces": {
				"north": {"uv": [4.575, 11.5, 7.075, 14.5], "texture": "#0"},
				"east": {"uv": [2.25, 10.5, 2.25, 12], "texture": "#0"},
				"south": {"uv": [7.1625, 11.5, 9.6625, 14.5], "texture": "#0"},
				"west": {"uv": [3.5, 10.5, 3.5, 12], "texture": "#0"},
				"up": {"uv": [3.5, 10.5, 2.25, 10.5], "texture": "#0"},
				"down": {"uv": [4.75, 10.5, 3.5, 10.5], "texture": "#0"}
			}
		},
		{
			"from": [2, -11, 7.5],
			"to": [8, -6, 7.5],
			"rotation": {"angle": 0, "axis": "y", "origin": [4, -9, 5.5]},
			"faces": {
				"north": {"uv": [12.875, 8, 15.875, 10.5], "texture": "#0"},
				"east": {"uv": [11.25, 13.5, 11.25, 14.75], "texture": "#0"},
				"south": {"uv": [12.875, 5.5, 15.875, 8], "texture": "#0"},
				"west": {"uv": [12.75, 13.5, 12.75, 14.75], "texture": "#0"},
				"up": {"uv": [12.75, 13.5, 11.25, 13.5], "texture": "#0"},
				"down": {"uv": [14.25, 13.5, 12.75, 13.5], "texture": "#0"}
			}
		},
		{
			"from": [8.07, 18.6, 8.03],
			"to": [9.07, 22.6, 8.03],
			"rotation": {"angle": 45, "axis": "y", "origin": [8.5, 20.6, 7.6]},
			"faces": {
				"north": {"uv": [10.25, 6.25, 10.5, 7.25], "texture": "#0"},
				"east": {"uv": [10.25, 6.25, 10.25, 7.25], "texture": "#0"},
				"south": {"uv": [10.5, 6.25, 10.75, 7.25], "texture": "#0"},
				"west": {"uv": [10.5, 6.25, 10.5, 7.25], "texture": "#0"},
				"up": {"uv": [10.5, 6.25, 10.25, 6.25], "texture": "#0"},
				"down": {"uv": [10.75, 6.25, 10.5, 6.25], "texture": "#0"}
			}
		},
		{
			"from": [8, 18.6, 7],
			"to": [9, 22.6, 7],
			"rotation": {"angle": 45, "axis": "y", "origin": [8.5, 20.6, 7.5]},
			"faces": {
				"north": {"uv": [6.75, 10.25, 7, 11.25], "texture": "#0"},
				"east": {"uv": [6.75, 10.25, 6.75, 11.25], "texture": "#0"},
				"south": {"uv": [7, 10.25, 7.25, 11.25], "texture": "#0"},
				"west": {"uv": [7, 10.25, 7, 11.25], "texture": "#0"},
				"up": {"uv": [7, 10.25, 6.75, 10.25], "texture": "#0"},
				"down": {"uv": [7.25, 10.25, 7, 10.25], "texture": "#0"}
			}
		},
		{
			"from": [9, 18.6, 7],
			"to": [9, 22.6, 8],
			"rotation": {"angle": 45, "axis": "y", "origin": [8.5, 21, 7.5]},
			"faces": {
				"north": {"uv": [1.5, 10, 1.5, 11], "texture": "#0"},
				"east": {"uv": [1.25, 10, 1.5, 11], "texture": "#0"},
				"south": {"uv": [1.75, 10, 1.75, 11], "texture": "#0"},
				"west": {"uv": [1.5, 10, 1.75, 11], "texture": "#0"},
				"up": {"uv": [1.5, 10, 1.5, 9.75], "texture": "#0"},
				"down": {"uv": [1.5, 9.75, 1.5, 10], "texture": "#0"}
			}
		},
		{
			"from": [8, 18.6, 7],
			"to": [8, 22.6, 8],
			"rotation": {"angle": 45, "axis": "y", "origin": [8.5, 1, 7.5]},
			"faces": {
				"north": {"uv": [10.5, 4, 10.5, 5], "texture": "#0"},
				"east": {"uv": [10.25, 4, 10.5, 5], "texture": "#0"},
				"south": {"uv": [10.75, 4, 10.75, 5], "texture": "#0"},
				"west": {"uv": [10.5, 4, 10.75, 5], "texture": "#0"},
				"up": {"uv": [10.5, 4, 10.5, 3.75], "texture": "#0"},
				"down": {"uv": [10.5, 3.75, 10.5, 4], "texture": "#0"}
			}
		},
		{
			"from": [7.7, 22.6, 6.7],
			"to": [9.3, 24.2, 8.3],
			"rotation": {"angle": 0, "axis": "y", "origin": [8.5, 23, 7.5]},
			"faces": {
				"north": {"uv": [4.75, 3.25, 5.25, 3.75], "texture": "#0"},
				"east": {"uv": [4.25, 3.25, 4.75, 3.75], "texture": "#0"},
				"south": {"uv": [5.75, 3.25, 6.25, 3.75], "texture": "#0"},
				"west": {"uv": [5.25, 3.25, 5.75, 3.75], "texture": "#0"},
				"up": {"uv": [5.25, 3.25, 4.75, 2.75], "texture": "#0"},
				"down": {"uv": [5.75, 2.75, 5.25, 3.25], "texture": "#0"}
			}
		},
		{
			"from": [8.6, 19.5, 7.1],
			"to": [9.4, 24.3, 7.9],
			"rotation": {"angle": 45, "axis": "z", "origin": [9.3, 24.2, 7.5]},
			"faces": {
				"north": {"uv": [7, 4.5, 7.25, 5.75], "texture": "#0"},
				"east": {"uv": [6.75, 4.5, 7, 5.75], "texture": "#0"},
				"south": {"uv": [7.5, 4.5, 7.75, 5.75], "texture": "#0"},
				"west": {"uv": [7.25, 4.5, 7.5, 5.75], "texture": "#0"},
				"up": {"uv": [7.25, 4.5, 7, 4.25], "texture": "#0"},
				"down": {"uv": [7.5, 4.25, 7.25, 4.5], "texture": "#0"}
			}
		},
		{
			"from": [12.1, 15.3, 7.2],
			"to": [12.7, 20.9, 7.8],
			"rotation": {"angle": 0, "axis": "y", "origin": [11.9, 18, 7.5]},
			"faces": {
				"north": {"uv": [9.25, 9.5, 9.5, 11], "texture": "#0"},
				"east": {"uv": [9, 9.5, 9.25, 11], "texture": "#0"},
				"south": {"uv": [9.75, 9.5, 10, 11], "texture": "#0"},
				"west": {"uv": [9.5, 9.5, 9.75, 11], "texture": "#0"},
				"up": {"uv": [9.5, 9.5, 9.25, 9.25], "texture": "#0"},
				"down": {"uv": [9.75, 9.25, 9.5, 9.5], "texture": "#0"}
			}
		},
		{
			"from": [14, 13.7, 7.4],
			"to": [14.4, 14.1, 7.8],
			"rotation": {"angle": 45, "axis": "z", "origin": [11.6, 12.4, 7.6]},
			"faces": {
				"north": {"uv": [2.5, 2.5, 2.75, 2.75], "texture": "#0"},
				"east": {"uv": [2.25, 2.5, 2.5, 2.75], "texture": "#0"},
				"south": {"uv": [3, 2.5, 3.25, 2.75], "texture": "#0"},
				"west": {"uv": [2.75, 2.5, 3, 2.75], "texture": "#0"},
				"up": {"uv": [2.75, 2.5, 2.5, 2.25], "texture": "#0"},
				"down": {"uv": [3, 2.25, 2.75, 2.5], "texture": "#0"}
			}
		},
		{
			"from": [14, 13.7, 7.2],
			"to": [14.4, 14.1, 7.6],
			"rotation": {"angle": 45, "axis": "z", "origin": [11.6, 12.4, 7.4]},
			"faces": {
				"north": {"uv": [7.75, 10.5, 8, 10.75], "texture": "#0"},
				"east": {"uv": [7.5, 10.5, 7.75, 10.75], "texture": "#0"},
				"south": {"uv": [8.25, 10.5, 8.5, 10.75], "texture": "#0"},
				"west": {"uv": [8, 10.5, 8.25, 10.75], "texture": "#0"},
				"up": {"uv": [8, 10.5, 7.75, 10.25], "texture": "#0"},
				"down": {"uv": [8.25, 10.25, 8, 10.5], "texture": "#0"}
			}
		},
		{
			"from": [6.7, 14.8, 7.2],
			"to": [7.1, 15.2, 7.6],
			"rotation": {"angle": 45, "axis": "z", "origin": [5.4, 12.4, 7.4]},
			"faces": {
				"north": {"uv": [2.5, 3.25, 2.75, 3.5], "texture": "#0"},
				"east": {"uv": [2.25, 3.25, 2.5, 3.5], "texture": "#0"},
				"south": {"uv": [3, 3.25, 3.25, 3.5], "texture": "#0"},
				"west": {"uv": [2.75, 3.25, 3, 3.5], "texture": "#0"},
				"up": {"uv": [2.75, 3.25, 2.5, 3], "texture": "#0"},
				"down": {"uv": [3, 3, 2.75, 3.25], "texture": "#0"}
			}
		},
		{
			"from": [6.7, 14.8, 7.4],
			"to": [7.1, 15.2, 7.8],
			"rotation": {"angle": 45, "axis": "z", "origin": [5.4, 12.4, 7.6]},
			"faces": {
				"north": {"uv": [3.75, 2.5, 4, 2.75], "texture": "#0"},
				"east": {"uv": [3.5, 2.5, 3.75, 2.75], "texture": "#0"},
				"south": {"uv": [4.25, 2.5, 4.5, 2.75], "texture": "#0"},
				"west": {"uv": [4, 2.5, 4.25, 2.75], "texture": "#0"},
				"up": {"uv": [4, 2.5, 3.75, 2.25], "texture": "#0"},
				"down": {"uv": [4.25, 2.25, 4, 2.5], "texture": "#0"}
			}
		},
		{
			"from": [13.1, 15, 7.3],
			"to": [13.5, 16.4, 7.7],
			"rotation": {"angle": 22.5, "axis": "z", "origin": [11.7, 12.6, 7.5]},
			"faces": {
				"north": {"uv": [9.75, 1.5, 10, 2], "texture": "#0"},
				"east": {"uv": [9.5, 1.5, 9.75, 2], "texture": "#0"},
				"south": {"uv": [10.25, 1.5, 10.5, 2], "texture": "#0"},
				"west": {"uv": [10, 1.5, 10.25, 2], "texture": "#0"},
				"up": {"uv": [10, 1.5, 9.75, 1.25], "texture": "#0"},
				"down": {"uv": [10.25, 1.25, 10, 1.5], "texture": "#0"}
			}
		},
		{
			"from": [4.3, 15.3, 7.2],
			"to": [4.9, 20.9, 7.8],
			"rotation": {"angle": 0, "axis": "y", "origin": [5.7, 18, 7.5]},
			"faces": {
				"north": {"uv": [0.25, 10, 0.5, 11.5], "texture": "#0"},
				"east": {"uv": [0, 10, 0.25, 11.5], "texture": "#0"},
				"south": {"uv": [0.75, 10, 1, 11.5], "texture": "#0"},
				"west": {"uv": [0.5, 10, 0.75, 11.5], "texture": "#0"},
				"up": {"uv": [0.5, 10, 0.25, 9.75], "texture": "#0"},
				"down": {"uv": [0.75, 9.75, 0.5, 10], "texture": "#0"}
			}
		},
		{
			"from": [3.5, 15, 7.3],
			"to": [3.9, 16.4, 7.7],
			"rotation": {"angle": -22.5, "axis": "z", "origin": [5.3, 12.6, 7.5]},
			"faces": {
				"north": {"uv": [10.5, 5.5, 10.75, 6], "texture": "#0"},
				"east": {"uv": [10.25, 5.5, 10.5, 6], "texture": "#0"},
				"south": {"uv": [11, 5.5, 11.25, 6], "texture": "#0"},
				"west": {"uv": [10.75, 5.5, 11, 6], "texture": "#0"},
				"up": {"uv": [10.75, 5.5, 10.5, 5.25], "texture": "#0"},
				"down": {"uv": [11, 5.25, 10.75, 5.5], "texture": "#0"}
			}
		},
		{
			"from": [7.6, 19.5, 7.1],
			"to": [8.4, 24.3, 7.9],
			"rotation": {"angle": -45, "axis": "z", "origin": [7.7, 24.2, 7.5]},
			"faces": {
				"north": {"uv": [4.75, 7, 5, 8.25], "texture": "#0"},
				"east": {"uv": [4.5, 7, 4.75, 8.25], "texture": "#0"},
				"south": {"uv": [5.25, 7, 5.5, 8.25], "texture": "#0"},
				"west": {"uv": [5, 7, 5.25, 8.25], "texture": "#0"},
				"up": {"uv": [5, 7, 4.75, 6.75], "texture": "#0"},
				"down": {"uv": [5.25, 6.75, 5, 7], "texture": "#0"}
			}
		},
		{
			"from": [8, 25.2, 7],
			"to": [9, 27.2, 8],
			"rotation": {"angle": 0, "axis": "y", "origin": [8.5, 22.4, 7.5]},
			"faces": {
				"north": {"uv": [5, 5.75, 5.5, 6.5], "texture": "#0"},
				"east": {"uv": [4.5, 5.75, 5, 6.5], "texture": "#0"},
				"south": {"uv": [6, 5.75, 6.5, 6.5], "texture": "#0"},
				"west": {"uv": [5.5, 5.75, 6, 6.5], "texture": "#0"},
				"up": {"uv": [5.5, 5.75, 5, 5.25], "texture": "#0"},
				"down": {"uv": [6, 5.25, 5.5, 5.75], "texture": "#0"}
			}
		},
		{
			"from": [8, 24.2, 7.3],
			"to": [9, 25.2, 8.3],
			"rotation": {"angle": 0, "axis": "y", "origin": [8.5, 21.4, 7.8]},
			"faces": {
				"north": {"uv": [6.25, 7.25, 6.75, 7.75], "texture": "#0"},
				"east": {"uv": [5.75, 7.25, 6.25, 7.75], "texture": "#0"},
				"south": {"uv": [7.25, 7.25, 7.75, 7.75], "texture": "#0"},
				"west": {"uv": [6.75, 7.25, 7.25, 7.75], "texture": "#0"},
				"up": {"uv": [6.75, 7.25, 6.25, 6.75], "texture": "#0"},
				"down": {"uv": [7.25, 6.75, 6.75, 7.25], "texture": "#0"}
			}
		},
		{
			"from": [8.3, 24.2, 7],
			"to": [9.3, 25.2, 8],
			"rotation": {"angle": 0, "axis": "y", "origin": [8.8, 21.4, 7.5]},
			"faces": {
				"north": {"uv": [0.5, 7.75, 1, 8.25], "texture": "#0"},
				"east": {"uv": [0, 7.75, 0.5, 8.25], "texture": "#0"},
				"south": {"uv": [1.5, 7.75, 2, 8.25], "texture": "#0"},
				"west": {"uv": [1, 7.75, 1.5, 8.25], "texture": "#0"},
				"up": {"uv": [1, 7.75, 0.5, 7.25], "texture": "#0"},
				"down": {"uv": [1.5, 7.25, 1, 7.75], "texture": "#0"}
			}
		},
		{
			"from": [7.7, 24.2, 7],
			"to": [8.7, 25.2, 8],
			"rotation": {"angle": 0, "axis": "y", "origin": [8.2, 21.4, 7.5]},
			"faces": {
				"north": {"uv": [7.75, 1.75, 8.25, 2.25], "texture": "#0"},
				"east": {"uv": [7.25, 1.75, 7.75, 2.25], "texture": "#0"},
				"south": {"uv": [8.75, 1.75, 9.25, 2.25], "texture": "#0"},
				"west": {"uv": [8.25, 1.75, 8.75, 2.25], "texture": "#0"},
				"up": {"uv": [8.25, 1.75, 7.75, 1.25], "texture": "#0"},
				"down": {"uv": [8.75, 1.25, 8.25, 1.75], "texture": "#0"}
			}
		},
		{
			"from": [8, 24.2, 6.7],
			"to": [9, 25.2, 7.7],
			"rotation": {"angle": 0, "axis": "y", "origin": [8.5, 22.4, 7.2]},
			"faces": {
				"north": {"uv": [2.75, 8.5, 3.25, 9], "texture": "#0"},
				"east": {"uv": [2.25, 8.5, 2.75, 9], "texture": "#0"},
				"south": {"uv": [3.75, 8.5, 4.25, 9], "texture": "#0"},
				"west": {"uv": [3.25, 8.5, 3.75, 9], "texture": "#0"},
				"up": {"uv": [3.25, 8.5, 2.75, 8], "texture": "#0"},
				"down": {"uv": [3.75, 8, 3.25, 8.5], "texture": "#0"}
			}
		},
		{
			"from": [8.2, 26.8, 7.2],
			"to": [8.8, 29.4, 7.8],
			"rotation": {"angle": 0, "axis": "y", "origin": [8.5, 22, 7.5]},
			"faces": {
				"north": {"uv": [2.75, 4.25, 3.25, 5.25], "texture": "#0"},
				"east": {"uv": [2.25, 4.25, 2.75, 5.25], "texture": "#0"},
				"south": {"uv": [3.75, 4.25, 4.25, 5.25], "texture": "#0"},
				"west": {"uv": [3.25, 4.25, 3.75, 5.25], "texture": "#0"},
				"up": {"uv": [3.25, 4.25, 2.75, 3.75], "texture": "#0"},
				"down": {"uv": [3.75, 3.75, 3.25, 4.25], "texture": "#0"}
			}
		},
		{
			"from": [8.2, 27.2, 7.4],
			"to": [8.8, 27.8, 8],
			"rotation": {"angle": 0, "axis": "y", "origin": [8.5, 22.4, 7.7]},
			"faces": {
				"north": {"uv": [8.5, 4.75, 9, 5.25], "texture": "#0"},
				"east": {"uv": [8, 4.75, 8.5, 5.25], "texture": "#0"},
				"south": {"uv": [9.5, 4.75, 10, 5.25], "texture": "#0"},
				"west": {"uv": [9, 4.75, 9.5, 5.25], "texture": "#0"},
				"up": {"uv": [9, 4.75, 8.5, 4.25], "texture": "#0"},
				"down": {"uv": [9.5, 4.25, 9, 4.75], "texture": "#0"}
			}
		},
		{
			"from": [8.2, 27.2, 7],
			"to": [8.8, 27.8, 7.6],
			"rotation": {"angle": 0, "axis": "y", "origin": [8.5, 22.4, 7.3]},
			"faces": {
				"north": {"uv": [8.5, 6, 9, 6.5], "texture": "#0"},
				"east": {"uv": [8, 6, 8.5, 6.5], "texture": "#0"},
				"south": {"uv": [9.5, 6, 10, 6.5], "texture": "#0"},
				"west": {"uv": [9, 6, 9.5, 6.5], "texture": "#0"},
				"up": {"uv": [9, 6, 8.5, 5.5], "texture": "#0"},
				"down": {"uv": [9.5, 5.5, 9, 6], "texture": "#0"}
			}
		},
		{
			"from": [8, 27.2, 7.2],
			"to": [8.6, 27.8, 7.8],
			"rotation": {"angle": 0, "axis": "y", "origin": [8.3, 22.4, 7.5]},
			"faces": {
				"north": {"uv": [6.25, 8.5, 6.75, 9], "texture": "#0"},
				"east": {"uv": [5.75, 8.5, 6.25, 9], "texture": "#0"},
				"south": {"uv": [7.25, 8.5, 7.75, 9], "texture": "#0"},
				"west": {"uv": [6.75, 8.5, 7.25, 9], "texture": "#0"},
				"up": {"uv": [6.75, 8.5, 6.25, 8], "texture": "#0"},
				"down": {"uv": [7.25, 8, 6.75, 8.5], "texture": "#0"}
			}
		},
		{
			"from": [8.4, 27.2, 7.2],
			"to": [9, 27.8, 7.8],
			"rotation": {"angle": 0, "axis": "y", "origin": [8.7, 22.4, 7.5]},
			"faces": {
				"north": {"uv": [8.5, 7.25, 9, 7.75], "texture": "#0"},
				"east": {"uv": [8, 7.25, 8.5, 7.75], "texture": "#0"},
				"south": {"uv": [9.5, 7.25, 10, 7.75], "texture": "#0"},
				"west": {"uv": [9, 7.25, 9.5, 7.75], "texture": "#0"},
				"up": {"uv": [9, 7.25, 8.5, 6.75], "texture": "#0"},
				"down": {"uv": [9.5, 6.75, 9, 7.25], "texture": "#0"}
			}
		},
		{
			"from": [8.41, 29.01, 7.41],
			"to": [8.79, 29.39, 7.79],
			"rotation": {"angle": 0, "axis": "y", "origin": [8.6, 22.1, 7.6]},
			"faces": {
				"north": {"uv": [8.5, 8.5, 9, 9], "texture": "#0"},
				"east": {"uv": [8, 8.5, 8.5, 9], "texture": "#0"},
				"south": {"uv": [9.5, 8.5, 10, 9], "texture": "#0"},
				"west": {"uv": [9, 8.5, 9.5, 9], "texture": "#0"},
				"up": {"uv": [9, 8.5, 8.5, 8], "texture": "#0"},
				"down": {"uv": [9.5, 8, 9, 8.5], "texture": "#0"}
			}
		},
		{
			"from": [8.41, 29.01, 7.21],
			"to": [8.79, 29.39, 7.59],
			"rotation": {"angle": 0, "axis": "y", "origin": [8.6, 22.1, 7.4]},
			"faces": {
				"north": {"uv": [0.5, 9, 1, 9.5], "texture": "#0"},
				"east": {"uv": [0, 9, 0.5, 9.5], "texture": "#0"},
				"south": {"uv": [1.5, 9, 2, 9.5], "texture": "#0"},
				"west": {"uv": [1, 9, 1.5, 9.5], "texture": "#0"},
				"up": {"uv": [1, 9, 0.5, 8.5], "texture": "#0"},
				"down": {"uv": [1.5, 8.5, 1, 9], "texture": "#0"}
			}
		},
		{
			"from": [8.21, 29.01, 7.21],
			"to": [8.59, 29.39, 7.59],
			"rotation": {"angle": 0, "axis": "y", "origin": [8.4, 22.1, 7.4]},
			"faces": {
				"north": {"uv": [9.5, 0.5, 10, 1], "texture": "#0"},
				"east": {"uv": [9, 0.5, 9.5, 1], "texture": "#0"},
				"south": {"uv": [10.5, 0.5, 11, 1], "texture": "#0"},
				"west": {"uv": [10, 0.5, 10.5, 1], "texture": "#0"},
				"up": {"uv": [10, 0.5, 9.5, 0], "texture": "#0"},
				"down": {"uv": [10.5, 0, 10, 0.5], "texture": "#0"}
			}
		},
		{
			"from": [8.21, 29.01, 7.41],
			"to": [8.59, 29.39, 7.79],
			"rotation": {"angle": 0, "axis": "y", "origin": [8.4, 22.1, 7.6]},
			"faces": {
				"north": {"uv": [8, 3, 8.5, 3.5], "texture": "#0"},
				"east": {"uv": [7.5, 3, 8, 3.5], "texture": "#0"},
				"south": {"uv": [9, 3, 9.5, 3.5], "texture": "#0"},
				"west": {"uv": [8.5, 3, 9, 3.5], "texture": "#0"},
				"up": {"uv": [8.5, 3, 8, 2.5], "texture": "#0"},
				"down": {"uv": [9, 2.5, 8.5, 3], "texture": "#0"}
			}
		},
		{
			"from": [8.31, 29.21, 7.41],
			"to": [8.69, 29.59, 7.79],
			"rotation": {"angle": -45, "axis": "z", "origin": [8.5, 29.4, 7.6]},
			"faces": {
				"north": {"uv": [2.75, 9.75, 3.25, 10.25], "texture": "#0"},
				"east": {"uv": [2.25, 9.75, 2.75, 10.25], "texture": "#0"},
				"south": {"uv": [3.75, 9.75, 4.25, 10.25], "texture": "#0"},
				"west": {"uv": [3.25, 9.75, 3.75, 10.25], "texture": "#0"},
				"up": {"uv": [3.25, 9.75, 2.75, 9.25], "texture": "#0"},
				"down": {"uv": [3.75, 9.25, 3.25, 9.75], "texture": "#0"}
			}
		},
		{
			"from": [8.31, 29.21, 7.21],
			"to": [8.69, 29.59, 7.59],
			"rotation": {"angle": -45, "axis": "z", "origin": [8.5, 29.4, 7.4]},
			"faces": {
				"north": {"uv": [5, 9.75, 5.5, 10.25], "texture": "#0"},
				"east": {"uv": [4.5, 9.75, 5, 10.25], "texture": "#0"},
				"south": {"uv": [6, 9.75, 6.5, 10.25], "texture": "#0"},
				"west": {"uv": [5.5, 9.75, 6, 10.25], "texture": "#0"},
				"up": {"uv": [5.5, 9.75, 5, 9.25], "texture": "#0"},
				"down": {"uv": [6, 9.25, 5.5, 9.75], "texture": "#0"}
			}
		}
	],
	"gui_light": "front",
	"display": {
		"thirdperson_righthand": {
			"rotation": [45, 90, -45],
			"translation": [0, 10, 1.5],
			"scale": [1, 1.5, 1]
		},
		"thirdperson_lefthand": {
			"rotation": [45, 90, -45],
			"translation": [0, 10, 1.5],
			"scale": [1, 1.5, 1]
		},
		"firstperson_righthand": {
			"rotation": [83, -60, 176],
			"translation": [0, 13, 0],
			"scale": [1, 1.5, 1]
		},
		"firstperson_lefthand": {
			"rotation": [83, -60, 176],
			"translation": [0, 13, 0],
			"scale": [1, 1.5, 1]
		},
		"ground": {
			"rotation": [0, 90, -180],
			"translation": [0, 39.25, 0],
			"scale": [1.5, 2, 1.5]
		},
		"gui": {
			"rotation": [25, 62, 47],
			"translation": [0.25, -0.25, 0],
			"scale": [0.5, 1, 0.5]
		},
		"fixed": {
			"rotation": [110, 90, 0],
			"translation": [2, 16.5, -53.5],
			"scale": [3.5, 4, 3.5]
		}
	},
	"groups": [
		{
			"name": "group",
			"origin": [8, 8, 8],
			"color": 0,
			"children": [
				{
					"name": "group",
					"origin": [6.5, 0, 6.5],
					"color": 0,
					"children": [0, 1, 2, 3, 4, 5, 6]
				},
				{
					"name": "group",
					"origin": [8, 8, 8],
					"color": 0,
					"children": [7, 8, 9]
				},
				{
					"name": "group",
					"origin": [8, 8, 8],
					"color": 0,
					"children": [10, 11, 12, 13, 14, 15, 16, 17, 18, 19, 20, 21, 22, 23, 24, 25, 26, 27, 28, 29, 30, 31, 32, 33, 34, 35, 36, 37, 38, 39, 40]
				}
			]
		}
	]
}