{
	"credit": "Made with Blockbench",
	"texture_size": [64, 64],
	"textures": {
		"0": "block/apple",
		"particle": "block/apple"
	},
	"elements": [
		{
			"from": [5, -1, 5],
			"to": [11, 0, 11],
			"rotation": {"angle": 0, "axis": "y", "origin": [8, -13, 7]},
			"faces": {
				"north": {"uv": [1.5, 9, 3, 9.25], "texture": "#0"},
				"east": {"uv": [0, 9, 1.5, 9.25], "texture": "#0"},
				"south": {"uv": [4.5, 9, 6, 9.25], "texture": "#0"},
				"west": {"uv": [3, 9, 4.5, 9.25], "texture": "#0"},
				"up": {"uv": [3, 9, 1.5, 7.5], "texture": "#0"},
				"down": {"uv": [4.5, 7.5, 3, 9], "texture": "#0"}
			}
		},
		{
			"from": [4, 0, 4],
			"to": [12, 1, 12],
			"faces": {
				"north": {"uv": [2, 7, 4, 7.25], "texture": "#0"},
				"east": {"uv": [0, 7, 2, 7.25], "texture": "#0"},
				"south": {"uv": [6, 7, 8, 7.25], "texture": "#0"},
				"west": {"uv": [4, 7, 6, 7.25], "texture": "#0"},
				"up": {"uv": [4, 7, 2, 5], "texture": "#0"},
				"down": {"uv": [6, 5, 4, 7], "texture": "#0"}
			}
		},
		{
			"from": [3, 9, 3],
			"to": [13, 10, 7],
			"faces": {
				"north": {"uv": [9.5, 7.25, 12, 7.5], "texture": "#0"},
				"east": {"uv": [8.5, 7.25, 9.5, 7.5], "texture": "#0"},
				"south": {"uv": [13, 7.25, 15.5, 7.5], "texture": "#0"},
				"west": {"uv": [12, 7.25, 13, 7.5], "texture": "#0"},
				"up": {"uv": [12, 7.25, 9.5, 6.25], "texture": "#0"},
				"down": {"uv": [14.5, 6.25, 12, 7.25], "texture": "#0"}
			}
		},
		{
			"from": [3, 9, 9],
			"to": [13, 10, 13],
			"rotation": {"angle": 0, "axis": "y", "origin": [0, 0, 7]},
			"faces": {
				"north": {"uv": [9.5, 6, 12, 6.25], "texture": "#0"},
				"east": {"uv": [8.5, 6, 9.5, 6.25], "texture": "#0"},
				"south": {"uv": [13, 6, 15.5, 6.25], "texture": "#0"},
				"west": {"uv": [12, 6, 13, 6.25], "texture": "#0"},
				"up": {"uv": [12, 6, 9.5, 5], "texture": "#0"},
				"down": {"uv": [14.5, 5, 12, 6], "texture": "#0"}
			}
		},
		{
			"from": [3, 2, 14],
			"to": [13, 8, 15],
			"rotation": {"angle": 0, "axis": "y", "origin": [0, 0, 11]},
			"faces": {
				"north": {"uv": [6, 9.25, 8.5, 10.75], "texture": "#0"},
				"east": {"uv": [5.75, 9.25, 6, 10.75], "texture": "#0"},
				"south": {"uv": [8.75, 9.25, 11.25, 10.75], "texture": "#0"},
				"west": {"uv": [8.5, 9.25, 8.75, 10.75], "texture": "#0"},
				"up": {"uv": [8.5, 9.25, 6, 9], "texture": "#0"},
				"down": {"uv": [11, 9, 8.5, 9.25], "texture": "#0"}
			}
		},
		{
			"from": [14, 2, 3],
			"to": [15, 8, 13],
			"rotation": {"angle": 0, "axis": "y", "origin": [16, 0, 11]},
			"faces": {
				"north": {"uv": [8, 7.5, 8.25, 9], "texture": "#0"},
				"east": {"uv": [5.5, 7.5, 8, 9], "texture": "#0"},
				"south": {"uv": [10.75, 7.5, 11, 9], "texture": "#0"},
				"west": {"uv": [8.25, 7.5, 10.75, 9], "texture": "#0"},
				"up": {"uv": [8.25, 7.5, 8, 5], "texture": "#0"},
				"down": {"uv": [8.5, 5, 8.25, 7.5], "texture": "#0"}
			}
		},
		{
			"from": [8, 8, 7],
			"to": [9, 13, 8],
			"rotation": {"angle": 0, "axis": "y", "origin": [7, 8, 7]},
			"faces": {
				"north": {"uv": [1.75, 0.25, 2, 1.5], "texture": "#0"},
				"east": {"uv": [1.5, 0.25, 1.75, 1.5], "texture": "#0"},
				"south": {"uv": [2.25, 0.25, 2.5, 1.5], "texture": "#0"},
				"west": {"uv": [2, 0.25, 2.25, 1.5], "texture": "#0"},
				"up": {"uv": [2, 0.25, 1.75, 0], "texture": "#0"},
				"down": {"uv": [2.25, 0, 2, 0.25], "texture": "#0"}
			}
		},
		{
			"from": [3, 2, 1],
			"to": [13, 8, 2],
			"rotation": {"angle": 0, "axis": "y", "origin": [0, 0, -2]},
			"faces": {
				"north": {"uv": [9.25, 0.25, 11.75, 1.75], "texture": "#0"},
				"east": {"uv": [9, 0.25, 9.25, 1.75], "texture": "#0"},
				"south": {"uv": [12, 0.25, 14.5, 1.75], "texture": "#0"},
				"west": {"uv": [11.75, 0.25, 12, 1.75], "texture": "#0"},
				"up": {"uv": [11.75, 0.25, 9.25, 0], "texture": "#0"},
				"down": {"uv": [14.25, 0, 11.75, 0.25], "texture": "#0"}
			}
		},
		{
			"from": [8, 13, 8],
			"to": [9, 14, 9],
			"rotation": {"angle": 0, "axis": "y", "origin": [7, 13, 8]},
			"faces": {
				"north": {"uv": [1.75, 1.75, 2, 2], "texture": "#0"},
				"east": {"uv": [1.5, 1.75, 1.75, 2], "texture": "#0"},
				"south": {"uv": [2.25, 1.75, 2.5, 2], "texture": "#0"},
				"west": {"uv": [2, 1.75, 2.25, 2], "texture": "#0"},
				"up": {"uv": [2, 1.75, 1.75, 1.5], "texture": "#0"},
				"down": {"uv": [2.25, 1.5, 2, 1.75], "texture": "#0"}
			}
		},
		{
			"from": [1, 5, 5],
			"to": [2, 7, 7],
			"rotation": {"angle": 0, "axis": "y", "origin": [0, 5, 5]},
			"faces": {
				"north": {"uv": [0.5, 1.5, 0.75, 2], "texture": "#0"},
				"east": {"uv": [0, 1.5, 0.5, 2], "texture": "#0"},
				"south": {"uv": [1.25, 1.5, 1.5, 2], "texture": "#0"},
				"west": {"uv": [0.75, 1.5, 1.25, 2], "texture": "#0"},
				"up": {"uv": [0.75, 1.5, 0.5, 1], "texture": "#0"},
				"down": {"uv": [1, 1, 0.75, 1.5], "texture": "#0"}
			}
		},
		{
			"from": [0, 3, 7],
			"to": [0, 3, 9],
			"rotation": {"angle": 0, "axis": "y", "origin": [-3, 0, 6]},
			"faces": {
				"north": {"uv": [0.5, 0.5, 0.5, 0.5], "texture": "#0"},
				"east": {"uv": [0, 0.5, 0.5, 0.5], "texture": "#0"},
				"south": {"uv": [1, 0.5, 1, 0.5], "texture": "#0"},
				"west": {"uv": [0.5, 0.5, 1, 0.5], "texture": "#0"},
				"up": {"uv": [0.5, 0.5, 0.5, 0], "texture": "#0"},
				"down": {"uv": [0.5, 0, 0.5, 0.5], "texture": "#0"}
			}
		},
		{
			"from": [2, 1, 2],
			"to": [14, 9, 14],
			"faces": {
				"north": {"uv": [3, 3, 6, 5], "texture": "#0"},
				"east": {"uv": [0, 3, 3, 5], "texture": "#0"},
				"south": {"uv": [9, 3, 12, 5], "texture": "#0"},
				"west": {"uv": [6, 3, 9, 5], "texture": "#0"},
				"up": {"uv": [6, 3, 3, 0], "texture": "#0"},
				"down": {"uv": [9, 0, 6, 3], "texture": "#0"}
			}
		},
		{
			"from": [1, 5, 9],
			"to": [2, 7, 11],
			"rotation": {"angle": 0, "axis": "y", "origin": [0, 5, 10]},
			"faces": {
				"north": {"uv": [0.5, 0.5, 0.75, 1], "texture": "#0"},
				"east": {"uv": [0, 0.5, 0.5, 1], "texture": "#0"},
				"south": {"uv": [1.25, 0.5, 1.5, 1], "texture": "#0"},
				"west": {"uv": [0.75, 0.5, 1.25, 1], "texture": "#0"},
				"up": {"uv": [0.75, 0.5, 0.5, 0], "texture": "#0"},
				"down": {"uv": [1, 0, 0.75, 0.5], "texture": "#0"}
			}
		}
	],
	"display": {
		"thirdperson_righthand": {
			"rotation": [67.51, -81.91, -1.77],
			"translation": [-7, 25.75, 5.25],
			"scale": [2.2168, 2.50977, 2.36523]
		},
		"head": {
			"rotation": [0, -90, 0],
			"translation": [0, -8, 0],
			"scale": [4, 4, 4]
		}
	}
}