{
	"credit": "Made with Blockbench",
	"texture_size": [132, 128],
	"textures": {
		"2": "block/bread",
		"particle": "block/bread"
	},
	"elements": [
		{
			"from": [0, -1, 3],
			"to": [16, 6, 14],
			"faces": {
				"north": {"uv": [1.33333, 1.375, 3.27273, 2.25], "texture": "#2"},
				"east": {"uv": [0, 1.375, 1.33333, 2.25], "texture": "#2"},
				"south": {"uv": [4.60606, 1.375, 6.54545, 2.25], "texture": "#2"},
				"west": {"uv": [3.27273, 1.375, 4.60606, 2.25], "texture": "#2"},
				"up": {"uv": [3.27273, 1.375, 1.33333, 0], "texture": "#2"},
				"down": {"uv": [5.21212, 0, 3.27273, 1.375], "texture": "#2"}
			}
		},
		{
			"from": [0, 6, 3],
			"to": [16, 8, 8],
			"rotation": {"angle": 0, "axis": "y", "origin": [0, 6, 0]},
			"faces": {
				"north": {"uv": [0.60606, 3.75, 2.54545, 4], "texture": "#2"},
				"east": {"uv": [0, 3.75, 0.60606, 4], "texture": "#2"},
				"south": {"uv": [3.15152, 3.75, 5.09091, 4], "texture": "#2"},
				"west": {"uv": [2.54545, 3.75, 3.15152, 4], "texture": "#2"},
				"up": {"uv": [2.54545, 3.75, 0.60606, 3.125], "texture": "#2"},
				"down": {"uv": [4.48485, 3.125, 2.54545, 3.75], "texture": "#2"}
			}
		},
		{
			"from": [0, 8, 4],
			"to": [16, 10, 7],
			"rotation": {"angle": 0, "axis": "y", "origin": [0, 9, 0]},
			"faces": {
				"north": {"uv": [4.60606, 4.625, 6.54545, 4.875], "texture": "#2"},
				"east": {"uv": [4.24242, 4.625, 4.60606, 4.875], "texture": "#2"},
				"south": {"uv": [6.90909, 4.625, 8.84848, 4.875], "texture": "#2"},
				"west": {"uv": [6.54545, 4.625, 6.90909, 4.875], "texture": "#2"},
				"up": {"uv": [6.54545, 4.625, 4.60606, 4.25], "texture": "#2"},
				"down": {"uv": [8.48485, 4.25, 6.54545, 4.625], "texture": "#2"}
			}
		},
		{
			"from": [0, 8, 10],
			"to": [16, 10, 13],
			"rotation": {"angle": 0, "axis": "y", "origin": [0, 9, 6]},
			"faces": {
				"north": {"uv": [0.36364, 4.375, 2.30303, 4.625], "texture": "#2"},
				"east": {"uv": [0, 4.375, 0.36364, 4.625], "texture": "#2"},
				"south": {"uv": [2.66667, 4.375, 4.60606, 4.625], "texture": "#2"},
				"west": {"uv": [2.30303, 4.375, 2.66667, 4.625], "texture": "#2"},
				"up": {"uv": [2.30303, 4.375, 0.36364, 4], "texture": "#2"},
				"down": {"uv": [4.24242, 4, 2.30303, 4.375], "texture": "#2"}
			}
		},
		{
			"from": [0, 8, 13],
			"to": [16, 9, 14],
			"rotation": {"angle": 0, "axis": "y", "origin": [0, 9, 7]},
			"faces": {
				"north": {"uv": [4.60606, 3.5, 6.54545, 3.625], "texture": "#2"},
				"east": {"uv": [4.48485, 3.5, 4.60606, 3.625], "texture": "#2"},
				"south": {"uv": [6.66667, 3.5, 8.60606, 3.625], "texture": "#2"},
				"west": {"uv": [6.54545, 3.5, 6.66667, 3.625], "texture": "#2"},
				"up": {"uv": [6.54545, 3.5, 4.60606, 3.375], "texture": "#2"},
				"down": {"uv": [8.48485, 3.375, 6.54545, 3.5], "texture": "#2"}
			}
		},
		{
			"from": [0, 8, 9],
			"to": [16, 9, 10],
			"rotation": {"angle": 0, "axis": "y", "origin": [0, 9, 3]},
			"faces": {
				"north": {"uv": [4.60606, 3.25, 6.54545, 3.375], "texture": "#2"},
				"east": {"uv": [4.48485, 3.25, 4.60606, 3.375], "texture": "#2"},
				"south": {"uv": [6.66667, 3.25, 8.60606, 3.375], "texture": "#2"},
				"west": {"uv": [6.54545, 3.25, 6.66667, 3.375], "texture": "#2"},
				"up": {"uv": [6.54545, 3.25, 4.60606, 3.125], "texture": "#2"},
				"down": {"uv": [8.48485, 3.125, 6.54545, 3.25], "texture": "#2"}
			}
		},
		{
			"from": [0, 6, 8],
			"to": [16, 7, 9],
			"rotation": {"angle": 0, "axis": "y", "origin": [0, 7, 2]},
			"faces": {
				"north": {"uv": [4.60606, 2.625, 6.54545, 2.75], "texture": "#2"},
				"east": {"uv": [4.48485, 2.625, 4.60606, 2.75], "texture": "#2"},
				"south": {"uv": [6.66667, 2.625, 8.60606, 2.75], "texture": "#2"},
				"west": {"uv": [6.54545, 2.625, 6.66667, 2.75], "texture": "#2"},
				"up": {"uv": [6.54545, 2.625, 4.60606, 2.5], "texture": "#2"},
				"down": {"uv": [8.48485, 2.5, 6.54545, 2.625], "texture": "#2"}
			}
		},
		{
			"from": [0, 8, 7],
			"to": [16, 9, 8],
			"rotation": {"angle": 0, "axis": "y", "origin": [0, 9, 1]},
			"faces": {
				"north": {"uv": [4.60606, 2.375, 6.54545, 2.5], "texture": "#2"},
				"east": {"uv": [4.48485, 2.375, 4.60606, 2.5], "texture": "#2"},
				"south": {"uv": [6.66667, 2.375, 8.60606, 2.5], "texture": "#2"},
				"west": {"uv": [6.54545, 2.375, 6.66667, 2.5], "texture": "#2"},
				"up": {"uv": [6.54545, 2.375, 4.60606, 2.25], "texture": "#2"},
				"down": {"uv": [8.48485, 2.25, 6.54545, 2.375], "texture": "#2"}
			}
		},
		{
			"from": [0, 8, 3],
			"to": [16, 9, 4],
			"rotation": {"angle": 0, "axis": "y", "origin": [0, 9, -3]},
			"faces": {
				"north": {"uv": [0.12121, 4.75, 2.06061, 4.875], "texture": "#2"},
				"east": {"uv": [0, 4.75, 0.12121, 4.875], "texture": "#2"},
				"south": {"uv": [2.18182, 4.75, 4.12121, 4.875], "texture": "#2"},
				"west": {"uv": [2.06061, 4.75, 2.18182, 4.875], "texture": "#2"},
				"up": {"uv": [2.06061, 4.75, 0.12121, 4.625], "texture": "#2"},
				"down": {"uv": [4, 4.625, 2.06061, 4.75], "texture": "#2"}
			}
		},
		{
			"from": [0, 7, 8],
			"to": [16, 8, 9],
			"rotation": {"angle": 0, "axis": "y", "origin": [0, 8, 2]},
			"faces": {
				"north": {"uv": [4.36364, 4.125, 6.30303, 4.25], "texture": "#2"},
				"east": {"uv": [4.24242, 4.125, 4.36364, 4.25], "texture": "#2"},
				"south": {"uv": [6.42424, 4.125, 8.36364, 4.25], "texture": "#2"},
				"west": {"uv": [6.30303, 4.125, 6.42424, 4.25], "texture": "#2"},
				"up": {"uv": [6.30303, 4.125, 4.36364, 4], "texture": "#2"},
				"down": {"uv": [8.24242, 4, 6.30303, 4.125], "texture": "#2"}
			}
		},
		{
			"from": [0, 6, 9],
			"to": [16, 8, 14],
			"rotation": {"angle": 0, "axis": "y", "origin": [0, 6, 5]},
			"faces": {
				"north": {"uv": [0.60606, 2.875, 2.54545, 3.125], "texture": "#2"},
				"east": {"uv": [0, 2.875, 0.60606, 3.125], "texture": "#2"},
				"south": {"uv": [3.15152, 2.875, 5.09091, 3.125], "texture": "#2"},
				"west": {"uv": [2.54545, 2.875, 3.15152, 3.125], "texture": "#2"},
				"up": {"uv": [2.54545, 2.875, 0.60606, 2.25], "texture": "#2"},
				"down": {"uv": [4.48485, 2.25, 2.54545, 2.875], "texture": "#2"}
			}
		}
	],
	"display": {
		"head": {
			"rotation": [0, 90, 0],
			"translation": [0, -8, 0],
			"scale": [4, 4, 4]
		}
	}
}