{
	"credit": "Made with Blockbench",
	"texture_size": [32, 32],
	"textures": {
		"0": "block/brush",
		"particle": "block/brush"
	},
	"elements": [
		{
			"from": [2, 7, 6],
			"to": [13, 8, 10],
			"rotation": {"angle": 0, "axis": "y", "origin": [4, 0, 6]},
			"faces": {
				"north": {"uv": [2, 6.5, 7.5, 7], "texture": "#0"},
				"east": {"uv": [0, 6.5, 2, 7], "texture": "#0"},
				"south": {"uv": [9.5, 6.5, 15, 7], "texture": "#0"},
				"west": {"uv": [7.5, 6.5, 9.5, 7], "texture": "#0"},
				"up": {"uv": [7.5, 6.5, 2, 4.5], "texture": "#0"},
				"down": {"uv": [13, 4.5, 7.5, 6.5], "texture": "#0"}
			}
		},
		{
			"from": [2, 2, 6],
			"to": [13, 7, 10],
			"rotation": {"angle": 0, "axis": "y", "origin": [4, -1, 7]},
			"faces": {
				"north": {"uv": [2, 2, 7.5, 4.5], "texture": "#0"},
				"east": {"uv": [0, 2, 2, 4.5], "texture": "#0"},
				"south": {"uv": [9.5, 2, 15, 4.5], "texture": "#0"},
				"west": {"uv": [7.5, 2, 9.5, 4.5], "texture": "#0"},
				"up": {"uv": [7.5, 2, 2, 0], "texture": "#0"},
				"down": {"uv": [13, 0, 7.5, 2], "texture": "#0"}
			}
		},
		{
			"from": [4, 8, 7],
			"to": [11, 9, 9],
			"rotation": {"angle": 0, "axis": "y", "origin": [4, 1, 6]},
			"faces": {
				"north": {"uv": [1, 8, 4.5, 8.5], "texture": "#0"},
				"east": {"uv": [0, 8, 1, 8.5], "texture": "#0"},
				"south": {"uv": [5.5, 8, 9, 8.5], "texture": "#0"},
				"west": {"uv": [4.5, 8, 5.5, 8.5], "texture": "#0"},
				"up": {"uv": [4.5, 8, 1, 7], "texture": "#0"},
				"down": {"uv": [8, 7, 4.5, 8], "texture": "#0"}
			}
		},
		{
			"from": [7, 9, 7],
			"to": [8, 18, 9],
			"rotation": {"angle": 0, "axis": "y", "origin": [3, 2, 6]},
			"faces": {
				"north": {"uv": [9, 8.5, 9.5, 13], "texture": "#0"},
				"east": {"uv": [8, 8.5, 9, 13], "texture": "#0"},
				"south": {"uv": [10.5, 8.5, 11, 13], "texture": "#0"},
				"west": {"uv": [9.5, 8.5, 10.5, 13], "texture": "#0"},
				"up": {"uv": [9.5, 8.5, 9, 7.5], "texture": "#0"},
				"down": {"uv": [10, 7.5, 9.5, 8.5], "texture": "#0"}
			}
		}
	],
	"display": {
		"head": {
			"rotation": [0.04, -0.01, -1.25]
		}
	}
}