{
	"credit": "Made with Blockbench",
	"texture_size": [128, 128],
	"textures": {
		"0": "block/chefhat",
		"particle": "block/chefhat"
	},
	"elements": [
		{
			"from": [0, 0, 0],
			"to": [16, 4, 16],
			"faces": {
				"north": {"uv": [9, 5.75, 11, 6.25], "texture": "#0"},
				"east": {"uv": [7, 5.75, 9, 6.25], "texture": "#0"},
				"south": {"uv": [13, 5.75, 15, 6.25], "texture": "#0"},
				"west": {"uv": [11, 5.75, 13, 6.25], "texture": "#0"},
				"up": {"uv": [11, 5.75, 9, 3.75], "texture": "#0"},
				"down": {"uv": [13, 3.75, 11, 5.75], "texture": "#0"}
			}
		},
		{
			"from": [-1, 4, -1],
			"to": [17, 6, 17],
			"rotation": {"angle": 0, "axis": "y", "origin": [0, 4, 0]},
			"faces": {
				"north": {"uv": [2.25, 5.5, 4.5, 5.75], "texture": "#0"},
				"east": {"uv": [0, 5.5, 2.25, 5.75], "texture": "#0"},
				"south": {"uv": [6.75, 5.5, 9, 5.75], "texture": "#0"},
				"west": {"uv": [4.5, 5.5, 6.75, 5.75], "texture": "#0"},
				"up": {"uv": [4.5, 5.5, 2.25, 3.25], "texture": "#0"},
				"down": {"uv": [6.75, 3.25, 4.5, 5.5], "texture": "#0"}
			}
		},
		{
			"from": [-2, 6, -2],
			"to": [18, 12, 18],
			"rotation": {"angle": 0, "axis": "y", "origin": [0, 6, 0]},
			"faces": {
				"north": {"uv": [2.5, 2.5, 5, 3.25], "texture": "#0"},
				"east": {"uv": [0, 2.5, 2.5, 3.25], "texture": "#0"},
				"south": {"uv": [7.5, 2.5, 10, 3.25], "texture": "#0"},
				"west": {"uv": [5, 2.5, 7.5, 3.25], "texture": "#0"},
				"up": {"uv": [5, 2.5, 2.5, 0], "texture": "#0"},
				"down": {"uv": [7.5, 0, 5, 2.5], "texture": "#0"}
			}
		},
		{
			"from": [-1, 12, -1],
			"to": [17, 13, 17],
			"rotation": {"angle": 0, "axis": "y", "origin": [0, 12, 0]},
			"faces": {
				"north": {"uv": [2.25, 8, 4.5, 8.125], "texture": "#0"},
				"east": {"uv": [0, 8, 2.25, 8.125], "texture": "#0"},
				"south": {"uv": [6.75, 8, 9, 8.125], "texture": "#0"},
				"west": {"uv": [4.5, 8, 6.75, 8.125], "texture": "#0"},
				"up": {"uv": [4.5, 8, 2.25, 5.75], "texture": "#0"},
				"down": {"uv": [6.75, 5.75, 4.5, 8], "texture": "#0"}
			}
		}
	],
	"display": {
		"thirdperson_righthand": {
			"rotation": [76.05, -88.47, 8.2],
			"translation": [-6.5, 4.5, 25.5],
			"scale": [0.58398, 1.08789, 0.60938]
		},
		"head": {
			"translation": [0, 12, 0]
		}
	}
}