{
	"credit": "Made with Blockbench",
	"texture_size": [128, 128],
	"textures": {
		"0": "block/cookie",
		"particle": "block/cookie"
	},
	"elements": [
		{
			"from": [2, 1, -7],
			"to": [7, 26, -6],
			"faces": {
				"north": {"uv": [10.875, 0.125, 11.5, 3.25], "texture": "#0"},
				"east": {"uv": [10.75, 0.125, 10.875, 3.25], "texture": "#0"},
				"south": {"uv": [11.625, 0.125, 12.25, 3.25], "texture": "#0"},
				"west": {"uv": [11.5, 0.125, 11.625, 3.25], "texture": "#0"},
				"up": {"uv": [11.5, 0.125, 10.875, 0], "texture": "#0"},
				"down": {"uv": [12.125, 0, 11.5, 0.125], "texture": "#0"}
			}
		},
		{
			"from": [2, 1, 22],
			"to": [7, 26, 23],
			"rotation": {"angle": 0, "axis": "y", "origin": [0, 0, 31]},
			"faces": {
				"north": {"uv": [9.375, 0.125, 10, 3.25], "texture": "#0"},
				"east": {"uv": [9.25, 0.125, 9.375, 3.25], "texture": "#0"},
				"south": {"uv": [10.125, 0.125, 10.75, 3.25], "texture": "#0"},
				"west": {"uv": [10, 0.125, 10.125, 3.25], "texture": "#0"},
				"up": {"uv": [10, 0.125, 9.375, 0], "texture": "#0"},
				"down": {"uv": [10.625, 0, 10, 0.125], "texture": "#0"}
			}
		},
		{
			"from": [2, 3, 23],
			"to": [7, 25, 24],
			"rotation": {"angle": 0, "axis": "y", "origin": [0, 0, 32]},
			"faces": {
				"north": {"uv": [1.625, 7, 2.25, 9.75], "texture": "#0"},
				"east": {"uv": [1.5, 7, 1.625, 9.75], "texture": "#0"},
				"south": {"uv": [2.375, 7, 3, 9.75], "texture": "#0"},
				"west": {"uv": [2.25, 7, 2.375, 9.75], "texture": "#0"},
				"up": {"uv": [2.25, 7, 1.625, 6.875], "texture": "#0"},
				"down": {"uv": [2.875, 6.875, 2.25, 7], "texture": "#0"}
			}
		},
		{
			"from": [2, 5, 24],
			"to": [7, 22, 25],
			"rotation": {"angle": 0, "axis": "y", "origin": [0, 0, 33]},
			"faces": {
				"north": {"uv": [11.875, 7.125, 12.5, 9.25], "texture": "#0"},
				"east": {"uv": [11.75, 7.125, 11.875, 9.25], "texture": "#0"},
				"south": {"uv": [12.625, 7.125, 13.25, 9.25], "texture": "#0"},
				"west": {"uv": [12.5, 7.125, 12.625, 9.25], "texture": "#0"},
				"up": {"uv": [12.5, 7.125, 11.875, 7], "texture": "#0"},
				"down": {"uv": [13.125, 7, 12.5, 7.125], "texture": "#0"}
			}
		},
		{
			"from": [2, 5, -9],
			"to": [7, 22, -8],
			"faces": {
				"north": {"uv": [10.625, 11.625, 11.25, 13.75], "texture": "#0"},
				"east": {"uv": [10.5, 11.625, 10.625, 13.75], "texture": "#0"},
				"south": {"uv": [11.375, 11.625, 12, 13.75], "texture": "#0"},
				"west": {"uv": [11.25, 11.625, 11.375, 13.75], "texture": "#0"},
				"up": {"uv": [11.25, 11.625, 10.625, 11.5], "texture": "#0"},
				"down": {"uv": [11.875, 11.5, 11.25, 11.625], "texture": "#0"}
			}
		},
		{
			"from": [2, 3, -8],
			"to": [7, 25, -7],
			"rotation": {"angle": 0, "axis": "y", "origin": [0, 0, 1]},
			"faces": {
				"north": {"uv": [0.125, 7, 0.75, 9.75], "texture": "#0"},
				"east": {"uv": [0, 7, 0.125, 9.75], "texture": "#0"},
				"south": {"uv": [0.875, 7, 1.5, 9.75], "texture": "#0"},
				"west": {"uv": [0.75, 7, 0.875, 9.75], "texture": "#0"},
				"up": {"uv": [0.75, 7, 0.125, 6.875], "texture": "#0"},
				"down": {"uv": [1.375, 6.875, 0.75, 7], "texture": "#0"}
			}
		},
		{
			"from": [2, 27, -5],
			"to": [7, 28, 21],
			"rotation": {"angle": 0, "axis": "y", "origin": [0, 6, 31]},
			"faces": {
				"north": {"uv": [8.25, 6.875, 8.875, 7], "texture": "#0"},
				"east": {"uv": [5, 6.875, 8.25, 7], "texture": "#0"},
				"south": {"uv": [12.125, 6.875, 12.75, 7], "texture": "#0"},
				"west": {"uv": [8.875, 6.875, 12.125, 7], "texture": "#0"},
				"up": {"uv": [8.875, 6.875, 8.25, 3.625], "texture": "#0"},
				"down": {"uv": [9.5, 3.625, 8.875, 6.875], "texture": "#0"}
			}
		},
		{
			"from": [2, 28, -4],
			"to": [7, 29, 20],
			"rotation": {"angle": 0, "axis": "y", "origin": [0, 7, 31]},
			"faces": {
				"north": {"uv": [7.25, 10, 7.875, 10.125], "texture": "#0"},
				"east": {"uv": [4.25, 10, 7.25, 10.125], "texture": "#0"},
				"south": {"uv": [10.875, 10, 11.5, 10.125], "texture": "#0"},
				"west": {"uv": [7.875, 10, 10.875, 10.125], "texture": "#0"},
				"up": {"uv": [7.875, 10, 7.25, 7], "texture": "#0"},
				"down": {"uv": [8.5, 7, 7.875, 10], "texture": "#0"}
			}
		},
		{
			"from": [2, 29, -1],
			"to": [7, 30, 16],
			"rotation": {"angle": 0, "axis": "y", "origin": [0, 8, 31]},
			"faces": {
				"north": {"uv": [2.125, 12.125, 2.75, 12.25], "texture": "#0"},
				"east": {"uv": [0, 12.125, 2.125, 12.25], "texture": "#0"},
				"south": {"uv": [4.875, 12.125, 5.5, 12.25], "texture": "#0"},
				"west": {"uv": [2.75, 12.125, 4.875, 12.25], "texture": "#0"},
				"up": {"uv": [2.75, 12.125, 2.125, 10], "texture": "#0"},
				"down": {"uv": [3.375, 10, 2.75, 12.125], "texture": "#0"}
			}
		},
		{
			"from": [2, -3, -1],
			"to": [7, -2, 16],
			"rotation": {"angle": 0, "axis": "y", "origin": [0, -24, 31]},
			"faces": {
				"north": {"uv": [11.625, 6.75, 12.25, 6.875], "texture": "#0"},
				"east": {"uv": [9.5, 6.75, 11.625, 6.875], "texture": "#0"},
				"south": {"uv": [14.375, 6.75, 15, 6.875], "texture": "#0"},
				"west": {"uv": [12.25, 6.75, 14.375, 6.875], "texture": "#0"},
				"up": {"uv": [12.25, 6.75, 11.625, 4.625], "texture": "#0"},
				"down": {"uv": [12.875, 4.625, 12.25, 6.75], "texture": "#0"}
			}
		},
		{
			"from": [2, -2, -4],
			"to": [7, -1, 20],
			"rotation": {"angle": 0, "axis": "y", "origin": [0, -23, 31]},
			"faces": {
				"north": {"uv": [3, 9.875, 3.625, 10], "texture": "#0"},
				"east": {"uv": [0, 9.875, 3, 10], "texture": "#0"},
				"south": {"uv": [6.625, 9.875, 7.25, 10], "texture": "#0"},
				"west": {"uv": [3.625, 9.875, 6.625, 10], "texture": "#0"},
				"up": {"uv": [3.625, 9.875, 3, 6.875], "texture": "#0"},
				"down": {"uv": [4.25, 6.875, 3.625, 9.875], "texture": "#0"}
			}
		},
		{
			"from": [2, -1, -5],
			"to": [7, 0, 21],
			"rotation": {"angle": 0, "axis": "y", "origin": [0, -22, 31]},
			"faces": {
				"north": {"uv": [8, 3.25, 8.625, 3.375], "texture": "#0"},
				"east": {"uv": [4.75, 3.25, 8, 3.375], "texture": "#0"},
				"south": {"uv": [11.875, 3.25, 12.5, 3.375], "texture": "#0"},
				"west": {"uv": [8.625, 3.25, 11.875, 3.375], "texture": "#0"},
				"up": {"uv": [8.625, 3.25, 8, 0], "texture": "#0"},
				"down": {"uv": [9.25, 0, 8.625, 3.25], "texture": "#0"}
			}
		},
		{
			"from": [7, 15, -2],
			"to": [8, 25, 19],
			"rotation": {"angle": 0, "axis": "y", "origin": [9, 0, 0]},
			"faces": {
				"north": {"uv": [12.5, 3.375, 12.625, 4.625], "texture": "#0"},
				"east": {"uv": [9.875, 3.375, 12.5, 4.625], "texture": "#0"},
				"south": {"uv": [15.25, 3.375, 15.375, 4.625], "texture": "#0"},
				"west": {"uv": [12.625, 3.375, 15.25, 4.625], "texture": "#0"},
				"up": {"uv": [12.625, 3.375, 12.5, 0.75], "texture": "#0"},
				"down": {"uv": [12.75, 0.75, 12.625, 3.375], "texture": "#0"}
			}
		},
		{
			"from": [2, 0, -6],
			"to": [7, 27, 22],
			"rotation": {"angle": 0, "axis": "y", "origin": [3, 0, 0]},
			"faces": {
				"north": {"uv": [11.875, 3.375, 12.5, 6.75], "texture": "#0"},
				"east": {"uv": [8.375, 3.375, 11.875, 6.75], "texture": "#0"},
				"south": {"uv": [16, 3.375, 16.625, 6.75], "texture": "#0"},
				"west": {"uv": [12.5, 3.375, 16, 6.75], "texture": "#0"},
				"up": {"uv": [12.5, 3.375, 11.875, -0.125], "texture": "#0"},
				"down": {"uv": [13.125, -0.125, 12.5, 3.375], "texture": "#0"}
			}
		},
		{
			"from": [8, 17, 11],
			"to": [9, 23, 17],
			"rotation": {"angle": 0, "axis": "y", "origin": [10, 0, 0]},
			"faces": {
				"north": {"uv": [9.25, 9.25, 9.375, 10], "texture": "#0"},
				"east": {"uv": [8.5, 9.25, 9.25, 10], "texture": "#0"},
				"south": {"uv": [10.125, 9.25, 10.25, 10], "texture": "#0"},
				"west": {"uv": [9.375, 9.25, 10.125, 10], "texture": "#0"},
				"up": {"uv": [9.375, 9.25, 9.25, 8.5], "texture": "#0"},
				"down": {"uv": [9.5, 8.5, 9.375, 9.25], "texture": "#0"}
			}
		},
		{
			"from": [8, 17, -2],
			"to": [9, 23, 4],
			"rotation": {"angle": 0, "axis": "y", "origin": [10, 0, -13]},
			"faces": {
				"north": {"uv": [2.5, 2.5, 2.625, 3.25], "texture": "#0"},
				"east": {"uv": [1.75, 2.5, 2.5, 3.25], "texture": "#0"},
				"south": {"uv": [3.375, 2.5, 3.5, 3.25], "texture": "#0"},
				"west": {"uv": [2.625, 2.5, 3.375, 3.25], "texture": "#0"},
				"up": {"uv": [2.625, 2.5, 2.5, 1.75], "texture": "#0"},
				"down": {"uv": [2.75, 1.75, 2.625, 2.5], "texture": "#0"}
			}
		},
		{
			"from": [7, 8, -2],
			"to": [9, 13, 2],
			"rotation": {"angle": 0, "axis": "y", "origin": [10, -10, -13]},
			"faces": {
				"north": {"uv": [5.25, 0.5, 5.5, 1.125], "texture": "#0"},
				"east": {"uv": [4.75, 0.5, 5.25, 1.125], "texture": "#0"},
				"south": {"uv": [6, 0.5, 6.25, 1.125], "texture": "#0"},
				"west": {"uv": [5.5, 0.5, 6, 1.125], "texture": "#0"},
				"up": {"uv": [5.5, 0.5, 5.25, 0], "texture": "#0"},
				"down": {"uv": [5.75, 0, 5.5, 0.5], "texture": "#0"}
			}
		},
		{
			"from": [7, 8, 2],
			"to": [9, 11, 3],
			"rotation": {"angle": 0, "axis": "y", "origin": [10, -10, -9]},
			"faces": {
				"north": {"uv": [1.875, 1.875, 2.125, 2.25], "texture": "#0"},
				"east": {"uv": [1.75, 1.875, 1.875, 2.25], "texture": "#0"},
				"south": {"uv": [2.25, 1.875, 2.5, 2.25], "texture": "#0"},
				"west": {"uv": [2.125, 1.875, 2.25, 2.25], "texture": "#0"},
				"up": {"uv": [2.125, 1.875, 1.875, 1.75], "texture": "#0"},
				"down": {"uv": [2.375, 1.75, 2.125, 1.875], "texture": "#0"}
			}
		},
		{
			"from": [7, 4, 15],
			"to": [9, 9, 18],
			"rotation": {"angle": 0, "axis": "y", "origin": [10, -14, 2]},
			"faces": {
				"north": {"uv": [12.375, 11.875, 12.625, 12.5], "texture": "#0"},
				"east": {"uv": [12, 11.875, 12.375, 12.5], "texture": "#0"},
				"south": {"uv": [13, 11.875, 13.25, 12.5], "texture": "#0"},
				"west": {"uv": [12.625, 11.875, 13, 12.5], "texture": "#0"},
				"up": {"uv": [12.625, 11.875, 12.375, 11.5], "texture": "#0"},
				"down": {"uv": [12.875, 11.5, 12.625, 11.875], "texture": "#0"}
			}
		},
		{
			"from": [7, 4, 13],
			"to": [9.2, 8, 16],
			"rotation": {"angle": 0, "axis": "y", "origin": [10, -14, 0]},
			"faces": {
				"north": {"uv": [12.125, 9.625, 12.375, 10.125], "texture": "#0"},
				"east": {"uv": [11.75, 9.625, 12.125, 10.125], "texture": "#0"},
				"south": {"uv": [12.75, 9.625, 13, 10.125], "texture": "#0"},
				"west": {"uv": [12.375, 9.625, 12.75, 10.125], "texture": "#0"},
				"up": {"uv": [12.375, 9.625, 12.125, 9.25], "texture": "#0"},
				"down": {"uv": [12.625, 9.25, 12.375, 9.625], "texture": "#0"}
			}
		},
		{
			"from": [7, 12, 21],
			"to": [9, 17, 24],
			"rotation": {"angle": 0, "axis": "y", "origin": [10, -6, 8]},
			"faces": {
				"north": {"uv": [10.125, 7.375, 10.375, 8], "texture": "#0"},
				"east": {"uv": [9.75, 7.375, 10.125, 8], "texture": "#0"},
				"south": {"uv": [10.75, 7.375, 11, 8], "texture": "#0"},
				"west": {"uv": [10.375, 7.375, 10.75, 8], "texture": "#0"},
				"up": {"uv": [10.375, 7.375, 10.125, 7], "texture": "#0"},
				"down": {"uv": [10.625, 7, 10.375, 7.375], "texture": "#0"}
			}
		},
		{
			"from": [7, 12, 19],
			"to": [9, 16, 22],
			"rotation": {"angle": 0, "axis": "y", "origin": [10, -6, 6]},
			"faces": {
				"north": {"uv": [4.625, 9.375, 4.875, 9.875], "texture": "#0"},
				"east": {"uv": [4.25, 9.375, 4.625, 9.875], "texture": "#0"},
				"south": {"uv": [5.25, 9.375, 5.5, 9.875], "texture": "#0"},
				"west": {"uv": [4.875, 9.375, 5.25, 9.875], "texture": "#0"},
				"up": {"uv": [4.875, 9.375, 4.625, 9], "texture": "#0"},
				"down": {"uv": [5.125, 9, 4.875, 9.375], "texture": "#0"}
			}
		},
		{
			"from": [7, 25, -4],
			"to": [9, 28, 0],
			"rotation": {"angle": 0, "axis": "y", "origin": [10, 4, -15]},
			"faces": {
				"north": {"uv": [6, 7.5, 6.25, 7.875], "texture": "#0"},
				"east": {"uv": [5.5, 7.5, 6, 7.875], "texture": "#0"},
				"south": {"uv": [6.75, 7.5, 7, 7.875], "texture": "#0"},
				"west": {"uv": [6.25, 7.5, 6.75, 7.875], "texture": "#0"},
				"up": {"uv": [6.25, 7.5, 6, 7], "texture": "#0"},
				"down": {"uv": [6.5, 7, 6.25, 7.5], "texture": "#0"}
			}
		},
		{
			"from": [7, 28, -2],
			"to": [9, 29, 0],
			"rotation": {"angle": 0, "axis": "y", "origin": [10, 5, -15]},
			"faces": {
				"north": {"uv": [5, 1.375, 5.25, 1.5], "texture": "#0"},
				"east": {"uv": [4.75, 1.375, 5, 1.5], "texture": "#0"},
				"south": {"uv": [5.5, 1.375, 5.75, 1.5], "texture": "#0"},
				"west": {"uv": [5.25, 1.375, 5.5, 1.5], "texture": "#0"},
				"up": {"uv": [5.25, 1.375, 5, 1.125], "texture": "#0"},
				"down": {"uv": [5.5, 1.125, 5.25, 1.375], "texture": "#0"}
			}
		},
		{
			"from": [7, 24, -4],
			"to": [9, 25, -1],
			"rotation": {"angle": 0, "axis": "y", "origin": [10, 2, -15]},
			"faces": {
				"north": {"uv": [9.875, 6.625, 10.125, 6.75], "texture": "#0"},
				"east": {"uv": [9.5, 6.625, 9.875, 6.75], "texture": "#0"},
				"south": {"uv": [10.5, 6.625, 10.75, 6.75], "texture": "#0"},
				"west": {"uv": [10.125, 6.625, 10.5, 6.75], "texture": "#0"},
				"up": {"uv": [10.125, 6.625, 9.875, 6.25], "texture": "#0"},
				"down": {"uv": [10.375, 6.25, 10.125, 6.625], "texture": "#0"}
			}
		},
		{
			"from": [3, 29, 3],
			"to": [6, 31, 19],
			"rotation": {"angle": 0, "axis": "y", "origin": [3, 6, 0]},
			"faces": {
				"north": {"uv": [7.75, 12.125, 8.125, 12.375], "texture": "#0"},
				"east": {"uv": [5.75, 12.125, 7.75, 12.375], "texture": "#0"},
				"south": {"uv": [10.125, 12.125, 10.5, 12.375], "texture": "#0"},
				"west": {"uv": [8.125, 12.125, 10.125, 12.375], "texture": "#0"},
				"up": {"uv": [8.125, 12.125, 7.75, 10.125], "texture": "#0"},
				"down": {"uv": [8.5, 10.125, 8.125, 12.125], "texture": "#0"}
			}
		},
		{
			"from": [7, 12, -9],
			"to": [8, 22, -4],
			"rotation": {"angle": 0, "axis": "y", "origin": [9, 0, -9]},
			"faces": {
				"north": {"uv": [4, 10.625, 4.125, 11.875], "texture": "#0"},
				"east": {"uv": [3.375, 10.625, 4, 11.875], "texture": "#0"},
				"south": {"uv": [4.75, 10.625, 4.875, 11.875], "texture": "#0"},
				"west": {"uv": [4.125, 10.625, 4.75, 11.875], "texture": "#0"},
				"up": {"uv": [4.125, 10.625, 4, 10], "texture": "#0"},
				"down": {"uv": [4.25, 10, 4.125, 10.625], "texture": "#0"}
			}
		},
		{
			"from": [7, 7, -9],
			"to": [8, 13, -6],
			"rotation": {"angle": 0, "axis": "y", "origin": [9, -5, -9]},
			"faces": {
				"north": {"uv": [4.625, 7.25, 4.75, 8], "texture": "#0"},
				"east": {"uv": [4.25, 7.25, 4.625, 8], "texture": "#0"},
				"south": {"uv": [5.125, 7.25, 5.25, 8], "texture": "#0"},
				"west": {"uv": [4.75, 7.25, 5.125, 8], "texture": "#0"},
				"up": {"uv": [4.75, 7.25, 4.625, 6.875], "texture": "#0"},
				"down": {"uv": [4.875, 6.875, 4.75, 7.25], "texture": "#0"}
			}
		},
		{
			"from": [7, 1, -3],
			"to": [8.5, 9, 5],
			"rotation": {"angle": 0, "axis": "y", "origin": [10, -14, 0]},
			"faces": {
				"north": {"uv": [5.25, 8, 5.375, 9], "texture": "#0"},
				"east": {"uv": [4.25, 8, 5.25, 9], "texture": "#0"},
				"south": {"uv": [6.375, 8, 6.5, 9], "texture": "#0"},
				"west": {"uv": [5.375, 8, 6.375, 9], "texture": "#0"},
				"up": {"uv": [5.375, 8, 5.25, 7], "texture": "#0"},
				"down": {"uv": [5.5, 7, 5.375, 8], "texture": "#0"}
			}
		},
		{
			"from": [7, 0, -1],
			"to": [8, 1, 11],
			"rotation": {"angle": 0, "axis": "y", "origin": [10, -17, 0]},
			"faces": {
				"north": {"uv": [6.25, 1.5, 6.375, 1.625], "texture": "#0"},
				"east": {"uv": [4.75, 1.5, 6.25, 1.625], "texture": "#0"},
				"south": {"uv": [7.875, 1.5, 8, 1.625], "texture": "#0"},
				"west": {"uv": [6.375, 1.5, 7.875, 1.625], "texture": "#0"},
				"up": {"uv": [6.375, 1.5, 6.25, 0], "texture": "#0"},
				"down": {"uv": [6.5, 0, 6.375, 1.5], "texture": "#0"}
			}
		},
		{
			"from": [7, 3, -5],
			"to": [8, 9, 1],
			"rotation": {"angle": 0, "axis": "y", "origin": [10, -14, -4]},
			"faces": {
				"north": {"uv": [6.5, 10.875, 6.625, 11.625], "texture": "#0"},
				"east": {"uv": [5.75, 10.875, 6.5, 11.625], "texture": "#0"},
				"south": {"uv": [7.375, 10.875, 7.5, 11.625], "texture": "#0"},
				"west": {"uv": [6.625, 10.875, 7.375, 11.625], "texture": "#0"},
				"up": {"uv": [6.625, 10.875, 6.5, 10.125], "texture": "#0"},
				"down": {"uv": [6.75, 10.125, 6.625, 10.875], "texture": "#0"}
			}
		},
		{
			"from": [7, 6, -3],
			"to": [8, 11, 2],
			"rotation": {"angle": 0, "axis": "y", "origin": [10, -9, 0]},
			"faces": {
				"north": {"uv": [2.625, 0.625, 2.75, 1.25], "texture": "#0"},
				"east": {"uv": [2, 0.625, 2.625, 1.25], "texture": "#0"},
				"south": {"uv": [3.375, 0.625, 3.5, 1.25], "texture": "#0"},
				"west": {"uv": [2.75, 0.625, 3.375, 1.25], "texture": "#0"},
				"up": {"uv": [2.75, 0.625, 2.625, 0], "texture": "#0"},
				"down": {"uv": [2.875, 0, 2.75, 0.625], "texture": "#0"}
			}
		},
		{
			"from": [7, 1, 18],
			"to": [8, 5, 23],
			"rotation": {"angle": 0, "axis": "y", "origin": [10, -14, 18]},
			"faces": {
				"north": {"uv": [6.875, 2.25, 7, 2.75], "texture": "#0"},
				"east": {"uv": [6.25, 2.25, 6.875, 2.75], "texture": "#0"},
				"south": {"uv": [7.625, 2.25, 7.75, 2.75], "texture": "#0"},
				"west": {"uv": [7, 2.25, 7.625, 2.75], "texture": "#0"},
				"up": {"uv": [7, 2.25, 6.875, 1.625], "texture": "#0"},
				"down": {"uv": [7.125, 1.625, 7, 2.25], "texture": "#0"}
			}
		},
		{
			"from": [7, 2, 16],
			"to": [8, 8, 20],
			"rotation": {"angle": 0, "axis": "y", "origin": [10, -11, 15]},
			"faces": {
				"north": {"uv": [7, 0.5, 7.125, 1.25], "texture": "#0"},
				"east": {"uv": [6.5, 0.5, 7, 1.25], "texture": "#0"},
				"south": {"uv": [7.625, 0.5, 7.75, 1.25], "texture": "#0"},
				"west": {"uv": [7.125, 0.5, 7.625, 1.25], "texture": "#0"},
				"up": {"uv": [7.125, 0.5, 7, 0], "texture": "#0"},
				"down": {"uv": [7.25, 0, 7.125, 0.5], "texture": "#0"}
			}
		},
		{
			"from": [7, 9, 22],
			"to": [8, 19, 25],
			"rotation": {"angle": 0, "axis": "y", "origin": [10, -6, 20]},
			"faces": {
				"north": {"uv": [10.75, 8.5, 10.875, 9.75], "texture": "#0"},
				"east": {"uv": [10.375, 8.5, 10.75, 9.75], "texture": "#0"},
				"south": {"uv": [11.25, 8.5, 11.375, 9.75], "texture": "#0"},
				"west": {"uv": [10.875, 8.5, 11.25, 9.75], "texture": "#0"},
				"up": {"uv": [10.875, 8.5, 10.75, 8.125], "texture": "#0"},
				"down": {"uv": [11, 8.125, 10.875, 8.5], "texture": "#0"}
			}
		},
		{
			"from": [4, 6, 24],
			"to": [6, 10, 26],
			"rotation": {"angle": 0, "axis": "y", "origin": [8, -6, 22]},
			"faces": {
				"north": {"uv": [8.75, 7.25, 9, 7.75], "texture": "#0"},
				"east": {"uv": [8.5, 7.25, 8.75, 7.75], "texture": "#0"},
				"south": {"uv": [9.25, 7.25, 9.5, 7.75], "texture": "#0"},
				"west": {"uv": [9, 7.25, 9.25, 7.75], "texture": "#0"},
				"up": {"uv": [9, 7.25, 8.75, 7], "texture": "#0"},
				"down": {"uv": [9.25, 7, 9, 7.25], "texture": "#0"}
			}
		},
		{
			"from": [3, 10, 24],
			"to": [6, 20, 26],
			"rotation": {"angle": 0, "axis": "y", "origin": [8, -2, 22]},
			"faces": {
				"north": {"uv": [0.25, 2, 0.625, 3.25], "texture": "#0"},
				"east": {"uv": [0, 2, 0.25, 3.25], "texture": "#0"},
				"south": {"uv": [0.875, 2, 1.25, 3.25], "texture": "#0"},
				"west": {"uv": [0.625, 2, 0.875, 3.25], "texture": "#0"},
				"up": {"uv": [0.625, 2, 0.25, 1.75], "texture": "#0"},
				"down": {"uv": [1, 1.75, 0.625, 2], "texture": "#0"}
			}
		},
		{
			"from": [3, 10, -10],
			"to": [6, 20, -8],
			"rotation": {"angle": 0, "axis": "y", "origin": [8, -2, -12]},
			"faces": {
				"north": {"uv": [0.25, 0.25, 0.625, 1.5], "texture": "#0"},
				"east": {"uv": [0, 0.25, 0.25, 1.5], "texture": "#0"},
				"south": {"uv": [0.875, 0.25, 1.25, 1.5], "texture": "#0"},
				"west": {"uv": [0.625, 0.25, 0.875, 1.5], "texture": "#0"},
				"up": {"uv": [0.625, 0.25, 0.25, 0], "texture": "#0"},
				"down": {"uv": [1, 0, 0.625, 0.25], "texture": "#0"}
			}
		},
		{
			"from": [7, 27, 0],
			"to": [8, 27, 12],
			"rotation": {"angle": 0, "axis": "y", "origin": [10, 7, 7]},
			"faces": {
				"north": {"uv": [1.75, 1.5, 1.875, 1.5], "texture": "#0"},
				"east": {"uv": [0.25, 1.5, 1.75, 1.5], "texture": "#0"},
				"south": {"uv": [3.375, 1.5, 3.5, 1.5], "texture": "#0"},
				"west": {"uv": [1.875, 1.5, 3.375, 1.5], "texture": "#0"},
				"up": {"uv": [1.875, 1.5, 1.75, 0], "texture": "#0"},
				"down": {"uv": [2, 0, 1.875, 1.5], "texture": "#0"}
			}
		},
		{
			"from": [7, 25, 0],
			"to": [8, 27, 12],
			"rotation": {"angle": 0, "axis": "y", "origin": [10, 4, 7]},
			"faces": {
				"north": {"uv": [1.5, 1.5, 1.625, 1.75], "texture": "#0"},
				"east": {"uv": [0, 1.5, 1.5, 1.75], "texture": "#0"},
				"south": {"uv": [3.125, 1.5, 3.25, 1.75], "texture": "#0"},
				"west": {"uv": [1.625, 1.5, 3.125, 1.75], "texture": "#0"},
				"up": {"uv": [1.625, 1.5, 1.5, 0], "texture": "#0"},
				"down": {"uv": [1.75, 0, 1.625, 1.5], "texture": "#0"}
			}
		},
		{
			"from": [7, 19, 22],
			"to": [8, 21, 24],
			"rotation": {"angle": 0, "axis": "y", "origin": [10, -2, 21]},
			"faces": {
				"north": {"uv": [3, 2, 3.125, 2.25], "texture": "#0"},
				"east": {"uv": [2.75, 2, 3, 2.25], "texture": "#0"},
				"south": {"uv": [3.375, 2, 3.5, 2.25], "texture": "#0"},
				"west": {"uv": [3.125, 2, 3.375, 2.25], "texture": "#0"},
				"up": {"uv": [3.125, 2, 3, 1.75], "texture": "#0"},
				"down": {"uv": [3.25, 1.75, 3.125, 2], "texture": "#0"}
			}
		},
		{
			"from": [7, 1, 4],
			"to": [8, 5, 12],
			"rotation": {"angle": 0, "axis": "y", "origin": [10, -14, 7]},
			"faces": {
				"north": {"uv": [9.5, 8, 9.625, 8.5], "texture": "#0"},
				"east": {"uv": [8.5, 8, 9.5, 8.5], "texture": "#0"},
				"south": {"uv": [10.625, 8, 10.75, 8.5], "texture": "#0"},
				"west": {"uv": [9.625, 8, 10.625, 8.5], "texture": "#0"},
				"up": {"uv": [9.625, 8, 9.5, 7], "texture": "#0"},
				"down": {"uv": [9.75, 7, 9.625, 8], "texture": "#0"}
			}
		},
		{
			"from": [7, 12, 9],
			"to": [8, 15, 19],
			"rotation": {"angle": 0, "axis": "y", "origin": [9, -10, 0]},
			"faces": {
				"north": {"uv": [6, 2.875, 6.125, 3.25], "texture": "#0"},
				"east": {"uv": [4.75, 2.875, 6, 3.25], "texture": "#0"},
				"south": {"uv": [7.375, 2.875, 7.5, 3.25], "texture": "#0"},
				"west": {"uv": [6.125, 2.875, 7.375, 3.25], "texture": "#0"},
				"up": {"uv": [6.125, 2.875, 6, 1.625], "texture": "#0"},
				"down": {"uv": [6.25, 1.625, 6.125, 2.875], "texture": "#0"}
			}
		}
	],
	"display": {
		"thirdperson_righthand": {
			"rotation": [-113.67, 85.55, -176.7],
			"translation": [0, 17.25, 0],
			"scale": [1, 1.06641, 1.04102]
		},
		"head": {
			"rotation": [0, 90, 0],
			"translation": [0, -16, 0],
			"scale": [2, 2, 2]
		}
	}
}