{
	"credit": "Made with Blockbench",
	"texture_size": [128, 128],
	"textures": {
		"0": "block/donut",
		"particle": "block/donut"
	},
	"elements": [
		{
			"from": [0, -1, 0],
			"to": [5, 4, 16],
			"rotation": {"angle": 0, "axis": "y", "origin": [2, 0, 13]},
			"faces": {
				"north": {"uv": [2, 4.625, 2.625, 5.25], "texture": "#0"},
				"east": {"uv": [0, 4.625, 2, 5.25], "texture": "#0"},
				"south": {"uv": [4.625, 4.625, 5.25, 5.25], "texture": "#0"},
				"west": {"uv": [2.625, 4.625, 4.625, 5.25], "texture": "#0"},
				"up": {"uv": [2.625, 4.625, 2, 2.625], "texture": "#0"},
				"down": {"uv": [3.25, 2.625, 2.625, 4.625], "texture": "#0"}
			}
		},
		{
			"from": [11, -1, 0],
			"to": [16, 4, 16],
			"rotation": {"angle": 0, "axis": "y", "origin": [14, 0, 12]},
			"faces": {
				"north": {"uv": [2, 2, 2.625, 2.625], "texture": "#0"},
				"east": {"uv": [0, 2, 2, 2.625], "texture": "#0"},
				"south": {"uv": [4.625, 2, 5.25, 2.625], "texture": "#0"},
				"west": {"uv": [2.625, 2, 4.625, 2.625], "texture": "#0"},
				"up": {"uv": [2.625, 2, 2, 0], "texture": "#0"},
				"down": {"uv": [3.25, 0, 2.625, 2], "texture": "#0"}
			}
		},
		{
			"from": [11, 3, 1],
			"to": [15, 5, 15],
			"rotation": {"angle": 0, "axis": "y", "origin": [14, 4, 12]},
			"faces": {
				"north": {"uv": [5, 4.375, 5.5, 4.625], "texture": "#0"},
				"east": {"uv": [3.25, 4.375, 5, 4.625], "texture": "#0"},
				"south": {"uv": [7.25, 4.375, 7.75, 4.625], "texture": "#0"},
				"west": {"uv": [5.5, 4.375, 7.25, 4.625], "texture": "#0"},
				"up": {"uv": [5.5, 4.375, 5, 2.625], "texture": "#0"},
				"down": {"uv": [6, 2.625, 5.5, 4.375], "texture": "#0"}
			}
		},
		{
			"from": [1, 3, 1],
			"to": [5, 5, 15],
			"rotation": {"angle": 0, "axis": "y", "origin": [4, 4, 12]},
			"faces": {
				"north": {"uv": [5, 1.75, 5.5, 2], "texture": "#0"},
				"east": {"uv": [3.25, 1.75, 5, 2], "texture": "#0"},
				"south": {"uv": [7.25, 1.75, 7.75, 2], "texture": "#0"},
				"west": {"uv": [5.5, 1.75, 7.25, 2], "texture": "#0"},
				"up": {"uv": [5.5, 1.75, 5, 0], "texture": "#0"},
				"down": {"uv": [6, 0, 5.5, 1.75], "texture": "#0"}
			}
		},
		{
			"from": [5, 3, 1],
			"to": [11, 5, 5],
			"rotation": {"angle": 0, "axis": "y", "origin": [5, 4, 2]},
			"faces": {
				"north": {"uv": [6.25, 5.75, 7, 6], "texture": "#0"},
				"east": {"uv": [5.75, 5.75, 6.25, 6], "texture": "#0"},
				"south": {"uv": [7.5, 5.75, 8.25, 6], "texture": "#0"},
				"west": {"uv": [7, 5.75, 7.5, 6], "texture": "#0"},
				"up": {"uv": [7, 5.75, 6.25, 5.25], "texture": "#0"},
				"down": {"uv": [7.75, 5.25, 7, 5.75], "texture": "#0"}
			}
		},
		{
			"from": [4, 3, 11],
			"to": [11, 5, 15],
			"rotation": {"angle": 0, "axis": "y", "origin": [5, 4, 12]},
			"faces": {
				"north": {"uv": [2.75, 5.75, 3.625, 6], "texture": "#0"},
				"east": {"uv": [2.25, 5.75, 2.75, 6], "texture": "#0"},
				"south": {"uv": [4.125, 5.75, 5, 6], "texture": "#0"},
				"west": {"uv": [3.625, 5.75, 4.125, 6], "texture": "#0"},
				"up": {"uv": [3.625, 5.75, 2.75, 5.25], "texture": "#0"},
				"down": {"uv": [4.5, 5.25, 3.625, 5.75], "texture": "#0"}
			}
		},
		{
			"from": [2, -1, 11],
			"to": [11, 4, 16],
			"rotation": {"angle": 0, "axis": "y", "origin": [8, 0, 12]},
			"faces": {
				"north": {"uv": [6.625, 3.25, 7.75, 3.875], "texture": "#0"},
				"east": {"uv": [6, 3.25, 6.625, 3.875], "texture": "#0"},
				"south": {"uv": [8.375, 3.25, 9.5, 3.875], "texture": "#0"},
				"west": {"uv": [7.75, 3.25, 8.375, 3.875], "texture": "#0"},
				"up": {"uv": [7.75, 3.25, 6.625, 2.625], "texture": "#0"},
				"down": {"uv": [8.875, 2.625, 7.75, 3.25], "texture": "#0"}
			}
		},
		{
			"from": [1, -1, 0],
			"to": [11, 4, 5],
			"rotation": {"angle": 0, "axis": "y", "origin": [6, -1, 1]},
			"faces": {
				"north": {"uv": [6.625, 0.625, 7.875, 1.25], "texture": "#0"},
				"east": {"uv": [6, 0.625, 6.625, 1.25], "texture": "#0"},
				"south": {"uv": [8.5, 0.625, 9.75, 1.25], "texture": "#0"},
				"west": {"uv": [7.875, 0.625, 8.5, 1.25], "texture": "#0"},
				"up": {"uv": [7.875, 0.625, 6.625, 0], "texture": "#0"},
				"down": {"uv": [9.125, 0, 7.875, 0.625], "texture": "#0"}
			}
		},
		{
			"from": [1, -1, -1],
			"to": [15, 3, 0],
			"rotation": {"angle": 0, "axis": "y", "origin": [6, -1, -4]},
			"faces": {
				"north": {"uv": [5.875, 4.75, 7.625, 5.25], "texture": "#0"},
				"east": {"uv": [5.75, 4.75, 5.875, 5.25], "texture": "#0"},
				"south": {"uv": [7.75, 4.75, 9.5, 5.25], "texture": "#0"},
				"west": {"uv": [7.625, 4.75, 7.75, 5.25], "texture": "#0"},
				"up": {"uv": [7.625, 4.75, 5.875, 4.625], "texture": "#0"},
				"down": {"uv": [9.375, 4.625, 7.625, 4.75], "texture": "#0"}
			}
		},
		{
			"from": [1, -1, 16],
			"to": [15, 3, 17],
			"rotation": {"angle": 0, "axis": "y", "origin": [6, -1, 13]},
			"faces": {
				"north": {"uv": [5.375, 2.125, 7.125, 2.625], "texture": "#0"},
				"east": {"uv": [5.25, 2.125, 5.375, 2.625], "texture": "#0"},
				"south": {"uv": [7.25, 2.125, 9, 2.625], "texture": "#0"},
				"west": {"uv": [7.125, 2.125, 7.25, 2.625], "texture": "#0"},
				"up": {"uv": [7.125, 2.125, 5.375, 2], "texture": "#0"},
				"down": {"uv": [8.875, 2, 7.125, 2.125], "texture": "#0"}
			}
		},
		{
			"from": [-1, -1, 1],
			"to": [1, 3, 15],
			"rotation": {"angle": 0, "axis": "y", "origin": [-8, -1, 13]},
			"faces": {
				"north": {"uv": [1.75, 7, 2, 7.5], "texture": "#0"},
				"east": {"uv": [0, 7, 1.75, 7.5], "texture": "#0"},
				"south": {"uv": [3.75, 7, 4, 7.5], "texture": "#0"},
				"west": {"uv": [2, 7, 3.75, 7.5], "texture": "#0"},
				"up": {"uv": [2, 7, 1.75, 5.25], "texture": "#0"},
				"down": {"uv": [2.25, 5.25, 2, 7], "texture": "#0"}
			}
		},
		{
			"from": [16, -1, 1],
			"to": [17, 3, 15],
			"rotation": {"angle": 0, "axis": "y", "origin": [8, -1, 13]},
			"faces": {
				"north": {"uv": [5.25, 6.375, 5.375, 6.875], "texture": "#0"},
				"east": {"uv": [3.5, 6.375, 5.25, 6.875], "texture": "#0"},
				"south": {"uv": [7.125, 6.375, 7.25, 6.875], "texture": "#0"},
				"west": {"uv": [5.375, 6.375, 7.125, 6.875], "texture": "#0"},
				"up": {"uv": [5.375, 6.375, 5.25, 4.625], "texture": "#0"},
				"down": {"uv": [5.5, 4.625, 5.375, 6.375], "texture": "#0"}
			}
		},
		{
			"from": [1, 5, 2],
			"to": [5, 6, 6],
			"rotation": {"angle": 0, "axis": "y", "origin": [2, 5, 2]},
			"faces": {
				"north": {"uv": [0.125, 0.25, 0.625, 0.375], "texture": "#0"},
				"east": {"uv": [-0.375, 0.25, 0.125, 0.375], "texture": "#0"},
				"south": {"uv": [1.125, 0.25, 1.625, 0.375], "texture": "#0"},
				"west": {"uv": [0.625, 0.25, 1.125, 0.375], "texture": "#0"},
				"up": {"uv": [0.625, 0.25, 0.125, -0.25], "texture": "#0"},
				"down": {"uv": [1.125, -0.25, 0.625, 0.25], "texture": "#0"}
			}
		},
		{
			"from": [1, 5, 11],
			"to": [5, 6, 15],
			"rotation": {"angle": 0, "axis": "y", "origin": [2, 5, 12]},
			"faces": {
				"north": {"uv": [0.125, 0.25, 0.625, 0.375], "texture": "#0"},
				"east": {"uv": [-0.375, 0.25, 0.125, 0.375], "texture": "#0"},
				"south": {"uv": [1.125, 0.25, 1.625, 0.375], "texture": "#0"},
				"west": {"uv": [0.625, 0.25, 1.125, 0.375], "texture": "#0"},
				"up": {"uv": [0.625, 0.25, 0.125, -0.25], "texture": "#0"},
				"down": {"uv": [1.125, -0.25, 0.625, 0.25], "texture": "#0"}
			}
		}
	],
	"display": {
		"thirdperson_righthand": {
			"rotation": [73.75, 1.75, 15.91],
			"translation": [0, 17.5, 0],
			"scale": [1, 1.22461, 1]
		},
		"firstperson_righthand": {
			"translation": [4.75, 6.75, 0]
		},
		"ground": {
			"translation": [0, 3, 0],
			"scale": [0.51, 0.55, 0.6]
		},
		"gui": {
			"rotation": [98.25, 0.73, -0.14],
			"scale": [0.67, 0.67, 0.69]
		},
		"head": {
			"rotation": [-81.75, 90, 0],
			"translation": [3, -8, -24],
			"scale": [4, 4, 4]
		},
		"fixed": {
			"rotation": [-89, 0, 0],
			"translation": [0.75, -1.5, -7.75]
		}
	}
}