{
	"credit": "Made with Blockbench",
	"texture_size": [128, 128],
	"textures": {
		"0": "block/egg",
		"particle": "block/egg"
	},
	"elements": [
		{
			"from": [4, 0, 3],
			"to": [12, 1, 11],
			"rotation": {"angle": 0, "axis": "y", "origin": [10, 0, 1]},
			"faces": {
				"north": {"uv": [7.75, 5.5, 8.75, 5.625], "texture": "#0"},
				"east": {"uv": [6.75, 5.5, 7.75, 5.625], "texture": "#0"},
				"south": {"uv": [9.75, 5.5, 10.75, 5.625], "texture": "#0"},
				"west": {"uv": [8.75, 5.5, 9.75, 5.625], "texture": "#0"},
				"up": {"uv": [8.75, 5.5, 7.75, 4.5], "texture": "#0"},
				"down": {"uv": [9.75, 4.5, 8.75, 5.5], "texture": "#0"}
			}
		},
		{
			"from": [4, 19, 3],
			"to": [12, 20, 11],
			"rotation": {"angle": 0, "axis": "y", "origin": [10, 19, 1]},
			"faces": {
				"north": {"uv": [7.5, 2.5, 8.5, 2.625], "texture": "#0"},
				"east": {"uv": [6.5, 2.5, 7.5, 2.625], "texture": "#0"},
				"south": {"uv": [9.5, 2.5, 10.5, 2.625], "texture": "#0"},
				"west": {"uv": [8.5, 2.5, 9.5, 2.625], "texture": "#0"},
				"up": {"uv": [8.5, 2.5, 7.5, 1.5], "texture": "#0"},
				"down": {"uv": [9.5, 1.5, 8.5, 2.5], "texture": "#0"}
			}
		},
		{
			"from": [3, 1, 2],
			"to": [13, 2, 12],
			"rotation": {"angle": 0, "axis": "y", "origin": [10, 1, 0]},
			"faces": {
				"north": {"uv": [6.25, 4.375, 7.5, 4.5], "texture": "#0"},
				"east": {"uv": [5, 4.375, 6.25, 4.5], "texture": "#0"},
				"south": {"uv": [8.75, 4.375, 10, 4.5], "texture": "#0"},
				"west": {"uv": [7.5, 4.375, 8.75, 4.5], "texture": "#0"},
				"up": {"uv": [7.5, 4.375, 6.25, 3.125], "texture": "#0"},
				"down": {"uv": [8.75, 3.125, 7.5, 4.375], "texture": "#0"}
			}
		},
		{
			"from": [3, 17, 2],
			"to": [13, 19, 12],
			"rotation": {"angle": 0, "axis": "y", "origin": [10, 17, 0]},
			"faces": {
				"north": {"uv": [6.25, 1.25, 7.5, 1.5], "texture": "#0"},
				"east": {"uv": [5, 1.25, 6.25, 1.5], "texture": "#0"},
				"south": {"uv": [8.75, 1.25, 10, 1.5], "texture": "#0"},
				"west": {"uv": [7.5, 1.25, 8.75, 1.5], "texture": "#0"},
				"up": {"uv": [7.5, 1.25, 6.25, 0], "texture": "#0"},
				"down": {"uv": [8.75, 0, 7.5, 1.25], "texture": "#0"}
			}
		},
		{
			"from": [1, 2, 1],
			"to": [15, 3, 13],
			"rotation": {"angle": 0, "axis": "y", "origin": [10, 2, 0]},
			"faces": {
				"north": {"uv": [1.5, 6.25, 3.25, 6.375], "texture": "#0"},
				"east": {"uv": [0, 6.25, 1.5, 6.375], "texture": "#0"},
				"south": {"uv": [4.75, 6.25, 6.5, 6.375], "texture": "#0"},
				"west": {"uv": [3.25, 6.25, 4.75, 6.375], "texture": "#0"},
				"up": {"uv": [3.25, 6.25, 1.5, 4.75], "texture": "#0"},
				"down": {"uv": [5, 4.75, 3.25, 6.25], "texture": "#0"}
			}
		},
		{
			"from": [1, 16, 1],
			"to": [15, 17, 13],
			"rotation": {"angle": 0, "axis": "y", "origin": [10, 16, 0]},
			"faces": {
				"north": {"uv": [1.5, 4.625, 3.25, 4.75], "texture": "#0"},
				"east": {"uv": [0, 4.625, 1.5, 4.75], "texture": "#0"},
				"south": {"uv": [4.75, 4.625, 6.5, 4.75], "texture": "#0"},
				"west": {"uv": [3.25, 4.625, 4.75, 4.75], "texture": "#0"},
				"up": {"uv": [3.25, 4.625, 1.5, 3.125], "texture": "#0"},
				"down": {"uv": [5, 3.125, 3.25, 4.625], "texture": "#0"}
			}
		},
		{
			"from": [1, 3, 1],
			"to": [15, 16, 13],
			"rotation": {"angle": 0, "axis": "y", "origin": [10, 9, 0]},
			"faces": {
				"north": {"uv": [1.5, 1.5, 3.25, 3.125], "texture": "#0"},
				"east": {"uv": [0, 1.5, 1.5, 3.125], "texture": "#0"},
				"south": {"uv": [4.75, 1.5, 6.5, 3.125], "texture": "#0"},
				"west": {"uv": [3.25, 1.5, 4.75, 3.125], "texture": "#0"},
				"up": {"uv": [3.25, 1.5, 1.5, 0], "texture": "#0"},
				"down": {"uv": [5, 0, 3.25, 1.5], "texture": "#0"}
			}
		},
		{
			"from": [3, 3, 13],
			"to": [14, 16, 14],
			"rotation": {"angle": 0, "axis": "y", "origin": [10, 9, 12]},
			"faces": {
				"north": {"uv": [2.875, 8.125, 4.25, 9.75], "texture": "#0"},
				"east": {"uv": [2.75, 8.125, 2.875, 9.75], "texture": "#0"},
				"south": {"uv": [4.375, 8.125, 5.75, 9.75], "texture": "#0"},
				"west": {"uv": [4.25, 8.125, 4.375, 9.75], "texture": "#0"},
				"up": {"uv": [4.25, 8.125, 2.875, 8], "texture": "#0"},
				"down": {"uv": [5.625, 8, 4.25, 8.125], "texture": "#0"}
			}
		},
		{
			"from": [3, 3, 0],
			"to": [14, 16, 1],
			"rotation": {"angle": 0, "axis": "y", "origin": [10, 9, -1]},
			"faces": {
				"north": {"uv": [8, 8, 9.375, 9.625], "texture": "#0"},
				"east": {"uv": [7.875, 8, 8, 9.625], "texture": "#0"},
				"south": {"uv": [9.5, 8, 10.875, 9.625], "texture": "#0"},
				"west": {"uv": [9.375, 8, 9.5, 9.625], "texture": "#0"},
				"up": {"uv": [9.375, 8, 8, 7.875], "texture": "#0"},
				"down": {"uv": [10.75, 7.875, 9.375, 8], "texture": "#0"}
			}
		},
		{
			"from": [15, 3, 2],
			"to": [16, 16, 12],
			"rotation": {"angle": 0, "axis": "y", "origin": [24, 9, 0]},
			"faces": {
				"north": {"uv": [1.25, 7.625, 1.375, 9.25], "texture": "#0"},
				"east": {"uv": [0, 7.625, 1.25, 9.25], "texture": "#0"},
				"south": {"uv": [2.625, 7.625, 2.75, 9.25], "texture": "#0"},
				"west": {"uv": [1.375, 7.625, 2.625, 9.25], "texture": "#0"},
				"up": {"uv": [1.375, 7.625, 1.25, 6.375], "texture": "#0"},
				"down": {"uv": [1.5, 6.375, 1.375, 7.625], "texture": "#0"}
			}
		},
		{
			"from": [0, 3, 2],
			"to": [1, 16, 12],
			"rotation": {"angle": 0, "axis": "y", "origin": [9, 9, 0]},
			"faces": {
				"north": {"uv": [6.5, 6.375, 6.625, 8], "texture": "#0"},
				"east": {"uv": [5.25, 6.375, 6.5, 8], "texture": "#0"},
				"south": {"uv": [7.875, 6.375, 8, 8], "texture": "#0"},
				"west": {"uv": [6.625, 6.375, 7.875, 8], "texture": "#0"},
				"up": {"uv": [6.625, 6.375, 6.5, 5.125], "texture": "#0"},
				"down": {"uv": [6.75, 5.125, 6.625, 6.375], "texture": "#0"}
			}
		}
	]
}