{
	"credit": "Made with Blockbench",
	"texture_size": [128, 128],
	"textures": {
		"0": "block/fisttexture",
		"particle": "block/fisttexture"
	},
	"elements": [
		{
			"from": [-1, -13, 0],
			"to": [20, 13, 19],
			"rotation": {"angle": 0, "axis": "y", "origin": [-1, -13, 0]},
			"faces": {
				"north": {"uv": [0, 0, 2.5, 3.25], "texture": "#0"},
				"east": {"uv": [2.5, 0, 5, 3.25], "texture": "#0"},
				"south": {"uv": [0, 3.25, 2.5, 6.5], "texture": "#0"},
				"west": {"uv": [2.5, 3.25, 5, 6.5], "texture": "#0"},
				"up": {"uv": [7.5, 2.5, 5, 0], "texture": "#0"},
				"down": {"uv": [7.5, 2.5, 5, 5], "texture": "#0"}
			}
		},
		{
			"from": [-7, -14, 7],
			"to": [-1, 4, 17],
			"rotation": {"angle": 0, "axis": "y", "origin": [-7, -14, 7]},
			"faces": {
				"north": {"uv": [8.75, 0, 9.5, 2.25], "texture": "#0"},
				"east": {"uv": [2.5, 6.5, 3.75, 8.75], "texture": "#0"},
				"south": {"uv": [8.75, 2.25, 9.5, 4.5], "texture": "#0"},
				"west": {"uv": [3.75, 6.5, 5, 8.75], "texture": "#0"},
				"up": {"uv": [8.25, 10.25, 7.5, 9], "texture": "#0"},
				"down": {"uv": [9, 9, 8.25, 10.25], "texture": "#0"}
			}
		},
		{
			"from": [13, -16, -3],
			"to": [18, 2, 7],
			"rotation": {"angle": 0, "axis": "y", "origin": [13, -16, -3]},
			"faces": {
				"north": {"uv": [8.75, 4.5, 9.375, 6.75], "texture": "#0"},
				"east": {"uv": [5, 7.375, 6.25, 9.625], "texture": "#0"},
				"south": {"uv": [8.75, 6.75, 9.375, 9], "texture": "#0"},
				"west": {"uv": [6.25, 7.375, 7.5, 9.625], "texture": "#0"},
				"up": {"uv": [9.625, 10.25, 9, 9], "texture": "#0"},
				"down": {"uv": [10, 4.5, 9.375, 5.75], "texture": "#0"}
			}
		},
		{
			"from": [7, -16, -3],
			"to": [12, 2, 7],
			"rotation": {"angle": 0, "axis": "y", "origin": [7, -16, -3]},
			"faces": {
				"north": {"uv": [0, 8.875, 0.625, 11.125], "texture": "#0"},
				"east": {"uv": [7.5, 0, 8.75, 2.25], "texture": "#0"},
				"south": {"uv": [0.625, 8.875, 1.25, 11.125], "texture": "#0"},
				"west": {"uv": [7.5, 2.25, 8.75, 4.5], "texture": "#0"},
				"up": {"uv": [10, 7, 9.375, 5.75], "texture": "#0"},
				"down": {"uv": [10, 7, 9.375, 8.25], "texture": "#0"}
			}
		},
		{
			"from": [1, -16, -3],
			"to": [6, 2, 7],
			"rotation": {"angle": 0, "axis": "y", "origin": [1, -16, -3]},
			"faces": {
				"north": {"uv": [1.25, 8.875, 1.875, 11.125], "texture": "#0"},
				"east": {"uv": [7.5, 4.5, 8.75, 6.75], "texture": "#0"},
				"south": {"uv": [1.875, 8.875, 2.5, 11.125], "texture": "#0"},
				"west": {"uv": [7.5, 6.75, 8.75, 9], "texture": "#0"},
				"up": {"uv": [10.125, 1.25, 9.5, 0], "texture": "#0"},
				"down": {"uv": [10.125, 1.25, 9.5, 2.5], "texture": "#0"}
			}
		},
		{
			"from": [4, 13, 5],
			"to": [14, 32, 14],
			"rotation": {"angle": 0, "axis": "y", "origin": [4, 13, 5]},
			"faces": {
				"north": {"uv": [5, 5, 6.25, 7.375], "texture": "#0"},
				"east": {"uv": [6.25, 5, 7.5, 7.375], "texture": "#0"},
				"south": {"uv": [0, 6.5, 1.25, 8.875], "texture": "#0"},
				"west": {"uv": [1.25, 6.5, 2.5, 8.875], "texture": "#0"},
				"up": {"uv": [3.75, 10, 2.5, 8.75], "texture": "#0"},
				"down": {"uv": [5, 8.75, 3.75, 10], "texture": "#0"}
			}
		}
	],
	"display": {
		"thirdperson_righthand": {
			"rotation": [90, -90, 0],
			"translation": [1.5, -1.25, -2.75],
			"scale": [0.6, 0.6, 0.6]
		}
	}
}