{
	"credit": "Made with Blockbench",
	"texture_size": [64, 64],
	"textures": {
		"0": "block/hadestexture",
		"particle": "block/hadestexture"
	},
	"elements": [
		{
			"from": [0, 0, 0],
			"to": [8, 10, 8],
			"faces": {
				"north": {"uv": [0, 0, 2, 2.5], "texture": "#0"},
				"east": {"uv": [2, 0, 4, 2.5], "texture": "#0"},
				"south": {"uv": [0, 2.5, 2, 5], "texture": "#0"},
				"west": {"uv": [2, 2.5, 4, 5], "texture": "#0"},
				"up": {"uv": [2, 7, 0, 5], "texture": "#0"},
				"down": {"uv": [4, 5, 2, 7], "texture": "#0"}
			}
		},
		{
			"from": [3, -1, -2],
			"to": [5, 3, 0],
			"rotation": {"angle": 0, "axis": "y", "origin": [3, -1, -2]},
			"faces": {
				"north": {"uv": [2.25, 9.75, 2.75, 10.75], "texture": "#0"},
				"east": {"uv": [2.75, 9.75, 3.25, 10.75], "texture": "#0"},
				"south": {"uv": [9.75, 4.25, 10.25, 5.25], "texture": "#0"},
				"west": {"uv": [9.75, 7.5, 10.25, 8.5], "texture": "#0"},
				"up": {"uv": [8.5, 11.5, 8, 11], "texture": "#0"},
				"down": {"uv": [9.5, 11, 9, 11.5], "texture": "#0"}
			}
		},
		{
			"from": [1, -3, -2],
			"to": [7, 4, 1],
			"rotation": {"angle": 22.5, "axis": "x", "origin": [1, -3, -2]},
			"faces": {
				"north": {"uv": [4, 5, 5.5, 6.75], "texture": "#0"},
				"east": {"uv": [3.25, 7, 4, 8.75], "texture": "#0"},
				"south": {"uv": [5.5, 5, 7, 6.75], "texture": "#0"},
				"west": {"uv": [4, 7.5, 4.75, 9.25], "texture": "#0"},
				"up": {"uv": [9, 3, 7.5, 2.25], "texture": "#0"},
				"down": {"uv": [7.75, 7.5, 6.25, 8.25], "texture": "#0"}
			}
		},
		{
			"from": [0, 8, -1],
			"to": [8, 11, 9],
			"rotation": {"angle": 0, "axis": "y", "origin": [0, 8, -1]},
			"faces": {
				"north": {"uv": [7.5, 0.75, 9.5, 1.5], "texture": "#0"},
				"east": {"uv": [6, 3.5, 8.5, 4.25], "texture": "#0"},
				"south": {"uv": [7.5, 1.5, 9.5, 2.25], "texture": "#0"},
				"west": {"uv": [6, 4.25, 8.5, 5], "texture": "#0"},
				"up": {"uv": [6, 2.5, 4, 0], "texture": "#0"},
				"down": {"uv": [6, 2.5, 4, 5], "texture": "#0"}
			}
		},
		{
			"from": [8, 7, -1],
			"to": [9, 10, 8],
			"rotation": {"angle": 0, "axis": "y", "origin": [8, 7, -1]},
			"faces": {
				"north": {"uv": [9, 4.25, 9.25, 5], "texture": "#0"},
				"east": {"uv": [0, 7, 2.25, 7.75], "texture": "#0"},
				"south": {"uv": [6, 11.5, 6.25, 12.25], "texture": "#0"},
				"west": {"uv": [7, 5, 9.25, 5.75], "texture": "#0"},
				"up": {"uv": [6.25, 11.5, 6, 9.25], "texture": "#0"},
				"down": {"uv": [1.25, 9.5, 1, 11.75], "texture": "#0"}
			}
		},
		{
			"from": [7, 8, -1],
			"to": [8, 9, 0],
			"rotation": {"angle": 0, "axis": "y", "origin": [7, 8, -1]},
			"faces": {
				"north": {"uv": [10.5, 7.25, 10.75, 7.5], "texture": "#0"},
				"east": {"uv": [10.75, 5, 11, 5.25], "texture": "#0"},
				"south": {"uv": [10.75, 10.25, 11, 10.5], "texture": "#0"},
				"west": {"uv": [11, 10.75, 11.25, 11], "texture": "#0"},
				"up": {"uv": [11.5, 5, 11.25, 4.75], "texture": "#0"},
				"down": {"uv": [12, 4.25, 11.75, 4.5], "texture": "#0"}
			}
		},
		{
			"from": [0, 8, -1],
			"to": [1, 9, 0],
			"rotation": {"angle": 0, "axis": "y", "origin": [0, 8, -1]},
			"faces": {
				"north": {"uv": [11.75, 4.5, 12, 4.75], "texture": "#0"},
				"east": {"uv": [11.75, 5.75, 12, 6], "texture": "#0"},
				"south": {"uv": [11.75, 6, 12, 6.25], "texture": "#0"},
				"west": {"uv": [6.25, 11.75, 6.5, 12], "texture": "#0"},
				"up": {"uv": [12, 6.5, 11.75, 6.25], "texture": "#0"},
				"down": {"uv": [6.75, 11.75, 6.5, 12], "texture": "#0"}
			}
		},
		{
			"from": [-1, 7, -1],
			"to": [0, 10, 8],
			"rotation": {"angle": 0, "axis": "y", "origin": [-1, 7, -1]},
			"faces": {
				"north": {"uv": [7.75, 11.5, 8, 12.25], "texture": "#0"},
				"east": {"uv": [7, 5.75, 9.25, 6.5], "texture": "#0"},
				"south": {"uv": [8, 11.5, 8.25, 12.25], "texture": "#0"},
				"west": {"uv": [7.5, 0, 9.75, 0.75], "texture": "#0"},
				"up": {"uv": [1.5, 11.75, 1.25, 9.5], "texture": "#0"},
				"down": {"uv": [1.75, 9.5, 1.5, 11.75], "texture": "#0"}
			}
		},
		{
			"from": [-1, 5, 0],
			"to": [0, 7, 6],
			"rotation": {"angle": 0, "axis": "y", "origin": [-1, 5, 0]},
			"faces": {
				"north": {"uv": [3.75, 8.75, 4, 9.25], "texture": "#0"},
				"east": {"uv": [9, 2.25, 10.5, 2.75], "texture": "#0"},
				"south": {"uv": [9, 10.5, 9.25, 11], "texture": "#0"},
				"west": {"uv": [9, 2.75, 10.5, 3.25], "texture": "#0"},
				"up": {"uv": [3.5, 12, 3.25, 10.5], "texture": "#0"},
				"down": {"uv": [3.75, 10.5, 3.5, 12], "texture": "#0"}
			}
		},
		{
			"from": [8, 5, 0],
			"to": [9, 7, 6],
			"rotation": {"angle": 0, "axis": "y", "origin": [8, 5, 0]},
			"faces": {
				"north": {"uv": [0.75, 10.75, 1, 11.25], "texture": "#0"},
				"east": {"uv": [9, 3.25, 10.5, 3.75], "texture": "#0"},
				"south": {"uv": [10.75, 1.75, 11, 2.25], "texture": "#0"},
				"west": {"uv": [9, 3.75, 10.5, 4.25], "texture": "#0"},
				"up": {"uv": [5.75, 12, 5.5, 10.5], "texture": "#0"},
				"down": {"uv": [6, 10.5, 5.75, 12], "texture": "#0"}
			}
		},
		{
			"from": [-1, 3, 0],
			"to": [0, 5, 3],
			"rotation": {"angle": 0, "axis": "y", "origin": [-1, 3, 0]},
			"faces": {
				"north": {"uv": [10.5, 11.5, 10.75, 12], "texture": "#0"},
				"east": {"uv": [9.75, 5.25, 10.5, 5.75], "texture": "#0"},
				"south": {"uv": [10.75, 11.5, 11, 12], "texture": "#0"},
				"west": {"uv": [10.5, 3.25, 11.25, 3.75], "texture": "#0"},
				"up": {"uv": [8.5, 12.25, 8.25, 11.5], "texture": "#0"},
				"down": {"uv": [9.25, 11.5, 9, 12.25], "texture": "#0"}
			}
		},
		{
			"from": [3, 5, -3],
			"to": [5, 12, 0],
			"rotation": {"angle": 0, "axis": "y", "origin": [3, 5, -3]},
			"faces": {
				"north": {"uv": [0, 7.75, 0.5, 9.5], "texture": "#0"},
				"east": {"uv": [4.75, 7.5, 5.5, 9.25], "texture": "#0"},
				"south": {"uv": [0.5, 7.75, 1, 9.5], "texture": "#0"},
				"west": {"uv": [5.5, 7.5, 6.25, 9.25], "texture": "#0"},
				"up": {"uv": [11, 6, 10.5, 5.25], "texture": "#0"},
				"down": {"uv": [11, 6.5, 10.5, 7.25], "texture": "#0"}
			}
		},
		{
			"from": [3, 11, 0],
			"to": [5, 13, 4],
			"rotation": {"angle": 0, "axis": "y", "origin": [3, 11, 0]},
			"faces": {
				"north": {"uv": [10.25, 11, 10.75, 11.5], "texture": "#0"},
				"east": {"uv": [7.5, 3, 8.5, 3.5], "texture": "#0"},
				"south": {"uv": [11, 10.25, 11.5, 10.75], "texture": "#0"},
				"west": {"uv": [9.75, 0.25, 10.75, 0.75], "texture": "#0"},
				"up": {"uv": [10.25, 9.5, 9.75, 8.5], "texture": "#0"},
				"down": {"uv": [10.25, 9.5, 9.75, 10.5], "texture": "#0"}
			}
		},
		{
			"from": [3, 13, 0],
			"to": [5, 15, 3],
			"rotation": {"angle": 0, "axis": "y", "origin": [3, 13, 0]},
			"faces": {
				"north": {"uv": [10.75, 11, 11.25, 11.5], "texture": "#0"},
				"east": {"uv": [10.5, 3.75, 11.25, 4.25], "texture": "#0"},
				"south": {"uv": [0, 11.25, 0.5, 11.75], "texture": "#0"},
				"west": {"uv": [7.75, 10.5, 8.5, 11], "texture": "#0"},
				"up": {"uv": [9, 11.25, 8.5, 10.5], "texture": "#0"},
				"down": {"uv": [10.25, 10.5, 9.75, 11.25], "texture": "#0"}
			}
		},
		{
			"from": [3, 13, 0],
			"to": [5, 18, 2],
			"rotation": {"angle": 0, "axis": "y", "origin": [3, 13, 0]},
			"faces": {
				"north": {"uv": [5.5, 9.25, 6, 10.5], "texture": "#0"},
				"east": {"uv": [9.25, 7.5, 9.75, 8.75], "texture": "#0"},
				"south": {"uv": [7.75, 9.25, 8.25, 10.5], "texture": "#0"},
				"west": {"uv": [8.25, 9.25, 8.75, 10.5], "texture": "#0"},
				"up": {"uv": [11.75, 0.75, 11.25, 0.25], "texture": "#0"},
				"down": {"uv": [1, 11.25, 0.5, 11.75], "texture": "#0"}
			}
		},
		{
			"from": [3, 11, 4],
			"to": [5, 12, 8],
			"rotation": {"angle": 0, "axis": "y", "origin": [3, 11, 4]},
			"faces": {
				"north": {"uv": [8.5, 4.75, 9, 5], "texture": "#0"},
				"east": {"uv": [7, 6.5, 8, 6.75], "texture": "#0"},
				"south": {"uv": [10.5, 6, 11, 6.25], "texture": "#0"},
				"west": {"uv": [8, 6.5, 9, 6.75], "texture": "#0"},
				"up": {"uv": [6.75, 11, 6.25, 10], "texture": "#0"},
				"down": {"uv": [7.25, 10, 6.75, 11], "texture": "#0"}
			}
		},
		{
			"from": [3, 12, -1],
			"to": [5, 23, 0],
			"rotation": {"angle": 0, "axis": "y", "origin": [3, 12, -1]},
			"faces": {
				"north": {"uv": [2.25, 7, 2.75, 9.75], "texture": "#0"},
				"east": {"uv": [2, 7.75, 2.25, 10.5], "texture": "#0"},
				"south": {"uv": [2.75, 7, 3.25, 9.75], "texture": "#0"},
				"west": {"uv": [5.25, 9.25, 5.5, 12], "texture": "#0"},
				"up": {"uv": [12, 7.25, 11.5, 7], "texture": "#0"},
				"down": {"uv": [0.5, 11.75, 0, 12], "texture": "#0"}
			}
		},
		{
			"from": [7, 9, 2],
			"to": [9, 14, 4],
			"rotation": {"angle": -45, "axis": "z", "origin": [7, 9, 2]},
			"faces": {
				"north": {"uv": [8.75, 9.25, 9.25, 10.5], "texture": "#0"},
				"east": {"uv": [9.25, 8.75, 9.75, 10], "texture": "#0"},
				"south": {"uv": [0, 9.5, 0.5, 10.75], "texture": "#0"},
				"west": {"uv": [0.5, 9.5, 1, 10.75], "texture": "#0"},
				"up": {"uv": [11.75, 3.75, 11.25, 3.25], "texture": "#0"},
				"down": {"uv": [11.75, 3.75, 11.25, 4.25], "texture": "#0"}
			}
		},
		{
			"from": [-3, 11, 2],
			"to": [2, 13, 4],
			"rotation": {"angle": -45, "axis": "z", "origin": [-3, 13, 2]},
			"faces": {
				"north": {"uv": [9.25, 5.75, 10.5, 6.25], "texture": "#0"},
				"east": {"uv": [11.25, 4.25, 11.75, 4.75], "texture": "#0"},
				"south": {"uv": [9.5, 0.75, 10.75, 1.25], "texture": "#0"},
				"west": {"uv": [11.25, 7.25, 11.75, 7.75], "texture": "#0"},
				"up": {"uv": [10.75, 1.75, 9.5, 1.25], "texture": "#0"},
				"down": {"uv": [10.75, 1.75, 9.5, 2.25], "texture": "#0"}
			}
		},
		{
			"from": [10, 12, 2],
			"to": [12, 15, 4],
			"rotation": {"angle": -22.5, "axis": "z", "origin": [10, 12, 2]},
			"faces": {
				"north": {"uv": [2.25, 10.75, 2.75, 11.5], "texture": "#0"},
				"east": {"uv": [2.75, 10.75, 3.25, 11.5], "texture": "#0"},
				"south": {"uv": [3.75, 10.75, 4.25, 11.5], "texture": "#0"},
				"west": {"uv": [4.25, 10.75, 4.75, 11.5], "texture": "#0"},
				"up": {"uv": [11.75, 8.25, 11.25, 7.75], "texture": "#0"},
				"down": {"uv": [11.75, 8.25, 11.25, 8.75], "texture": "#0"}
			}
		},
		{
			"from": [11, 14, 2],
			"to": [13, 17, 4],
			"rotation": {"angle": 0, "axis": "y", "origin": [11, 14, 2]},
			"faces": {
				"north": {"uv": [10.75, 4.25, 11.25, 5], "texture": "#0"},
				"east": {"uv": [4.75, 10.75, 5.25, 11.5], "texture": "#0"},
				"south": {"uv": [10.75, 7.25, 11.25, 8], "texture": "#0"},
				"west": {"uv": [10.75, 8, 11.25, 8.75], "texture": "#0"},
				"up": {"uv": [9, 11.75, 8.5, 11.25], "texture": "#0"},
				"down": {"uv": [11.75, 8.75, 11.25, 9.25], "texture": "#0"}
			}
		},
		{
			"from": [12, 16, 2],
			"to": [13, 20, 4],
			"rotation": {"angle": 45, "axis": "z", "origin": [12, 16, 2]},
			"faces": {
				"north": {"uv": [1.75, 9.5, 2, 10.5], "texture": "#0"},
				"east": {"uv": [7.25, 10, 7.75, 11], "texture": "#0"},
				"south": {"uv": [9.5, 11, 9.75, 12], "texture": "#0"},
				"west": {"uv": [9.25, 10, 9.75, 11], "texture": "#0"},
				"up": {"uv": [11.25, 12, 11, 11.5], "texture": "#0"},
				"down": {"uv": [12, 0.25, 11.75, 0.75], "texture": "#0"}
			}
		},
		{
			"from": [9, 19, 2],
			"to": [10, 23, 4],
			"rotation": {"angle": 0, "axis": "y", "origin": [9, 19, 2]},
			"faces": {
				"north": {"uv": [11.25, 9.25, 11.5, 10.25], "texture": "#0"},
				"east": {"uv": [10.25, 4.25, 10.75, 5.25], "texture": "#0"},
				"south": {"uv": [9.75, 11.25, 10, 12.25], "texture": "#0"},
				"west": {"uv": [10.25, 7.5, 10.75, 8.5], "texture": "#0"},
				"up": {"uv": [0.75, 12.25, 0.5, 11.75], "texture": "#0"},
				"down": {"uv": [1, 11.75, 0.75, 12.25], "texture": "#0"}
			}
		},
		{
			"from": [-4, 11, 2],
			"to": [-2, 14, 4],
			"rotation": {"angle": 22.5, "axis": "z", "origin": [-4, 11, 2]},
			"faces": {
				"north": {"uv": [10.75, 8.75, 11.25, 9.5], "texture": "#0"},
				"east": {"uv": [10.75, 9.5, 11.25, 10.25], "texture": "#0"},
				"south": {"uv": [11, 1.75, 11.5, 2.5], "texture": "#0"},
				"west": {"uv": [11, 2.5, 11.5, 3.25], "texture": "#0"},
				"up": {"uv": [11.75, 11.25, 11.25, 10.75], "texture": "#0"},
				"down": {"uv": [11.75, 11.25, 11.25, 11.75], "texture": "#0"}
			}
		},
		{
			"from": [-5, 14, 2],
			"to": [-3, 17, 4],
			"rotation": {"angle": 0, "axis": "y", "origin": [-5, 14, 2]},
			"faces": {
				"north": {"uv": [11, 5, 11.5, 5.75], "texture": "#0"},
				"east": {"uv": [6.25, 11, 6.75, 11.75], "texture": "#0"},
				"south": {"uv": [11, 6.5, 11.5, 7.25], "texture": "#0"},
				"west": {"uv": [6.75, 11, 7.25, 11.75], "texture": "#0"},
				"up": {"uv": [2.25, 12, 1.75, 11.5], "texture": "#0"},
				"down": {"uv": [12, 1.75, 11.5, 2.25], "texture": "#0"}
			}
		},
		{
			"from": [-4, 17, 2],
			"to": [-3, 21, 4],
			"rotation": {"angle": -45, "axis": "z", "origin": [-4, 17, 2]},
			"faces": {
				"north": {"uv": [10, 11.25, 10.25, 12.25], "texture": "#0"},
				"east": {"uv": [10.25, 8.5, 10.75, 9.5], "texture": "#0"},
				"south": {"uv": [2.25, 11.5, 2.5, 12.5], "texture": "#0"},
				"west": {"uv": [10.25, 9.5, 10.75, 10.5], "texture": "#0"},
				"up": {"uv": [12, 1.25, 11.75, 0.75], "texture": "#0"},
				"down": {"uv": [1.25, 11.75, 1, 12.25], "texture": "#0"}
			}
		},
		{
			"from": [-2, 19, 2],
			"to": [-1, 23, 4],
			"rotation": {"angle": 0, "axis": "y", "origin": [-2, 19, 2]},
			"faces": {
				"north": {"uv": [11.5, 2.25, 11.75, 3.25], "texture": "#0"},
				"east": {"uv": [1.75, 10.5, 2.25, 11.5], "texture": "#0"},
				"south": {"uv": [2.5, 11.5, 2.75, 12.5], "texture": "#0"},
				"west": {"uv": [10.5, 2.25, 11, 3.25], "texture": "#0"},
				"up": {"uv": [1.5, 12.25, 1.25, 11.75], "texture": "#0"},
				"down": {"uv": [12, 1.25, 11.75, 1.75], "texture": "#0"}
			}
		},
		{
			"from": [3, 20, 0],
			"to": [5, 26, 2],
			"rotation": {"angle": 0, "axis": "y", "origin": [3, 20, 0]},
			"faces": {
				"north": {"uv": [3.75, 9.25, 4.25, 10.75], "texture": "#0"},
				"east": {"uv": [4.25, 9.25, 4.75, 10.75], "texture": "#0"},
				"south": {"uv": [9.25, 4.25, 9.75, 5.75], "texture": "#0"},
				"west": {"uv": [4.75, 9.25, 5.25, 10.75], "texture": "#0"},
				"up": {"uv": [3.25, 12, 2.75, 11.5], "texture": "#0"},
				"down": {"uv": [4.25, 11.5, 3.75, 12], "texture": "#0"}
			}
		},
		{
			"from": [3, 18, 0],
			"to": [5, 20, 1],
			"rotation": {"angle": 0, "axis": "y", "origin": [3, 18, 0]},
			"faces": {
				"north": {"uv": [4.25, 11.5, 4.75, 12], "texture": "#0"},
				"east": {"uv": [1.5, 11.75, 1.75, 12.25], "texture": "#0"},
				"south": {"uv": [4.75, 11.5, 5.25, 12], "texture": "#0"},
				"west": {"uv": [11.75, 2.25, 12, 2.75], "texture": "#0"},
				"up": {"uv": [12.25, 3, 11.75, 2.75], "texture": "#0"},
				"down": {"uv": [12.25, 3, 11.75, 3.25], "texture": "#0"}
			}
		},
		{
			"from": [-1, 6, 8],
			"to": [9, 9, 9],
			"rotation": {"angle": 0, "axis": "y", "origin": [-1, 6, 8]},
			"faces": {
				"north": {"uv": [4, 6.75, 6.5, 7.5], "texture": "#0"},
				"east": {"uv": [9.25, 11.5, 9.5, 12.25], "texture": "#0"},
				"south": {"uv": [6.5, 6.75, 9, 7.5], "texture": "#0"},
				"west": {"uv": [11.5, 9.25, 11.75, 10], "texture": "#0"},
				"up": {"uv": [11.75, 6.5, 9.25, 6.25], "texture": "#0"},
				"down": {"uv": [12.25, 0, 9.75, 0.25], "texture": "#0"}
			}
		},
		{
			"from": [7, 3, -2],
			"to": [9, 10, 0],
			"rotation": {"angle": 0, "axis": "y", "origin": [7, 3, -2]},
			"faces": {
				"north": {"uv": [1, 7.75, 1.5, 9.5], "texture": "#0"},
				"east": {"uv": [1.5, 7.75, 2, 9.5], "texture": "#0"},
				"south": {"uv": [7.75, 7.5, 8.25, 9.25], "texture": "#0"},
				"west": {"uv": [6.25, 8.25, 6.75, 10], "texture": "#0"},
				"up": {"uv": [12, 5.25, 11.5, 4.75], "texture": "#0"},
				"down": {"uv": [12, 5.25, 11.5, 5.75], "texture": "#0"}
			}
		},
		{
			"from": [-1, 3, -2],
			"to": [1, 10, 0],
			"rotation": {"angle": 0, "axis": "y", "origin": [-1, 3, -2]},
			"faces": {
				"north": {"uv": [6.75, 8.25, 7.25, 10], "texture": "#0"},
				"east": {"uv": [7.25, 8.25, 7.75, 10], "texture": "#0"},
				"south": {"uv": [8.25, 7.5, 8.75, 9.25], "texture": "#0"},
				"west": {"uv": [8.5, 3, 9, 4.75], "texture": "#0"},
				"up": {"uv": [12, 7, 11.5, 6.5], "texture": "#0"},
				"down": {"uv": [7.75, 11.5, 7.25, 12], "texture": "#0"}
			}
		},
		{
			"from": [8, 3, 0],
			"to": [9, 5, 3],
			"rotation": {"angle": 0, "axis": "y", "origin": [8, 3, 0]},
			"faces": {
				"north": {"uv": [11.75, 3.25, 12, 3.75], "texture": "#0"},
				"east": {"uv": [11, 5.75, 11.75, 6.25], "texture": "#0"},
				"south": {"uv": [11.75, 3.75, 12, 4.25], "texture": "#0"},
				"west": {"uv": [7.25, 11, 8, 11.5], "texture": "#0"},
				"up": {"uv": [11.75, 10.75, 11.5, 10], "texture": "#0"},
				"down": {"uv": [10.5, 11.5, 10.25, 12.25], "texture": "#0"}
			}
		},
		{
			"from": [1, 3, 8],
			"to": [7, 10, 10],
			"rotation": {"angle": 0, "axis": "y", "origin": [1, 3, 8]},
			"faces": {
				"north": {"uv": [6, 0, 7.5, 1.75], "texture": "#0"},
				"east": {"uv": [3.25, 8.75, 3.75, 10.5], "texture": "#0"},
				"south": {"uv": [6, 1.75, 7.5, 3.5], "texture": "#0"},
				"west": {"uv": [8.75, 7.5, 9.25, 9.25], "texture": "#0"},
				"up": {"uv": [10.5, 7, 9, 6.5], "texture": "#0"},
				"down": {"uv": [10.5, 7, 9, 7.5], "texture": "#0"}
			}
		},
		{
			"from": [6, 7, -1],
			"to": [7, 8, 0],
			"rotation": {"angle": 0, "axis": "y", "origin": [6, 7, -1]},
			"faces": {
				"north": {"uv": [6.75, 11.75, 7, 12], "texture": "#0"},
				"east": {"uv": [7, 11.75, 7.25, 12], "texture": "#0"},
				"south": {"uv": [11.75, 7.25, 12, 7.5], "texture": "#0"},
				"west": {"uv": [11.75, 7.5, 12, 7.75], "texture": "#0"},
				"up": {"uv": [12, 8, 11.75, 7.75], "texture": "#0"},
				"down": {"uv": [12, 8, 11.75, 8.25], "texture": "#0"}
			}
		},
		{
			"from": [1, 7, -1],
			"to": [2, 8, 0],
			"rotation": {"angle": 0, "axis": "y", "origin": [1, 7, -1]},
			"faces": {
				"north": {"uv": [11.75, 8.25, 12, 8.5], "texture": "#0"},
				"east": {"uv": [8.5, 11.75, 8.75, 12], "texture": "#0"},
				"south": {"uv": [11.75, 8.5, 12, 8.75], "texture": "#0"},
				"west": {"uv": [8.75, 11.75, 9, 12], "texture": "#0"},
				"up": {"uv": [12, 9, 11.75, 8.75], "texture": "#0"},
				"down": {"uv": [12, 9, 11.75, 9.25], "texture": "#0"}
			}
		}
	],
	"display": {
		"thirdperson_righthand": {
			"translation": [-1, 8.75, 14.5],
			"scale": [1.2, 1.2, 1.2]
		},
		"head": {
			"translation": [8, 9.25, 7.5],
			"scale": [2, 2, 2]
		}
	}
}