{
	"credit": "Made with Blockbench",
	"texture_size": [128, 128],
	"textures": {
		"0": "block/hamburger",
		"particle": "block/hamburger"
	},
	"elements": [
		{
			"from": [0, 0, 0],
			"to": [16, 2, 16],
			"faces": {
				"north": {"uv": [2, 6.625, 4, 6.875], "texture": "#0"},
				"east": {"uv": [0, 6.625, 2, 6.875], "texture": "#0"},
				"south": {"uv": [6, 6.625, 8, 6.875], "texture": "#0"},
				"west": {"uv": [4, 6.625, 6, 6.875], "texture": "#0"},
				"up": {"uv": [4, 6.625, 2, 4.625], "texture": "#0"},
				"down": {"uv": [6, 4.625, 4, 6.625], "texture": "#0"}
			}
		},
		{
			"from": [1, 7, 1],
			"to": [15, 12, 15],
			"rotation": {"angle": 0, "axis": "y", "origin": [0, 7, 0]},
			"faces": {
				"north": {"uv": [8, 4.625, 9.75, 5.25], "texture": "#0"},
				"east": {"uv": [6.25, 4.625, 8, 5.25], "texture": "#0"},
				"south": {"uv": [11.5, 4.625, 13.25, 5.25], "texture": "#0"},
				"west": {"uv": [9.75, 4.625, 11.5, 5.25], "texture": "#0"},
				"up": {"uv": [9.75, 4.625, 8, 2.875], "texture": "#0"},
				"down": {"uv": [11.5, 2.875, 9.75, 4.625], "texture": "#0"}
			}
		},
		{
			"from": [0, 7, 1],
			"to": [2, 11, 15],
			"rotation": {"angle": 0, "axis": "y", "origin": [-14, 7, 0]},
			"faces": {
				"north": {"uv": [6, 9, 6.25, 9.5], "texture": "#0"},
				"east": {"uv": [4.25, 9, 6, 9.5], "texture": "#0"},
				"south": {"uv": [8, 9, 8.25, 9.5], "texture": "#0"},
				"west": {"uv": [6.25, 9, 8, 9.5], "texture": "#0"},
				"up": {"uv": [6.25, 9, 6, 7.25], "texture": "#0"},
				"down": {"uv": [6.5, 7.25, 6.25, 9], "texture": "#0"}
			}
		},
		{
			"from": [1, 7, 15],
			"to": [15, 11, 16],
			"rotation": {"angle": 0, "axis": "y", "origin": [0, 7, 14]},
			"faces": {
				"north": {"uv": [6.625, 7.375, 8.375, 7.875], "texture": "#0"},
				"east": {"uv": [6.5, 7.375, 6.625, 7.875], "texture": "#0"},
				"south": {"uv": [8.5, 7.375, 10.25, 7.875], "texture": "#0"},
				"west": {"uv": [8.375, 7.375, 8.5, 7.875], "texture": "#0"},
				"up": {"uv": [8.375, 7.375, 6.625, 7.25], "texture": "#0"},
				"down": {"uv": [10.125, 7.25, 8.375, 7.375], "texture": "#0"}
			}
		},
		{
			"from": [1, 7, 0],
			"to": [15, 11, 1],
			"rotation": {"angle": 0, "axis": "y", "origin": [0, 7, -1]},
			"faces": {
				"north": {"uv": [2.375, 7, 4.125, 7.5], "texture": "#0"},
				"east": {"uv": [2.25, 7, 2.375, 7.5], "texture": "#0"},
				"south": {"uv": [4.25, 7, 6, 7.5], "texture": "#0"},
				"west": {"uv": [4.125, 7, 4.25, 7.5], "texture": "#0"},
				"up": {"uv": [4.125, 7, 2.375, 6.875], "texture": "#0"},
				"down": {"uv": [5.875, 6.875, 4.125, 7], "texture": "#0"}
			}
		},
		{
			"from": [15, 7, 1],
			"to": [16, 11, 15],
			"rotation": {"angle": 0, "axis": "y", "origin": [14, 7, -1]},
			"faces": {
				"north": {"uv": [2, 8.875, 2.125, 9.375], "texture": "#0"},
				"east": {"uv": [0.25, 8.875, 2, 9.375], "texture": "#0"},
				"south": {"uv": [3.875, 8.875, 4, 9.375], "texture": "#0"},
				"west": {"uv": [2.125, 8.875, 3.875, 9.375], "texture": "#0"},
				"up": {"uv": [2.125, 8.875, 2, 7.125], "texture": "#0"},
				"down": {"uv": [2.25, 7.125, 2.125, 8.875], "texture": "#0"}
			}
		},
		{
			"from": [0, 3, 0],
			"to": [16, 5, 16],
			"rotation": {"angle": 0, "axis": "y", "origin": [0, 3, 0]},
			"faces": {
				"north": {"uv": [2, 4.375, 4, 4.625], "texture": "#0"},
				"east": {"uv": [0, 4.375, 2, 4.625], "texture": "#0"},
				"south": {"uv": [6, 4.375, 8, 4.625], "texture": "#0"},
				"west": {"uv": [4, 4.375, 6, 4.625], "texture": "#0"},
				"up": {"uv": [4, 4.375, 2, 2.375], "texture": "#0"},
				"down": {"uv": [6, 2.375, 4, 4.375], "texture": "#0"}
			}
		},
		{
			"from": [-1, 5, -1],
			"to": [17, 6, 17],
			"rotation": {"angle": 0, "axis": "y", "origin": [0, 5, 0]},
			"faces": {
				"north": {"uv": [2.25, 2.25, 4.5, 2.375], "texture": "#0"},
				"east": {"uv": [0, 2.25, 2.25, 2.375], "texture": "#0"},
				"south": {"uv": [6.75, 2.25, 9, 2.375], "texture": "#0"},
				"west": {"uv": [4.5, 2.25, 6.75, 2.375], "texture": "#0"},
				"up": {"uv": [4.5, 2.25, 2.25, 0], "texture": "#0"},
				"down": {"uv": [6.75, 0, 4.5, 2.25], "texture": "#0"}
			}
		},
		{
			"from": [1, 2, 1],
			"to": [15, 3, 15],
			"rotation": {"angle": 0, "axis": "y", "origin": [0, 2, 0]},
			"faces": {
				"north": {"uv": [8.5, 1.75, 10.25, 1.875], "texture": "#0"},
				"east": {"uv": [6.75, 1.75, 8.5, 1.875], "texture": "#0"},
				"south": {"uv": [12, 1.75, 13.75, 1.875], "texture": "#0"},
				"west": {"uv": [10.25, 1.75, 12, 1.875], "texture": "#0"},
				"up": {"uv": [10.25, 1.75, 8.5, 0], "texture": "#0"},
				"down": {"uv": [12, 0, 10.25, 1.75], "texture": "#0"}
			}
		},
		{
			"from": [1, 6, 1],
			"to": [15, 8, 15],
			"rotation": {"angle": 0, "axis": "y", "origin": [0, 6, 0]},
			"faces": {
				"north": {"uv": [8, 7, 9.75, 7.25], "texture": "#0"},
				"east": {"uv": [6.25, 7, 8, 7.25], "texture": "#0"},
				"south": {"uv": [11.5, 7, 13.25, 7.25], "texture": "#0"},
				"west": {"uv": [9.75, 7, 11.5, 7.25], "texture": "#0"},
				"up": {"uv": [9.75, 7, 8, 5.25], "texture": "#0"},
				"down": {"uv": [11.5, 5.25, 9.75, 7], "texture": "#0"}
			}
		},
		{
			"from": [-1, 10, 4],
			"to": [0, 13, 7],
			"rotation": {"angle": 0, "axis": "y", "origin": [0, 2, 1]},
			"faces": {
				"north": {"uv": [1, 0.75, 1.125, 1.125], "texture": "#0"},
				"east": {"uv": [0.625, 0.75, 1, 1.125], "texture": "#0"},
				"south": {"uv": [1.5, 0.75, 1.625, 1.125], "texture": "#0"},
				"west": {"uv": [1.125, 0.75, 1.5, 1.125], "texture": "#0"},
				"up": {"uv": [1.125, 0.75, 1, 0.375], "texture": "#0"},
				"down": {"uv": [1.25, 0.375, 1.125, 0.75], "texture": "#0"}
			}
		},
		{
			"from": [-1, 10, 9],
			"to": [0, 13, 12],
			"rotation": {"angle": 0, "axis": "y", "origin": [0, 2, 6]},
			"faces": {
				"north": {"uv": [0.375, 0.375, 0.5, 0.75], "texture": "#0"},
				"east": {"uv": [0, 0.375, 0.375, 0.75], "texture": "#0"},
				"south": {"uv": [0.875, 0.375, 1, 0.75], "texture": "#0"},
				"west": {"uv": [0.5, 0.375, 0.875, 0.75], "texture": "#0"},
				"up": {"uv": [0.5, 0.375, 0.375, 0], "texture": "#0"},
				"down": {"uv": [0.625, 0, 0.5, 0.375], "texture": "#0"}
			}
		}
	],
	"display": {
		"head": {
			"rotation": [0, -90, 0],
			"translation": [0, -8, 0],
			"scale": [4, 4, 4]
		}
	}
}