{
	"credit": "Made with Blockbench",
	"texture_size": [128, 128],
	"textures": {
		"0": "block/icecream",
		"particle": "block/icecream"
	},
	"elements": [
		{
			"from": [1, 21, 1],
			"to": [14, 22, 15],
			"rotation": {"angle": 0, "axis": "y", "origin": [7, 10, 7]},
			"faces": {
				"north": {"uv": [6.875, 5.25, 8.5, 5.375], "texture": "#0"},
				"east": {"uv": [5.75, 5.125, 7.5, 5.25], "texture": "#0"},
				"south": {"uv": [6.875, 5.375, 8.5, 5.5], "texture": "#0"},
				"west": {"uv": [6.875, 4.5, 8.625, 4.625], "texture": "#0"},
				"up": {"uv": [1.625, 3.75, 0, 2], "texture": "#0"},
				"down": {"uv": [3.25, 2, 1.625, 3.75], "texture": "#0"}
			}
		},
		{
			"from": [0, 22, 0],
			"to": [15, 24, 16],
			"rotation": {"angle": 0, "axis": "y", "origin": [7, 12, 7]},
			"faces": {
				"north": {"uv": [6.75, 2.25, 8.625, 2.5], "texture": "#0"},
				"east": {"uv": [5.75, 4.625, 7.75, 4.875], "texture": "#0"},
				"south": {"uv": [6.75, 2.5, 8.625, 2.75], "texture": "#0"},
				"west": {"uv": [5.75, 4.875, 7.75, 5.125], "texture": "#0"},
				"up": {"uv": [1.875, 2, 0, 0], "texture": "#0"},
				"down": {"uv": [3.75, 0, 1.875, 2], "texture": "#0"}
			}
		},
		{
			"from": [2, 24, 2],
			"to": [13, 31, 14],
			"rotation": {"angle": 0, "axis": "y", "origin": [7, 14, 7]},
			"faces": {
				"north": {"uv": [5.125, 0, 6.5, 0.875], "texture": "#0"},
				"east": {"uv": [1.375, 5, 2.875, 5.875], "texture": "#0"},
				"south": {"uv": [0, 5.25, 1.375, 6.125], "texture": "#0"},
				"west": {"uv": [2.875, 5, 4.375, 5.875], "texture": "#0"},
				"up": {"uv": [4.625, 3.5, 3.25, 2], "texture": "#0"},
				"down": {"uv": [4.625, 3.5, 3.25, 5], "texture": "#0"}
			}
		},
		{
			"from": [3, 24, 14],
			"to": [12, 30, 15],
			"rotation": {"angle": 0, "axis": "y", "origin": [7, 14, 8]},
			"faces": {
				"north": {"uv": [6.5, 0, 7.625, 0.75], "texture": "#0"},
				"east": {"uv": [3, 3.75, 3.125, 4.5], "texture": "#0"},
				"south": {"uv": [6.75, 0.75, 7.875, 1.5], "texture": "#0"},
				"west": {"uv": [3.125, 3.75, 3.25, 4.5], "texture": "#0"},
				"up": {"uv": [8, 5.625, 6.875, 5.5], "texture": "#0"},
				"down": {"uv": [8, 5.625, 6.875, 5.75], "texture": "#0"}
			}
		},
		{
			"from": [3, 24, 1],
			"to": [12, 30, 2],
			"rotation": {"angle": 0, "axis": "y", "origin": [7, 14, -5]},
			"faces": {
				"north": {"uv": [6.75, 1.5, 7.875, 2.25], "texture": "#0"},
				"east": {"uv": [1.125, 6.875, 1.25, 7.625], "texture": "#0"},
				"south": {"uv": [0, 6.875, 1.125, 7.625], "texture": "#0"},
				"west": {"uv": [4.875, 6.875, 5, 7.625], "texture": "#0"},
				"up": {"uv": [8, 5.875, 6.875, 5.75], "texture": "#0"},
				"down": {"uv": [8, 5.875, 6.875, 6], "texture": "#0"}
			}
		},
		{
			"from": [13, 24, 3],
			"to": [14, 30, 13],
			"rotation": {"angle": 0, "axis": "y", "origin": [8, 14, 7]},
			"faces": {
				"north": {"uv": [5, 6.875, 5.125, 7.625], "texture": "#0"},
				"east": {"uv": [1.375, 5.875, 2.625, 6.625], "texture": "#0"},
				"south": {"uv": [6.875, 6, 7, 6.75], "texture": "#0"},
				"west": {"uv": [2.625, 5.875, 3.875, 6.625], "texture": "#0"},
				"up": {"uv": [2.625, 5, 2.5, 3.75], "texture": "#0"},
				"down": {"uv": [2.75, 3.75, 2.625, 5], "texture": "#0"}
			}
		},
		{
			"from": [1, 24, 3],
			"to": [2, 30, 13],
			"rotation": {"angle": 0, "axis": "y", "origin": [-4, 14, 7]},
			"faces": {
				"north": {"uv": [6.875, 6.75, 7, 7.5], "texture": "#0"},
				"east": {"uv": [0, 6.125, 1.25, 6.875], "texture": "#0"},
				"south": {"uv": [7, 6, 7.125, 6.75], "texture": "#0"},
				"west": {"uv": [3.875, 6.125, 5.125, 6.875], "texture": "#0"},
				"up": {"uv": [2.875, 5, 2.75, 3.75], "texture": "#0"},
				"down": {"uv": [3, 3.75, 2.875, 5], "texture": "#0"}
			}
		},
		{
			"from": [3, 25, 3],
			"to": [12, 32, 13],
			"rotation": {"angle": 0, "axis": "y", "origin": [7, 15, 7]},
			"faces": {
				"north": {"uv": [5.75, 2.875, 6.875, 3.75], "texture": "#0"},
				"east": {"uv": [4.375, 5.25, 5.625, 6.125], "texture": "#0"},
				"south": {"uv": [5.75, 3.75, 6.875, 4.625], "texture": "#0"},
				"west": {"uv": [5.625, 5.25, 6.875, 6.125], "texture": "#0"},
				"up": {"uv": [2.5, 5, 1.375, 3.75], "texture": "#0"},
				"down": {"uv": [5.75, 1.5, 4.625, 2.75], "texture": "#0"}
			}
		},
		{
			"from": [2, 19, 2],
			"to": [13, 21, 14],
			"rotation": {"angle": 0, "axis": "y", "origin": [7, 9, 7]},
			"faces": {
				"north": {"uv": [6.875, 3, 8.25, 3.25], "texture": "#0"},
				"east": {"uv": [6.875, 2.75, 8.375, 3], "texture": "#0"},
				"south": {"uv": [6.875, 3.25, 8.25, 3.5], "texture": "#0"},
				"west": {"uv": [3, 6.875, 4.5, 7.125], "texture": "#0"},
				"up": {"uv": [1.375, 5.25, 0, 3.75], "texture": "#0"},
				"down": {"uv": [5.125, 0, 3.75, 1.5], "texture": "#0"}
			}
		},
		{
			"from": [3, 17, 3],
			"to": [12, 19, 13],
			"rotation": {"angle": 0, "axis": "y", "origin": [7, 7, 7]},
			"faces": {
				"north": {"uv": [6.875, 4, 8, 4.25], "texture": "#0"},
				"east": {"uv": [6.875, 3.5, 8.125, 3.75], "texture": "#0"},
				"south": {"uv": [6.875, 4.25, 8, 4.5], "texture": "#0"},
				"west": {"uv": [6.875, 3.75, 8.125, 4], "texture": "#0"},
				"up": {"uv": [5.75, 4, 4.625, 2.75], "texture": "#0"},
				"down": {"uv": [5.75, 4, 4.625, 5.25], "texture": "#0"}
			}
		},
		{
			"from": [4, 9, 4],
			"to": [11, 17, 12],
			"rotation": {"angle": 0, "axis": "y", "origin": [7, 5, 7]},
			"faces": {
				"north": {"uv": [5.125, 6.125, 6, 7.125], "texture": "#0"},
				"east": {"uv": [5.75, 0.875, 6.75, 1.875], "texture": "#0"},
				"south": {"uv": [6, 6.125, 6.875, 7.125], "texture": "#0"},
				"west": {"uv": [5.75, 1.875, 6.75, 2.875], "texture": "#0"},
				"up": {"uv": [2.125, 7.625, 1.25, 6.625], "texture": "#0"},
				"down": {"uv": [3, 6.625, 2.125, 7.625], "texture": "#0"}
			}
		},
		{
			"from": [3, 26, 15],
			"to": [6, 29, 16],
			"rotation": {"angle": 0, "axis": "y", "origin": [4, 26, 15]},
			"faces": {
				"north": {"uv": [3.75, 1.5, 4.125, 1.875], "texture": "#0"},
				"east": {"uv": [4.5, 1.5, 4.625, 1.875], "texture": "#0"},
				"south": {"uv": [4.125, 1.5, 4.5, 1.875], "texture": "#0"},
				"west": {"uv": [3, 4.5, 3.125, 4.875], "texture": "#0"},
				"up": {"uv": [4.125, 2, 3.75, 1.875], "texture": "#0"},
				"down": {"uv": [4.5, 1.875, 4.125, 2], "texture": "#0"}
			}
		},
		{
			"from": [9, 26, 15],
			"to": [12, 29, 16],
			"rotation": {"angle": 0, "axis": "y", "origin": [10, 26, 15]},
			"faces": {
				"north": {"uv": [5.125, 0.875, 5.5, 1.25], "texture": "#0"},
				"east": {"uv": [3.125, 4.5, 3.25, 4.875], "texture": "#0"},
				"south": {"uv": [4.5, 6.875, 4.875, 7.25], "texture": "#0"},
				"west": {"uv": [5.5, 0.875, 5.625, 1.25], "texture": "#0"},
				"up": {"uv": [5.5, 1.375, 5.125, 1.25], "texture": "#0"},
				"down": {"uv": [5.5, 1.375, 5.125, 1.5], "texture": "#0"}
			}
		}
	],
	"display": {
		"thirdperson_righthand": {
			"rotation": [-112.46, -2.48, -179.43],
			"translation": [-9.5, 12, -9],
			"scale": [1, 1.14648, 0.97266]
		},
		"head": {
			"rotation": [0, 180, 0],
			"translation": [0, -48, 0],
			"scale": [3, 3, 3]
		}
	}
}