{
	"credit": "Made with Blockbench",
	"texture_size": [32, 32],
	"textures": {
		"0": "block/knife",
		"particle": "block/knife"
	},
	"elements": [
		{
			"from": [8, 8, 8],
			"to": [9, 13, 10],
			"rotation": {"angle": 0, "axis": "x", "origin": [2, 3, 0]},
			"faces": {
				"north": {"uv": [6, 1, 6.5, 3.5], "texture": "#0"},
				"east": {"uv": [5, 1, 6, 3.5], "texture": "#0"},
				"south": {"uv": [7.5, 1, 8, 3.5], "texture": "#0"},
				"west": {"uv": [6.5, 1, 7.5, 3.5], "texture": "#0"},
				"up": {"uv": [6.5, 1, 6, 0], "texture": "#0"},
				"down": {"uv": [7, 0, 6.5, 1], "texture": "#0"}
			}
		},
		{
			"from": [8, 13, 8],
			"to": [9, 26, 10],
			"rotation": {"angle": 0, "axis": "x", "origin": [1, 8, 1]},
			"faces": {
				"north": {"uv": [1, 1, 1.5, 7.5], "texture": "#0"},
				"east": {"uv": [0, 1, 1, 7.5], "texture": "#0"},
				"south": {"uv": [2.5, 1, 3, 7.5], "texture": "#0"},
				"west": {"uv": [1.5, 1, 2.5, 7.5], "texture": "#0"},
				"up": {"uv": [1.5, 1, 1, 0], "texture": "#0"},
				"down": {"uv": [2, 0, 1.5, 1], "texture": "#0"}
			}
		},
		{
			"from": [8, 13, 10],
			"to": [9, 25, 11],
			"rotation": {"angle": 0, "axis": "x", "origin": [0, 11, 4]},
			"faces": {
				"north": {"uv": [3.5, 0.5, 4, 6.5], "texture": "#0"},
				"east": {"uv": [3, 0.5, 3.5, 6.5], "texture": "#0"},
				"south": {"uv": [4.5, 0.5, 5, 6.5], "texture": "#0"},
				"west": {"uv": [4, 0.5, 4.5, 6.5], "texture": "#0"},
				"up": {"uv": [4, 0.5, 3.5, 0], "texture": "#0"},
				"down": {"uv": [4.5, 0, 4, 0.5], "texture": "#0"}
			}
		},
		{
			"from": [8, 13, 11],
			"to": [9, 22, 12],
			"rotation": {"angle": 0, "axis": "x", "origin": [0, 11, 5]},
			"faces": {
				"north": {"uv": [5.5, 4, 6, 8.5], "texture": "#0"},
				"east": {"uv": [5, 4, 5.5, 8.5], "texture": "#0"},
				"south": {"uv": [6.5, 4, 7, 8.5], "texture": "#0"},
				"west": {"uv": [6, 4, 6.5, 8.5], "texture": "#0"},
				"up": {"uv": [6, 4, 5.5, 3.5], "texture": "#0"},
				"down": {"uv": [6.5, 3.5, 6, 4], "texture": "#0"}
			}
		},
		{
			"from": [8, 26, 8],
			"to": [9, 27, 9],
			"rotation": {"angle": 0, "axis": "x", "origin": [2, 3, 0]},
			"faces": {
				"north": {"uv": [0.5, 1, 1, 1.5], "texture": "#0"},
				"east": {"uv": [0, 1, 0.5, 1.5], "texture": "#0"},
				"south": {"uv": [1.5, 1, 2, 1.5], "texture": "#0"},
				"west": {"uv": [1, 1, 1.5, 1.5], "texture": "#0"},
				"up": {"uv": [1, 1, 0.5, 0.5], "texture": "#0"},
				"down": {"uv": [1.5, 0.5, 1, 1], "texture": "#0"}
			}
		}
	]
}