{
 "parent": "item/generated",
 "textures": {
 "layer0": "item/carrot_on_a_stick"
 },
 
 "overrides": [
 {"predicate": {"custom_model_data":1}, "model": "item/persephone"},
 {"predicate": {"custom_model_data":2}, "model": "item/persephonefall"},
 {"predicate": {"custom_model_data":3}, "model": "item/persephonefall2"},
 {"predicate": {"custom_model_data":4}, "model": "item/persephonefall3"},
 {"predicate": {"custom_model_data":5}, "model": "item/hades"},
 {"predicate": {"custom_model_data":6}, "model": "item/fist"},
 {"predicate": {"custom_model_data":7}, "model": "item/fist2"}

]
}