{
	"credit": "Made with Blockbench",
	"texture_size": [64, 64],
	"textures": {
		"0": "block/pepper",
		"particle": "block/pepper"
	},
	"elements": [
		{
			"from": [1, 13, 3],
			"to": [6, 18, 4],
			"rotation": {"angle": 0, "axis": "y", "origin": [0, 0, -1]},
			"faces": {
				"north": {"uv": [12.25, 0.25, 13.5, 1.5], "texture": "#0"},
				"east": {"uv": [12, 0.25, 12.25, 1.5], "texture": "#0"},
				"south": {"uv": [13.75, 0.25, 15, 1.5], "texture": "#0"},
				"west": {"uv": [13.5, 0.25, 13.75, 1.5], "texture": "#0"},
				"up": {"uv": [13.5, 0.25, 12.25, 0], "texture": "#0"},
				"down": {"uv": [14.75, 0, 13.5, 0.25], "texture": "#0"}
			}
		},
		{
			"from": [9, 13, 4],
			"to": [10, 16, 7],
			"rotation": {"angle": 0, "axis": "y", "origin": [8, 0, 3]},
			"faces": {
				"north": {"uv": [0.75, 0.75, 1, 1.5], "texture": "#0"},
				"east": {"uv": [0, 0.75, 0.75, 1.5], "texture": "#0"},
				"south": {"uv": [1.75, 0.75, 2, 1.5], "texture": "#0"},
				"west": {"uv": [1, 0.75, 1.75, 1.5], "texture": "#0"},
				"up": {"uv": [1, 0.75, 0.75, 0], "texture": "#0"},
				"down": {"uv": [1.25, 0, 1, 0.75], "texture": "#0"}
			}
		},
		{
			"from": [9, 13, 9],
			"to": [10, 16, 12],
			"rotation": {"angle": 0, "axis": "y", "origin": [8, 0, 8]},
			"faces": {
				"north": {"uv": [0.75, 5, 1, 5.75], "texture": "#0"},
				"east": {"uv": [0, 5, 0.75, 5.75], "texture": "#0"},
				"south": {"uv": [1.75, 5, 2, 5.75], "texture": "#0"},
				"west": {"uv": [1, 5, 1.75, 5.75], "texture": "#0"},
				"up": {"uv": [1, 5, 0.75, 4.25], "texture": "#0"},
				"down": {"uv": [1.25, 4.25, 1, 5], "texture": "#0"}
			}
		},
		{
			"from": [7, 9, 5],
			"to": [9, 18, 11],
			"rotation": {"angle": 0, "axis": "y", "origin": [2, 0, 0]},
			"faces": {
				"north": {"uv": [7.5, 7.25, 8, 9.5], "texture": "#0"},
				"east": {"uv": [6, 7.25, 7.5, 9.5], "texture": "#0"},
				"south": {"uv": [9.5, 7.25, 10, 9.5], "texture": "#0"},
				"west": {"uv": [8, 7.25, 9.5, 9.5], "texture": "#0"},
				"up": {"uv": [8, 7.25, 7.5, 5.75], "texture": "#0"},
				"down": {"uv": [8.5, 5.75, 8, 7.25], "texture": "#0"}
			}
		},
		{
			"from": [-1, 9, 5],
			"to": [0, 18, 11],
			"rotation": {"angle": 0, "axis": "y", "origin": [-7, 0, 0]},
			"faces": {
				"north": {"uv": [1.5, 8.75, 1.75, 11], "texture": "#0"},
				"east": {"uv": [0, 8.75, 1.5, 11], "texture": "#0"},
				"south": {"uv": [3.25, 8.75, 3.5, 11], "texture": "#0"},
				"west": {"uv": [1.75, 8.75, 3.25, 11], "texture": "#0"},
				"up": {"uv": [1.75, 8.75, 1.5, 7.25], "texture": "#0"},
				"down": {"uv": [2, 7.25, 1.75, 8.75], "texture": "#0"}
			}
		},
		{
			"from": [1, 9, 12],
			"to": [6, 18, 13],
			"rotation": {"angle": 0, "axis": "y", "origin": [0, 0, 8]},
			"faces": {
				"north": {"uv": [10.75, 6.75, 12, 9], "texture": "#0"},
				"east": {"uv": [10.5, 6.75, 10.75, 9], "texture": "#0"},
				"south": {"uv": [12.25, 6.75, 13.5, 9], "texture": "#0"},
				"west": {"uv": [12, 6.75, 12.25, 9], "texture": "#0"},
				"up": {"uv": [12, 6.75, 10.75, 6.5], "texture": "#0"},
				"down": {"uv": [13.25, 6.5, 12, 6.75], "texture": "#0"}
			}
		},
		{
			"from": [4, 21, 8],
			"to": [5, 22, 9],
			"rotation": {"angle": 0, "axis": "y", "origin": [0, 15, 1]},
			"faces": {
				"north": {"uv": [0.25, 6, 0.5, 6.25], "texture": "#0"},
				"east": {"uv": [0, 6, 0.25, 6.25], "texture": "#0"},
				"south": {"uv": [0.75, 6, 1, 6.25], "texture": "#0"},
				"west": {"uv": [0.5, 6, 0.75, 6.25], "texture": "#0"},
				"up": {"uv": [0.5, 6, 0.25, 5.75], "texture": "#0"},
				"down": {"uv": [0.75, 5.75, 0.5, 6], "texture": "#0"}
			}
		},
		{
			"from": [4, 22, 7],
			"to": [5, 24, 8],
			"rotation": {"angle": 0, "axis": "y", "origin": [0, 16, 0]},
			"faces": {
				"north": {"uv": [5.75, 1, 6, 1.5], "texture": "#0"},
				"east": {"uv": [5.5, 1, 5.75, 1.5], "texture": "#0"},
				"south": {"uv": [6.25, 1, 6.5, 1.5], "texture": "#0"},
				"west": {"uv": [6, 1, 6.25, 1.5], "texture": "#0"},
				"up": {"uv": [6, 1, 5.75, 0.75], "texture": "#0"},
				"down": {"uv": [6.25, 0.75, 6, 1], "texture": "#0"}
			}
		},
		{
			"from": [4, 19, 7],
			"to": [5, 21, 8],
			"rotation": {"angle": 0, "axis": "y", "origin": [0, 13, 0]},
			"faces": {
				"north": {"uv": [5.75, 0.25, 6, 0.75], "texture": "#0"},
				"east": {"uv": [5.5, 0.25, 5.75, 0.75], "texture": "#0"},
				"south": {"uv": [6.25, 0.25, 6.5, 0.75], "texture": "#0"},
				"west": {"uv": [6, 0.25, 6.25, 0.75], "texture": "#0"},
				"up": {"uv": [6, 0.25, 5.75, 0], "texture": "#0"},
				"down": {"uv": [6.25, 0, 6, 0.25], "texture": "#0"}
			}
		},
		{
			"from": [2, 18, 6],
			"to": [6, 19, 10],
			"rotation": {"angle": 0, "axis": "y", "origin": [0, 12, 0]},
			"faces": {
				"north": {"uv": [9, 12.75, 10, 13], "texture": "#0"},
				"east": {"uv": [8, 12.75, 9, 13], "texture": "#0"},
				"south": {"uv": [11, 12.75, 12, 13], "texture": "#0"},
				"west": {"uv": [10, 12.75, 11, 13], "texture": "#0"},
				"up": {"uv": [10, 12.75, 9, 11.75], "texture": "#0"},
				"down": {"uv": [11, 11.75, 10, 12.75], "texture": "#0"}
			}
		},
		{
			"from": [1, 18, 4],
			"to": [7, 19, 11],
			"rotation": {"angle": 0, "axis": "y", "origin": [0, 9, 0]},
			"faces": {
				"north": {"uv": [7, 1.5, 8.5, 1.75], "texture": "#0"},
				"east": {"uv": [5.25, 1.5, 7, 1.75], "texture": "#0"},
				"south": {"uv": [10.25, 1.5, 11.75, 1.75], "texture": "#0"},
				"west": {"uv": [8.5, 1.5, 10.25, 1.75], "texture": "#0"},
				"up": {"uv": [8.5, 1.5, 7, -0.25], "texture": "#0"},
				"down": {"uv": [10, -0.25, 8.5, 1.5], "texture": "#0"}
			}
		},
		{
			"from": [2, 19, 5],
			"to": [6, 20, 10],
			"rotation": {"angle": 0, "axis": "y", "origin": [0, 10, 0]},
			"faces": {
				"north": {"uv": [7.25, 1.5, 8.25, 1.75], "texture": "#0"},
				"east": {"uv": [6, 1.5, 7.25, 1.75], "texture": "#0"},
				"south": {"uv": [9.5, 1.5, 10.5, 1.75], "texture": "#0"},
				"west": {"uv": [8.25, 1.5, 9.5, 1.75], "texture": "#0"},
				"up": {"uv": [8.25, 1.5, 7.25, 0.25], "texture": "#0"},
				"down": {"uv": [9.25, 0.25, 8.25, 1.5], "texture": "#0"}
			}
		},
		{
			"from": [0, 9, 4],
			"to": [7, 18, 12],
			"faces": {
				"north": {"uv": [2, 2, 3.75, 4.25], "texture": "#0"},
				"east": {"uv": [0, 2, 2, 4.25], "texture": "#0"},
				"south": {"uv": [5.75, 2, 7.5, 4.25], "texture": "#0"},
				"west": {"uv": [3.75, 2, 5.75, 4.25], "texture": "#0"},
				"up": {"uv": [3.75, 2, 2, 0], "texture": "#0"},
				"down": {"uv": [5.5, 0, 3.75, 2], "texture": "#0"}
			}
		},
		{
			"from": [1, 14, 2],
			"to": [6, 18, 3],
			"rotation": {"angle": 0, "axis": "y", "origin": [0, 0, -8]},
			"faces": {
				"north": {"uv": [12.25, 9.25, 13.5, 10.25], "texture": "#0"},
				"east": {"uv": [12, 9.25, 12.25, 10.25], "texture": "#0"},
				"south": {"uv": [13.75, 9.25, 15, 10.25], "texture": "#0"},
				"west": {"uv": [13.5, 9.25, 13.75, 10.25], "texture": "#0"},
				"up": {"uv": [13.5, 9.25, 12.25, 9], "texture": "#0"},
				"down": {"uv": [14.75, 9, 13.5, 9.25], "texture": "#0"}
			}
		},
		{
			"from": [1, 9, 2],
			"to": [6, 14, 3],
			"rotation": {"angle": 0, "axis": "y", "origin": [0, -5, -8]},
			"faces": {
				"north": {"uv": [2.25, 7.5, 3.5, 8.75], "texture": "#0"},
				"east": {"uv": [2, 7.5, 2.25, 8.75], "texture": "#0"},
				"south": {"uv": [3.75, 7.5, 5, 8.75], "texture": "#0"},
				"west": {"uv": [3.5, 7.5, 3.75, 8.75], "texture": "#0"},
				"up": {"uv": [3.5, 7.5, 2.25, 7.25], "texture": "#0"},
				"down": {"uv": [4.75, 7.25, 3.5, 7.5], "texture": "#0"}
			}
		},
		{
			"from": [0, 9, 3],
			"to": [7, 14, 4],
			"rotation": {"angle": 0, "axis": "y", "origin": [0, -5, -6]},
			"faces": {
				"north": {"uv": [10.75, 2.5, 12.5, 3.75], "texture": "#0"},
				"east": {"uv": [10.5, 2.5, 10.75, 3.75], "texture": "#0"},
				"south": {"uv": [12.75, 2.5, 14.5, 3.75], "texture": "#0"},
				"west": {"uv": [12.5, 2.5, 12.75, 3.75], "texture": "#0"},
				"up": {"uv": [12.5, 2.5, 10.75, 2.25], "texture": "#0"},
				"down": {"uv": [14.25, 2.25, 12.5, 2.5], "texture": "#0"}
			}
		},
		{
			"from": [2, 2, 6],
			"to": [8, 3, 8],
			"rotation": {"angle": 0, "axis": "y", "origin": [4, -7, 1]},
			"faces": {
				"north": {"uv": [6, 5.25, 7.5, 5.5], "texture": "#0"},
				"east": {"uv": [5.5, 5.25, 6, 5.5], "texture": "#0"},
				"south": {"uv": [8, 5.25, 9.5, 5.5], "texture": "#0"},
				"west": {"uv": [7.5, 5.25, 8, 5.5], "texture": "#0"},
				"up": {"uv": [7.5, 5.25, 6, 4.75], "texture": "#0"},
				"down": {"uv": [9, 4.75, 7.5, 5.25], "texture": "#0"}
			}
		},
		{
			"from": [7, 1, 1],
			"to": [9, 2, 3],
			"rotation": {"angle": 0, "axis": "y", "origin": [4, -7, -9]},
			"faces": {
				"north": {"uv": [6, 6, 6.5, 6.25], "texture": "#0"},
				"east": {"uv": [5.5, 6, 6, 6.25], "texture": "#0"},
				"south": {"uv": [7, 6, 7.5, 6.25], "texture": "#0"},
				"west": {"uv": [6.5, 6, 7, 6.25], "texture": "#0"},
				"up": {"uv": [6.5, 6, 6, 5.5], "texture": "#0"},
				"down": {"uv": [7, 5.5, 6.5, 6], "texture": "#0"}
			}
		},
		{
			"from": [7, 1, 0],
			"to": [9, 2, 1],
			"rotation": {"angle": 0, "axis": "y", "origin": [4, -7, -12]},
			"faces": {
				"north": {"uv": [0.25, 1.75, 0.75, 2], "texture": "#0"},
				"east": {"uv": [0, 1.75, 0.25, 2], "texture": "#0"},
				"south": {"uv": [1, 1.75, 1.5, 2], "texture": "#0"},
				"west": {"uv": [0.75, 1.75, 1, 2], "texture": "#0"},
				"up": {"uv": [0.75, 1.75, 0.25, 1.5], "texture": "#0"},
				"down": {"uv": [1.25, 1.5, 0.75, 1.75], "texture": "#0"}
			}
		},
		{
			"from": [2, 1, 1],
			"to": [8, 3, 6],
			"rotation": {"angle": 0, "axis": "y", "origin": [4, -7, -1]},
			"faces": {
				"north": {"uv": [9.75, 6, 11.25, 6.5], "texture": "#0"},
				"east": {"uv": [8.5, 6, 9.75, 6.5], "texture": "#0"},
				"south": {"uv": [12.5, 6, 14, 6.5], "texture": "#0"},
				"west": {"uv": [11.25, 6, 12.5, 6.5], "texture": "#0"},
				"up": {"uv": [11.25, 6, 9.75, 4.75], "texture": "#0"},
				"down": {"uv": [12.75, 4.75, 11.25, 6], "texture": "#0"}
			}
		},
		{
			"from": [1, 3, 3],
			"to": [2, 5, 9],
			"rotation": {"angle": 0, "axis": "y", "origin": [3, -5, -1]},
			"faces": {
				"north": {"uv": [11.5, 1.75, 11.75, 2.25], "texture": "#0"},
				"east": {"uv": [10, 1.75, 11.5, 2.25], "texture": "#0"},
				"south": {"uv": [13.25, 1.75, 13.5, 2.25], "texture": "#0"},
				"west": {"uv": [11.75, 1.75, 13.25, 2.25], "texture": "#0"},
				"up": {"uv": [11.75, 1.75, 11.5, 0.25], "texture": "#0"},
				"down": {"uv": [12, 0.25, 11.75, 1.75], "texture": "#0"}
			}
		},
		{
			"from": [8, 3, 3],
			"to": [9, 5, 9],
			"rotation": {"angle": 0, "axis": "y", "origin": [10, -5, -1]},
			"faces": {
				"north": {"uv": [3.5, 12, 3.75, 12.5], "texture": "#0"},
				"east": {"uv": [2, 12, 3.5, 12.5], "texture": "#0"},
				"south": {"uv": [5.25, 12, 5.5, 12.5], "texture": "#0"},
				"west": {"uv": [3.75, 12, 5.25, 12.5], "texture": "#0"},
				"up": {"uv": [3.75, 12, 3.5, 10.5], "texture": "#0"},
				"down": {"uv": [4, 10.5, 3.75, 12], "texture": "#0"}
			}
		},
		{
			"from": [2, 3, 10],
			"to": [7, 5, 11],
			"rotation": {"angle": 0, "axis": "y", "origin": [4, -5, 7]},
			"faces": {
				"north": {"uv": [0.25, 11.25, 1.5, 11.75], "texture": "#0"},
				"east": {"uv": [0, 11.25, 0.25, 11.75], "texture": "#0"},
				"south": {"uv": [1.75, 11.25, 3, 11.75], "texture": "#0"},
				"west": {"uv": [1.5, 11.25, 1.75, 11.75], "texture": "#0"},
				"up": {"uv": [1.5, 11.25, 0.25, 11], "texture": "#0"},
				"down": {"uv": [2.75, 11, 1.5, 11.25], "texture": "#0"}
			}
		},
		{
			"from": [2, 3, 2],
			"to": [8, 5, 10],
			"rotation": {"angle": 0, "axis": "y", "origin": [4, -5, -1]},
			"faces": {
				"north": {"uv": [7.5, 4.25, 9, 4.75], "texture": "#0"},
				"east": {"uv": [5.5, 4.25, 7.5, 4.75], "texture": "#0"},
				"south": {"uv": [11, 4.25, 12.5, 4.75], "texture": "#0"},
				"west": {"uv": [9, 4.25, 11, 4.75], "texture": "#0"},
				"up": {"uv": [9, 4.25, 7.5, 2.25], "texture": "#0"},
				"down": {"uv": [10.5, 2.25, 9, 4.25], "texture": "#0"}
			}
		},
		{
			"from": [8, 5, 4],
			"to": [9, 9, 10],
			"rotation": {"angle": 0, "axis": "y", "origin": [8, -5, -1]},
			"faces": {
				"north": {"uv": [5, 9.5, 5.25, 10.5], "texture": "#0"},
				"east": {"uv": [3.5, 9.5, 5, 10.5], "texture": "#0"},
				"south": {"uv": [6.75, 9.5, 7, 10.5], "texture": "#0"},
				"west": {"uv": [5.25, 9.5, 6.75, 10.5], "texture": "#0"},
				"up": {"uv": [5.25, 9.5, 5, 8], "texture": "#0"},
				"down": {"uv": [5.5, 8, 5.25, 9.5], "texture": "#0"}
			}
		},
		{
			"from": [-1, 5, 4],
			"to": [0, 9, 10],
			"rotation": {"angle": 0, "axis": "y", "origin": [-1, -5, -1]},
			"faces": {
				"north": {"uv": [10, 9.5, 10.25, 10.5], "texture": "#0"},
				"east": {"uv": [8.5, 9.5, 10, 10.5], "texture": "#0"},
				"south": {"uv": [11.75, 9.5, 12, 10.5], "texture": "#0"},
				"west": {"uv": [10.25, 9.5, 11.75, 10.5], "texture": "#0"},
				"up": {"uv": [10.25, 9.5, 10, 8], "texture": "#0"},
				"down": {"uv": [10.5, 8, 10.25, 9.5], "texture": "#0"}
			}
		},
		{
			"from": [7, 5, 4],
			"to": [8, 9, 10],
			"rotation": {"angle": 0, "axis": "y", "origin": [7, -5, -1]},
			"faces": {
				"north": {"uv": [7, 11, 7.25, 12], "texture": "#0"},
				"east": {"uv": [5.5, 11, 7, 12], "texture": "#0"},
				"south": {"uv": [8.75, 11, 9, 12], "texture": "#0"},
				"west": {"uv": [7.25, 11, 8.75, 12], "texture": "#0"},
				"up": {"uv": [7.25, 11, 7, 9.5], "texture": "#0"},
				"down": {"uv": [7.5, 9.5, 7.25, 11], "texture": "#0"}
			}
		},
		{
			"from": [1, 5, 11],
			"to": [8, 9, 12],
			"rotation": {"angle": 0, "axis": "y", "origin": [0, -5, 7]},
			"faces": {
				"north": {"uv": [9.25, 10.75, 11, 11.75], "texture": "#0"},
				"east": {"uv": [9, 10.75, 9.25, 11.75], "texture": "#0"},
				"south": {"uv": [11.25, 10.75, 13, 11.75], "texture": "#0"},
				"west": {"uv": [11, 10.75, 11.25, 11.75], "texture": "#0"},
				"up": {"uv": [11, 10.75, 9.25, 10.5], "texture": "#0"},
				"down": {"uv": [12.75, 10.5, 11, 10.75], "texture": "#0"}
			}
		},
		{
			"from": [0, 5, 3],
			"to": [7, 9, 11],
			"rotation": {"angle": 0, "axis": "y", "origin": [0, -5, -1]},
			"faces": {
				"north": {"uv": [2, 6.25, 3.75, 7.25], "texture": "#0"},
				"east": {"uv": [0, 6.25, 2, 7.25], "texture": "#0"},
				"south": {"uv": [5.75, 6.25, 7.5, 7.25], "texture": "#0"},
				"west": {"uv": [3.75, 6.25, 5.75, 7.25], "texture": "#0"},
				"up": {"uv": [3.75, 6.25, 2, 4.25], "texture": "#0"},
				"down": {"uv": [5.5, 4.25, 3.75, 6.25], "texture": "#0"}
			}
		}
	],
	"display": {
		"head": {
			"rotation": [-61.75, 90, 60],
			"translation": [2, -19, -9.25],
			"scale": [1.72, 3.2, 3.11]
		}
	},
	"groups": [
		{
			"name": "group",
			"origin": [4, -7, -1],
			"color": 0,
			"children": []
		},
		0,
		1,
		2,
		3,
		4,
		5,
		6,
		7,
		8,
		9,
		10,
		11,
		12,
		13,
		14,
		15,
		16,
		17,
		18,
		19,
		20,
		21,
		22,
		23,
		24,
		25,
		26,
		27,
		28
	]
}