{
	"credit": "Made with Blockbench",
	"texture_size": [128, 128],
	"textures": {
		"0": "block/peppersalt",
		"particle": "block/peppersalt"
	},
	"elements": [
		{
			"from": [2, 0, 2],
			"to": [14, 1, 13],
			"rotation": {"angle": 0, "axis": "y", "origin": [1, 0, 1]},
			"faces": {
				"north": {"uv": [1.375, 1.375, 2.875, 1.5], "texture": "#0"},
				"east": {"uv": [0, 1.375, 1.375, 1.5], "texture": "#0"},
				"south": {"uv": [4.25, 1.375, 5.75, 1.5], "texture": "#0"},
				"west": {"uv": [2.875, 1.375, 4.25, 1.5], "texture": "#0"},
				"up": {"uv": [2.875, 1.375, 1.375, 0], "texture": "#0"},
				"down": {"uv": [4.375, 0, 2.875, 1.375], "texture": "#0"}
			}
		},
		{
			"from": [14, 0, 3],
			"to": [15, 15, 12],
			"rotation": {"angle": 0, "axis": "y", "origin": [13, 0, 1]},
			"faces": {
				"north": {"uv": [3.625, 4.25, 3.75, 6.125], "texture": "#0"},
				"east": {"uv": [2.5, 4.25, 3.625, 6.125], "texture": "#0"},
				"south": {"uv": [4.875, 4.25, 5, 6.125], "texture": "#0"},
				"west": {"uv": [3.75, 4.25, 4.875, 6.125], "texture": "#0"},
				"up": {"uv": [3.75, 4.25, 3.625, 3.125], "texture": "#0"},
				"down": {"uv": [3.875, 3.125, 3.75, 4.25], "texture": "#0"}
			}
		},
		{
			"from": [1, 0, 3],
			"to": [2, 15, 12],
			"rotation": {"angle": 0, "axis": "y", "origin": [0, 0, 1]},
			"faces": {
				"north": {"uv": [1.125, 4.25, 1.25, 6.125], "texture": "#0"},
				"east": {"uv": [0, 4.25, 1.125, 6.125], "texture": "#0"},
				"south": {"uv": [2.375, 4.25, 2.5, 6.125], "texture": "#0"},
				"west": {"uv": [1.25, 4.25, 2.375, 6.125], "texture": "#0"},
				"up": {"uv": [1.25, 4.25, 1.125, 3.125], "texture": "#0"},
				"down": {"uv": [1.375, 3.125, 1.25, 4.25], "texture": "#0"}
			}
		},
		{
			"from": [3, 0, 1],
			"to": [13, 16, 2],
			"rotation": {"angle": 0, "axis": "y", "origin": [0, 0, -9]},
			"faces": {
				"north": {"uv": [2.875, 6.375, 4.125, 8.375], "texture": "#0"},
				"east": {"uv": [2.75, 6.375, 2.875, 8.375], "texture": "#0"},
				"south": {"uv": [4.25, 6.375, 5.5, 8.375], "texture": "#0"},
				"west": {"uv": [4.125, 6.375, 4.25, 8.375], "texture": "#0"},
				"up": {"uv": [4.125, 6.375, 2.875, 6.25], "texture": "#0"},
				"down": {"uv": [5.375, 6.25, 4.125, 6.375], "texture": "#0"}
			}
		},
		{
			"from": [13, 0, 2],
			"to": [14, 15, 3],
			"rotation": {"angle": 0, "axis": "y", "origin": [0, 0, -9]},
			"faces": {
				"north": {"uv": [1.125, 8.25, 1.25, 10.125], "texture": "#0"},
				"east": {"uv": [1, 8.25, 1.125, 10.125], "texture": "#0"},
				"south": {"uv": [1.375, 8.25, 1.5, 10.125], "texture": "#0"},
				"west": {"uv": [1.25, 8.25, 1.375, 10.125], "texture": "#0"},
				"up": {"uv": [1.25, 8.25, 1.125, 8.125], "texture": "#0"},
				"down": {"uv": [1.375, 8.125, 1.25, 8.25], "texture": "#0"}
			}
		},
		{
			"from": [2, 0, 2],
			"to": [3, 15, 3],
			"rotation": {"angle": 0, "axis": "y", "origin": [-11, 0, -9]},
			"faces": {
				"north": {"uv": [0.625, 8.25, 0.75, 10.125], "texture": "#0"},
				"east": {"uv": [0.5, 8.25, 0.625, 10.125], "texture": "#0"},
				"south": {"uv": [0.875, 8.25, 1, 10.125], "texture": "#0"},
				"west": {"uv": [0.75, 8.25, 0.875, 10.125], "texture": "#0"},
				"up": {"uv": [0.75, 8.25, 0.625, 8.125], "texture": "#0"},
				"down": {"uv": [0.875, 8.125, 0.75, 8.25], "texture": "#0"}
			}
		},
		{
			"from": [2, 0, 12],
			"to": [3, 15, 13],
			"rotation": {"angle": 0, "axis": "y", "origin": [-11, 0, 1]},
			"faces": {
				"north": {"uv": [0.125, 8.25, 0.25, 10.125], "texture": "#0"},
				"east": {"uv": [0, 8.25, 0.125, 10.125], "texture": "#0"},
				"south": {"uv": [0.375, 8.25, 0.5, 10.125], "texture": "#0"},
				"west": {"uv": [0.25, 8.25, 0.375, 10.125], "texture": "#0"},
				"up": {"uv": [0.25, 8.25, 0.125, 8.125], "texture": "#0"},
				"down": {"uv": [0.375, 8.125, 0.25, 8.25], "texture": "#0"}
			}
		},
		{
			"from": [13, 0, 12],
			"to": [14, 15, 13],
			"rotation": {"angle": 0, "axis": "y", "origin": [0, 0, 1]},
			"faces": {
				"north": {"uv": [8.125, 7, 8.25, 8.875], "texture": "#0"},
				"east": {"uv": [8, 7, 8.125, 8.875], "texture": "#0"},
				"south": {"uv": [8.375, 7, 8.5, 8.875], "texture": "#0"},
				"west": {"uv": [8.25, 7, 8.375, 8.875], "texture": "#0"},
				"up": {"uv": [8.25, 7, 8.125, 6.875], "texture": "#0"},
				"down": {"uv": [8.375, 6.875, 8.25, 7], "texture": "#0"}
			}
		},
		{
			"from": [3, 0, 13],
			"to": [13, 16, 14],
			"rotation": {"angle": 0, "axis": "y", "origin": [0, 0, 3]},
			"faces": {
				"north": {"uv": [0.125, 6.25, 1.375, 8.25], "texture": "#0"},
				"east": {"uv": [0, 6.25, 0.125, 8.25], "texture": "#0"},
				"south": {"uv": [1.5, 6.25, 2.75, 8.25], "texture": "#0"},
				"west": {"uv": [1.375, 6.25, 1.5, 8.25], "texture": "#0"},
				"up": {"uv": [1.375, 6.25, 0.125, 6.125], "texture": "#0"},
				"down": {"uv": [2.625, 6.125, 1.375, 6.25], "texture": "#0"}
			}
		},
		{
			"from": [3, 17, 3],
			"to": [12, 19, 12],
			"rotation": {"angle": 0, "axis": "y", "origin": [0, 1, 0]},
			"faces": {
				"north": {"uv": [4.5, 2.5, 5.625, 2.75], "texture": "#0"},
				"east": {"uv": [3.375, 2.5, 4.5, 2.75], "texture": "#0"},
				"south": {"uv": [6.75, 2.5, 7.875, 2.75], "texture": "#0"},
				"west": {"uv": [5.625, 2.5, 6.75, 2.75], "texture": "#0"},
				"up": {"uv": [5.625, 2.5, 4.5, 1.375], "texture": "#0"},
				"down": {"uv": [6.75, 1.375, 5.625, 2.5], "texture": "#0"}
			}
		},
		{
			"from": [4, 16, 11],
			"to": [12, 18, 13],
			"rotation": {"angle": 0, "axis": "y", "origin": [0, 1, 7]},
			"faces": {
				"north": {"uv": [6.75, 2.25, 7.75, 2.5], "texture": "#0"},
				"east": {"uv": [6.5, 2.25, 6.75, 2.5], "texture": "#0"},
				"south": {"uv": [8, 2.25, 9, 2.5], "texture": "#0"},
				"west": {"uv": [7.75, 2.25, 8, 2.5], "texture": "#0"},
				"up": {"uv": [7.75, 2.25, 6.75, 2], "texture": "#0"},
				"down": {"uv": [8.75, 2, 7.75, 2.25], "texture": "#0"}
			}
		},
		{
			"from": [4, 16, 2],
			"to": [12, 18, 4],
			"rotation": {"angle": 0, "axis": "y", "origin": [0, 1, -2]},
			"faces": {
				"north": {"uv": [6.75, 1.75, 7.75, 2], "texture": "#0"},
				"east": {"uv": [6.5, 1.75, 6.75, 2], "texture": "#0"},
				"south": {"uv": [8, 1.75, 9, 2], "texture": "#0"},
				"west": {"uv": [7.75, 1.75, 8, 2], "texture": "#0"},
				"up": {"uv": [7.75, 1.75, 6.75, 1.5], "texture": "#0"},
				"down": {"uv": [8.75, 1.5, 7.75, 1.75], "texture": "#0"}
			}
		},
		{
			"from": [12, 16, 3],
			"to": [14, 18, 12],
			"rotation": {"angle": 0, "axis": "y", "origin": [8, 1, 0]},
			"faces": {
				"north": {"uv": [6.625, 5.375, 6.875, 5.625], "texture": "#0"},
				"east": {"uv": [5.5, 5.375, 6.625, 5.625], "texture": "#0"},
				"south": {"uv": [8, 5.375, 8.25, 5.625], "texture": "#0"},
				"west": {"uv": [6.875, 5.375, 8, 5.625], "texture": "#0"},
				"up": {"uv": [6.875, 5.375, 6.625, 4.25], "texture": "#0"},
				"down": {"uv": [7.125, 4.25, 6.875, 5.375], "texture": "#0"}
			}
		},
		{
			"from": [12, 18, 3],
			"to": [13, 19, 12],
			"rotation": {"angle": 0, "axis": "y", "origin": [8, 3, 0]},
			"faces": {
				"north": {"uv": [7, 6.75, 7.125, 6.875], "texture": "#0"},
				"east": {"uv": [5.875, 6.75, 7, 6.875], "texture": "#0"},
				"south": {"uv": [8.25, 6.75, 8.375, 6.875], "texture": "#0"},
				"west": {"uv": [7.125, 6.75, 8.25, 6.875], "texture": "#0"},
				"up": {"uv": [7.125, 6.75, 7, 5.625], "texture": "#0"},
				"down": {"uv": [7.25, 5.625, 7.125, 6.75], "texture": "#0"}
			}
		},
		{
			"from": [2, 16, 3],
			"to": [4, 18, 12],
			"rotation": {"angle": 0, "axis": "y", "origin": [-2, 1, 0]},
			"faces": {
				"north": {"uv": [5.5, 1.125, 5.75, 1.375], "texture": "#0"},
				"east": {"uv": [4.375, 1.125, 5.5, 1.375], "texture": "#0"},
				"south": {"uv": [6.875, 1.125, 7.125, 1.375], "texture": "#0"},
				"west": {"uv": [5.75, 1.125, 6.875, 1.375], "texture": "#0"},
				"up": {"uv": [5.75, 1.125, 5.5, 0], "texture": "#0"},
				"down": {"uv": [6, 0, 5.75, 1.125], "texture": "#0"}
			}
		},
		{
			"from": [12, 15, 2],
			"to": [14, 16, 13],
			"rotation": {"angle": 0, "axis": "y", "origin": [8, 0, -1]},
			"faces": {
				"north": {"uv": [5, 6.125, 5.25, 6.25], "texture": "#0"},
				"east": {"uv": [3.625, 6.125, 5, 6.25], "texture": "#0"},
				"south": {"uv": [6.625, 6.125, 6.875, 6.25], "texture": "#0"},
				"west": {"uv": [5.25, 6.125, 6.625, 6.25], "texture": "#0"},
				"up": {"uv": [5.25, 6.125, 5, 4.75], "texture": "#0"},
				"down": {"uv": [5.5, 4.75, 5.25, 6.125], "texture": "#0"}
			}
		},
		{
			"from": [2, 15, 2],
			"to": [4, 16, 13],
			"rotation": {"angle": 0, "axis": "y", "origin": [-2, 0, 0]},
			"faces": {
				"north": {"uv": [5.25, 4.125, 5.5, 4.25], "texture": "#0"},
				"east": {"uv": [3.875, 4.125, 5.25, 4.25], "texture": "#0"},
				"south": {"uv": [6.875, 4.125, 7.125, 4.25], "texture": "#0"},
				"west": {"uv": [5.5, 4.125, 6.875, 4.25], "texture": "#0"},
				"up": {"uv": [5.5, 4.125, 5.25, 2.75], "texture": "#0"},
				"down": {"uv": [5.75, 2.75, 5.5, 4.125], "texture": "#0"}
			}
		},
		{
			"from": [1, 15, 3],
			"to": [2, 16, 12],
			"rotation": {"angle": 0, "axis": "y", "origin": [-4, 0, 0]},
			"faces": {
				"north": {"uv": [6.625, 8, 6.75, 8.125], "texture": "#0"},
				"east": {"uv": [5.5, 8, 6.625, 8.125], "texture": "#0"},
				"south": {"uv": [7.875, 8, 8, 8.125], "texture": "#0"},
				"west": {"uv": [6.75, 8, 7.875, 8.125], "texture": "#0"},
				"up": {"uv": [6.75, 8, 6.625, 6.875], "texture": "#0"},
				"down": {"uv": [6.875, 6.875, 6.75, 8], "texture": "#0"}
			}
		},
		{
			"from": [14, 15, 3],
			"to": [15, 16, 12],
			"rotation": {"angle": 0, "axis": "y", "origin": [9, 0, 0]},
			"faces": {
				"north": {"uv": [7.125, 1.375, 7.25, 1.5], "texture": "#0"},
				"east": {"uv": [6, 1.375, 7.125, 1.5], "texture": "#0"},
				"south": {"uv": [8.375, 1.375, 8.5, 1.5], "texture": "#0"},
				"west": {"uv": [7.25, 1.375, 8.375, 1.5], "texture": "#0"},
				"up": {"uv": [7.25, 1.375, 7.125, 0.25], "texture": "#0"},
				"down": {"uv": [7.375, 0.25, 7.25, 1.375], "texture": "#0"}
			}
		}
	]
}