{
	"credit": "Made with Blockbench",
	"texture_size": [64, 64],
	"textures": {
		"0": "item/chr_kampos"
	},
	"elements": [
		{
			"name": "Head",
			"from": [-6, 0, 4],
			"to": [2, 8, 12],
			"rotation": {"angle": -22.5, "axis": "x", "origin": [-7, 3, 8]},
			"faces": {
				"north": {"uv": [2, 2, 4, 4], "rotation": 90, "texture": "#0"},
				"east": {"uv": [6, 0, 4, 2], "rotation": 270, "texture": "#0"},
				"south": {"uv": [6, 2, 8, 4], "rotation": 270, "texture": "#0"},
				"west": {"uv": [4, 2, 2, 0], "rotation": 270, "texture": "#0"},
				"up": {"uv": [0, 2, 2, 4], "rotation": 270, "texture": "#0"},
				"down": {"uv": [4, 2, 6, 4], "rotation": 270, "texture": "#0"}
			}
		},
		{
			"name": "Hat Layer",
			"from": [-6, -0.5, 3.5],
			"to": [3, 8.5, 12.5],
			"rotation": {"angle": -22.5, "axis": "x", "origin": [-7, 3, 8]},
			"faces": {
				"north": {"uv": [10, 2, 12, 4], "rotation": 90, "texture": "#0"},
				"east": {"uv": [14, 0, 12, 2], "rotation": 270, "texture": "#0"},
				"south": {"uv": [14, 2, 16, 4], "rotation": 270, "texture": "#0"},
				"west": {"uv": [12, 2, 10, 0], "rotation": 270, "texture": "#0"},
				"up": {"uv": [8, 2, 10, 4], "rotation": 270, "texture": "#0"},
				"down": {"uv": [12, 2, 14, 4], "rotation": 270, "texture": "#0"}
			}
		},
		{
			"name": "Body",
			"from": [2, 0, 6],
			"to": [14, 8, 10],
			"rotation": {"angle": 0, "axis": "z", "origin": [8, 4, 8]},
			"faces": {
				"north": {"uv": [5, 5, 7, 8], "rotation": 90, "texture": "#0"},
				"east": {"uv": [9, 4, 7, 5], "rotation": 270, "texture": "#0"},
				"south": {"uv": [8, 5, 10, 8], "rotation": 270, "texture": "#0"},
				"west": {"uv": [7, 5, 5, 4], "rotation": 270, "texture": "#0"},
				"up": {"uv": [4, 5, 5, 8], "rotation": 270, "texture": "#0"},
				"down": {"uv": [7, 5, 8, 8], "rotation": 270, "texture": "#0"}
			}
		},
		{
			"name": "Body Layer",
			"from": [1.75, -0.25, 5.75],
			"to": [14.25, 8.25, 10.25],
			"rotation": {"angle": 0, "axis": "z", "origin": [8, 4, 8]},
			"faces": {
				"north": {"uv": [5, 9, 7, 12], "rotation": 90, "texture": "#0"},
				"east": {"uv": [9, 8, 7, 9], "rotation": 270, "texture": "#0"},
				"south": {"uv": [8, 9, 10, 12], "rotation": 270, "texture": "#0"},
				"west": {"uv": [7, 9, 5, 8], "rotation": 270, "texture": "#0"},
				"up": {"uv": [4, 9, 5, 12], "rotation": 270, "texture": "#0"},
				"down": {"uv": [7, 9, 8, 12], "rotation": 270, "texture": "#0"}
			}
		},
		{
			"name": "Right Arm",
			"from": [3, -3, 7],
			"to": [7, 9, 10],
			"rotation": {"angle": -45, "axis": "x", "origin": [-6, 9, 8]},
			"faces": {
				"north": {"uv": [11.75, 5, 12.75, 8], "texture": "#0"},
				"east": {"uv": [11, 5, 11.75, 8], "texture": "#0"},
				"south": {"uv": [10, 5, 11, 8], "texture": "#0"},
				"west": {"uv": [12.75, 5, 13.5, 8], "texture": "#0"},
				"up": {"uv": [11.75, 5, 11, 4], "rotation": 90, "texture": "#0"},
				"down": {"uv": [12.5, 4, 11.75, 5], "rotation": 270, "texture": "#0"}
			}
		},
		{
			"name": "Right Arm Layer",
			"from": [2.75, -3.25, 6.75],
			"to": [7.25, 9.25, 10.25],
			"rotation": {"angle": -45, "axis": "x", "origin": [-6, 9, 8]},
			"faces": {
				"north": {"uv": [11.75, 9, 12.75, 12], "texture": "#0"},
				"east": {"uv": [11, 9, 11.75, 12], "texture": "#0"},
				"south": {"uv": [10, 9, 11, 12], "texture": "#0"},
				"west": {"uv": [12.75, 9, 13.5, 12], "texture": "#0"},
				"up": {"uv": [11.75, 9, 11, 8], "rotation": 90, "texture": "#0"},
				"down": {"uv": [12.5, 8, 11.75, 9], "rotation": 270, "texture": "#0"}
			}
		},
		{
			"name": "Left Arm",
			"from": [1.77817, 0, 10.94975],
			"to": [13.77817, 3, 14.94975],
			"rotation": {"angle": 45, "axis": "y", "origin": [-6, -1, 8]},
			"faces": {
				"north": {"uv": [9, 13, 9.75, 16], "rotation": 90, "texture": "#0"},
				"east": {"uv": [10.5, 12, 9.75, 13], "rotation": 270, "texture": "#0"},
				"south": {"uv": [10.75, 13, 11.5, 16], "rotation": 270, "texture": "#0"},
				"west": {"uv": [9.75, 13, 9, 12], "rotation": 270, "texture": "#0"},
				"up": {"uv": [8, 13, 9, 16], "rotation": 270, "texture": "#0"},
				"down": {"uv": [9.75, 13, 10.75, 16], "rotation": 270, "texture": "#0"}
			}
		},
		{
			"name": "Left Arm Layer",
			"from": [1.52817, -0.25, 10.69975],
			"to": [14.02817, 3.25, 15.19975],
			"rotation": {"angle": 45, "axis": "y", "origin": [-6, -1, 8]},
			"faces": {
				"north": {"uv": [13, 13, 13.75, 16], "rotation": 90, "texture": "#0"},
				"east": {"uv": [14.5, 12, 13.75, 13], "rotation": 270, "texture": "#0"},
				"south": {"uv": [14.75, 13, 15.5, 16], "rotation": 270, "texture": "#0"},
				"west": {"uv": [13.75, 13, 13, 12], "rotation": 270, "texture": "#0"},
				"up": {"uv": [12, 13, 13, 16], "rotation": 270, "texture": "#0"},
				"down": {"uv": [13.75, 13, 14.75, 16], "rotation": 270, "texture": "#0"}
			}
		},
		{
			"name": "Right Leg",
			"from": [13.39104, 6.96147, 7],
			"to": [25.39104, 10.96147, 11],
			"rotation": {"angle": -22.5, "axis": "z", "origin": [6, 6, 8]},
			"faces": {
				"north": {"uv": [1, 5, 2, 8], "rotation": 90, "texture": "#0"},
				"east": {"uv": [3, 4, 2, 5], "rotation": 270, "texture": "#0"},
				"south": {"uv": [3, 5, 4, 8], "rotation": 270, "texture": "#0"},
				"west": {"uv": [2, 5, 1, 4], "rotation": 270, "texture": "#0"},
				"up": {"uv": [0, 5, 1, 8], "rotation": 270, "texture": "#0"},
				"down": {"uv": [2, 5, 3, 8], "rotation": 270, "texture": "#0"}
			}
		},
		{
			"name": "Right Leg Layer",
			"from": [13.14104, 6.71147, 6.75],
			"to": [25.64104, 11.21147, 11.25],
			"rotation": {"angle": -22.5, "axis": "z", "origin": [6, 6, 8]},
			"faces": {
				"north": {"uv": [1, 9, 2, 12], "rotation": 90, "texture": "#0"},
				"east": {"uv": [3, 8, 2, 9], "rotation": 270, "texture": "#0"},
				"south": {"uv": [3, 9, 4, 12], "rotation": 270, "texture": "#0"},
				"west": {"uv": [2, 9, 1, 8], "rotation": 270, "texture": "#0"},
				"up": {"uv": [0, 9, 1, 12], "rotation": 270, "texture": "#0"},
				"down": {"uv": [2, 9, 3, 12], "rotation": 270, "texture": "#0"}
			}
		},
		{
			"name": "Left Leg",
			"from": [13.39104, 0.1, 9.06147],
			"to": [25.39104, 4.1, 13.06147],
			"rotation": {"angle": 22.5, "axis": "y", "origin": [6, 2, 8]},
			"faces": {
				"north": {"uv": [5, 13, 6, 16], "rotation": 90, "texture": "#0"},
				"east": {"uv": [7, 12, 6, 13], "rotation": 270, "texture": "#0"},
				"south": {"uv": [7, 13, 8, 16], "rotation": 270, "texture": "#0"},
				"west": {"uv": [6, 13, 5, 12], "rotation": 270, "texture": "#0"},
				"up": {"uv": [4, 13, 5, 16], "rotation": 270, "texture": "#0"},
				"down": {"uv": [6, 13, 7, 16], "rotation": 270, "texture": "#0"}
			}
		},
		{
			"name": "Left Leg Layer",
			"from": [13.52372, -0.15, 7.88759],
			"to": [26.02372, 4.35, 12.38759],
			"rotation": {"angle": 22.5, "axis": "y", "origin": [6, 2, 8]},
			"faces": {
				"north": {"uv": [1, 13, 2, 16], "rotation": 90, "texture": "#0"},
				"east": {"uv": [3, 12, 2, 13], "rotation": 270, "texture": "#0"},
				"south": {"uv": [3, 13, 4, 16], "rotation": 270, "texture": "#0"},
				"west": {"uv": [2, 13, 1, 12], "rotation": 270, "texture": "#0"},
				"up": {"uv": [0, 13, 1, 16], "rotation": 270, "texture": "#0"},
				"down": {"uv": [2, 13, 3, 16], "rotation": 270, "texture": "#0"}
			}
		}
	],
	"groups": [
		{
			"name": "Head",
			"origin": [0, 24, 0],
			"rotation": [6, -5, 0],
			"color": 0,
			"children": [0, 1]
		},
		{
			"name": "Body",
			"origin": [0, 24, 0],
			"color": 0,
			"children": [2, 3]
		},
		{
			"name": "Right Arm",
			"origin": [5, 22, 0],
			"rotation": [10, 0, 0],
			"color": 0,
			"children": [4, 5]
		},
		{
			"name": "Left Arm",
			"origin": [-5, 22, 0],
			"rotation": [-12, 0, 0],
			"color": 0,
			"children": [6, 7]
		},
		{
			"name": "Right Leg",
			"origin": [1.9, 12, 0],
			"rotation": [-11, 0, 2],
			"color": 0,
			"children": [8, 9]
		},
		{
			"name": "Left Leg",
			"origin": [-1.9, 12, 0],
			"rotation": [10, 0, -2],
			"color": 0,
			"children": [10, 11]
		}
	]
}