{
	"credit": "Made with Blockbench",
	"texture_size": [64, 64],
	"textures": {
		"0": "block/pot",
		"particle": "block/pot"
	},
	"elements": [
		{
			"from": [3, 1.5, 3],
			"to": [3, 7.5, 13],
			"rotation": {"angle": 0, "axis": "y", "origin": [-3, 5, 7]},
			"faces": {
				"north": {"uv": [2.5, 2.5, 2.5, 4], "texture": "#0"},
				"east": {"uv": [0, 2.5, 2.5, 4], "texture": "#0"},
				"south": {"uv": [5, 2.5, 5, 4], "texture": "#0"},
				"west": {"uv": [2.5, 2.5, 5, 4], "texture": "#0"},
				"up": {"uv": [2.5, 2.5, 2.5, 0], "texture": "#0"},
				"down": {"uv": [2.5, 0, 2.5, 2.5], "texture": "#0"}
			}
		},
		{
			"from": [2, 1.5, 12],
			"to": [3, 9.5, 13],
			"rotation": {"angle": 0, "axis": "y", "origin": [7, 4, 7]},
			"faces": {
				"north": {"uv": [8.75, 0.25, 9, 2.25], "texture": "#0"},
				"east": {"uv": [8.5, 0.25, 8.75, 2.25], "texture": "#0"},
				"south": {"uv": [9.25, 0.25, 9.5, 2.25], "texture": "#0"},
				"west": {"uv": [9, 0.25, 9.25, 2.25], "texture": "#0"},
				"up": {"uv": [9, 0.25, 8.75, 0], "texture": "#0"},
				"down": {"uv": [9.25, 0, 9, 0.25], "texture": "#0"}
			}
		},
		{
			"from": [3, 1.5, 13],
			"to": [4, 9.5, 14],
			"rotation": {"angle": 0, "axis": "y", "origin": [8, 4, 8]},
			"faces": {
				"north": {"uv": [7.75, 0.25, 8, 2.25], "texture": "#0"},
				"east": {"uv": [7.5, 0.25, 7.75, 2.25], "texture": "#0"},
				"south": {"uv": [8.25, 0.25, 8.5, 2.25], "texture": "#0"},
				"west": {"uv": [8, 0.25, 8.25, 2.25], "texture": "#0"},
				"up": {"uv": [8, 0.25, 7.75, 0], "texture": "#0"},
				"down": {"uv": [8.25, 0, 8, 0.25], "texture": "#0"}
			}
		},
		{
			"from": [3, 1.5, 2],
			"to": [4, 9.5, 3],
			"rotation": {"angle": 0, "axis": "y", "origin": [8, 4, -3]},
			"faces": {
				"north": {"uv": [3.75, 4.25, 4, 6.25], "texture": "#0"},
				"east": {"uv": [3.5, 4.25, 3.75, 6.25], "texture": "#0"},
				"south": {"uv": [4.25, 4.25, 4.5, 6.25], "texture": "#0"},
				"west": {"uv": [4, 4.25, 4.25, 6.25], "texture": "#0"},
				"up": {"uv": [4, 4.25, 3.75, 4], "texture": "#0"},
				"down": {"uv": [4.25, 4, 4, 4.25], "texture": "#0"}
			}
		},
		{
			"from": [2, 1.5, 3],
			"to": [3, 9.5, 4],
			"rotation": {"angle": 0, "axis": "y", "origin": [7, 4, -2]},
			"faces": {
				"north": {"uv": [2.75, 4.25, 3, 6.25], "texture": "#0"},
				"east": {"uv": [2.5, 4.25, 2.75, 6.25], "texture": "#0"},
				"south": {"uv": [3.25, 4.25, 3.5, 6.25], "texture": "#0"},
				"west": {"uv": [3, 4.25, 3.25, 6.25], "texture": "#0"},
				"up": {"uv": [3, 4.25, 2.75, 4], "texture": "#0"},
				"down": {"uv": [3.25, 4, 3, 4.25], "texture": "#0"}
			}
		},
		{
			"from": [13, 1.5, 3],
			"to": [14, 9.5, 4],
			"rotation": {"angle": 0, "axis": "y", "origin": [18, 4, -2]},
			"faces": {
				"north": {"uv": [1.25, 4.25, 1.5, 6.25], "texture": "#0"},
				"east": {"uv": [1, 4.25, 1.25, 6.25], "texture": "#0"},
				"south": {"uv": [1.75, 4.25, 2, 6.25], "texture": "#0"},
				"west": {"uv": [1.5, 4.25, 1.75, 6.25], "texture": "#0"},
				"up": {"uv": [1.5, 4.25, 1.25, 4], "texture": "#0"},
				"down": {"uv": [1.75, 4, 1.5, 4.25], "texture": "#0"}
			}
		},
		{
			"from": [12, 1.5, 2],
			"to": [13, 9.5, 3],
			"rotation": {"angle": 0, "axis": "y", "origin": [17, 4, -3]},
			"faces": {
				"north": {"uv": [0.25, 4.25, 0.5, 6.25], "texture": "#0"},
				"east": {"uv": [0, 4.25, 0.25, 6.25], "texture": "#0"},
				"south": {"uv": [0.75, 4.25, 1, 6.25], "texture": "#0"},
				"west": {"uv": [0.5, 4.25, 0.75, 6.25], "texture": "#0"},
				"up": {"uv": [0.5, 4.25, 0.25, 4], "texture": "#0"},
				"down": {"uv": [0.75, 4, 0.5, 4.25], "texture": "#0"}
			}
		},
		{
			"from": [12, 1.5, 13],
			"to": [13, 9.5, 14],
			"rotation": {"angle": 0, "axis": "y", "origin": [17, 4, 8]},
			"faces": {
				"north": {"uv": [5.75, 4.25, 6, 6.25], "texture": "#0"},
				"east": {"uv": [5.5, 4.25, 5.75, 6.25], "texture": "#0"},
				"south": {"uv": [6.25, 4.25, 6.5, 6.25], "texture": "#0"},
				"west": {"uv": [6, 4.25, 6.25, 6.25], "texture": "#0"},
				"up": {"uv": [6, 4.25, 5.75, 4], "texture": "#0"},
				"down": {"uv": [6.25, 4, 6, 4.25], "texture": "#0"}
			}
		},
		{
			"from": [13, 1.5, 12],
			"to": [14, 9.5, 13],
			"rotation": {"angle": 0, "axis": "y", "origin": [18, 4, 7]},
			"faces": {
				"north": {"uv": [4.75, 4.25, 5, 6.25], "texture": "#0"},
				"east": {"uv": [4.5, 4.25, 4.75, 6.25], "texture": "#0"},
				"south": {"uv": [5.25, 4.25, 5.5, 6.25], "texture": "#0"},
				"west": {"uv": [5, 4.25, 5.25, 6.25], "texture": "#0"},
				"up": {"uv": [5, 4.25, 4.75, 4], "texture": "#0"},
				"down": {"uv": [5.25, 4, 5, 4.25], "texture": "#0"}
			}
		},
		{
			"from": [4, 1.5, 2],
			"to": [12, 9.5, 3],
			"rotation": {"angle": 0, "axis": "y", "origin": [7, 0, 5]},
			"faces": {
				"north": {"uv": [4.75, 8.25, 6.75, 10.25], "texture": "#0"},
				"east": {"uv": [4.5, 8.25, 4.75, 10.25], "texture": "#0"},
				"south": {"uv": [7, 8.25, 9, 10.25], "texture": "#0"},
				"west": {"uv": [6.75, 8.25, 7, 10.25], "texture": "#0"},
				"up": {"uv": [6.75, 8.25, 4.75, 8], "texture": "#0"},
				"down": {"uv": [8.75, 8, 6.75, 8.25], "texture": "#0"}
			}
		},
		{
			"from": [4, 1.5, 14],
			"to": [12, 9.5, 15],
			"rotation": {"angle": 0, "axis": "y", "origin": [7, -1, 5]},
			"faces": {
				"north": {"uv": [0.25, 8, 2.25, 10], "texture": "#0"},
				"east": {"uv": [0, 8, 0.25, 10], "texture": "#0"},
				"south": {"uv": [2.5, 8, 4.5, 10], "texture": "#0"},
				"west": {"uv": [2.25, 8, 2.5, 10], "texture": "#0"},
				"up": {"uv": [2.25, 8, 0.25, 7.75], "texture": "#0"},
				"down": {"uv": [4.25, 7.75, 2.25, 8], "texture": "#0"}
			}
		},
		{
			"from": [2, 1.5, 4],
			"to": [3, 2.5, 12],
			"rotation": {"angle": 0, "axis": "y", "origin": [-2, 0, 11]},
			"faces": {
				"north": {"uv": [9.5, 2, 9.75, 2.25], "texture": "#0"},
				"east": {"uv": [7.5, 2, 9.5, 2.25], "texture": "#0"},
				"south": {"uv": [11.75, 2, 12, 2.25], "texture": "#0"},
				"west": {"uv": [9.75, 2, 11.75, 2.25], "texture": "#0"},
				"up": {"uv": [9.75, 2, 9.5, 0], "texture": "#0"},
				"down": {"uv": [10, 0, 9.75, 2], "texture": "#0"}
			}
		},
		{
			"from": [1, 1.5, 4],
			"to": [2, 9.5, 12],
			"rotation": {"angle": 0, "axis": "y", "origin": [-3, 0, 11]},
			"faces": {
				"north": {"uv": [6.5, 6, 6.75, 8], "texture": "#0"},
				"east": {"uv": [4.5, 6, 6.5, 8], "texture": "#0"},
				"south": {"uv": [8.75, 6, 9, 8], "texture": "#0"},
				"west": {"uv": [6.75, 6, 8.75, 8], "texture": "#0"},
				"up": {"uv": [6.75, 6, 6.5, 4], "texture": "#0"},
				"down": {"uv": [7, 4, 6.75, 6], "texture": "#0"}
			}
		},
		{
			"from": [14, 1.5, 4],
			"to": [15, 9.5, 12],
			"rotation": {"angle": 0, "axis": "y", "origin": [10, 0, 11]},
			"faces": {
				"north": {"uv": [2, 6, 2.25, 8], "texture": "#0"},
				"east": {"uv": [0, 6, 2, 8], "texture": "#0"},
				"south": {"uv": [4.25, 6, 4.5, 8], "texture": "#0"},
				"west": {"uv": [2.25, 6, 4.25, 8], "texture": "#0"},
				"up": {"uv": [2.25, 6, 2, 4], "texture": "#0"},
				"down": {"uv": [2.5, 4, 2.25, 6], "texture": "#0"}
			}
		},
		{
			"from": [13, 1.5, 4],
			"to": [14, 2.5, 12],
			"rotation": {"angle": 0, "axis": "y", "origin": [9, 0, 11]},
			"faces": {
				"north": {"uv": [9, 7.75, 9.25, 8], "texture": "#0"},
				"east": {"uv": [7, 7.75, 9, 8], "texture": "#0"},
				"south": {"uv": [11.25, 7.75, 11.5, 8], "texture": "#0"},
				"west": {"uv": [9.25, 7.75, 11.25, 8], "texture": "#0"},
				"up": {"uv": [9.25, 7.75, 9, 5.75], "texture": "#0"},
				"down": {"uv": [9.5, 5.75, 9.25, 7.75], "texture": "#0"}
			}
		},
		{
			"from": [4, 1.5, 13],
			"to": [12, 2.5, 14],
			"rotation": {"angle": 0, "axis": "y", "origin": [7, 0, 16]},
			"faces": {
				"north": {"uv": [7.25, 4.25, 9.25, 4.5], "texture": "#0"},
				"east": {"uv": [7, 4.25, 7.25, 4.5], "texture": "#0"},
				"south": {"uv": [9.5, 4.25, 11.5, 4.5], "texture": "#0"},
				"west": {"uv": [9.25, 4.25, 9.5, 4.5], "texture": "#0"},
				"up": {"uv": [9.25, 4.25, 7.25, 4], "texture": "#0"},
				"down": {"uv": [11.25, 4, 9.25, 4.25], "texture": "#0"}
			}
		},
		{
			"from": [4, 1.5, 3],
			"to": [12, 2.5, 4],
			"rotation": {"angle": 0, "axis": "y", "origin": [7, 0, 6]},
			"faces": {
				"north": {"uv": [7.25, 4.25, 9.25, 4.5], "texture": "#0"},
				"east": {"uv": [7, 4.25, 7.25, 4.5], "texture": "#0"},
				"south": {"uv": [9.5, 4.25, 11.5, 4.5], "texture": "#0"},
				"west": {"uv": [9.25, 4.25, 9.5, 4.5], "texture": "#0"},
				"up": {"uv": [9.25, 4.25, 7.25, 4], "texture": "#0"},
				"down": {"uv": [11.25, 4, 9.25, 4.25], "texture": "#0"}
			}
		},
		{
			"from": [3, 0.5, 3],
			"to": [13, 1.5, 13],
			"rotation": {"angle": 0, "axis": "y", "origin": [7, -1, 7]},
			"faces": {
				"north": {"uv": [7, 4.25, 9.5, 4.5], "texture": "#0"},
				"east": {"uv": [4.5, 4.25, 7, 4.5], "texture": "#0"},
				"south": {"uv": [12, 4.25, 14.5, 4.5], "texture": "#0"},
				"west": {"uv": [9.5, 4.25, 12, 4.5], "texture": "#0"},
				"up": {"uv": [9.5, 4.25, 7, 1.75], "texture": "#0"},
				"down": {"uv": [12, 1.75, 9.5, 4.25], "texture": "#0"}
			}
		},
		{
			"from": [1, 9, 6],
			"to": [2, 11, 7],
			"rotation": {"angle": 0, "axis": "y", "origin": [0, 11, 6]},
			"faces": {
				"north": {"uv": [7.25, 5.5, 7.5, 6], "texture": "#0"},
				"east": {"uv": [7, 5.5, 7.25, 6], "texture": "#0"},
				"south": {"uv": [7.75, 5.5, 8, 6], "texture": "#0"},
				"west": {"uv": [7.5, 5.5, 7.75, 6], "texture": "#0"},
				"up": {"uv": [7.5, 5.5, 7.25, 5.25], "texture": "#0"},
				"down": {"uv": [7.75, 5.25, 7.5, 5.5], "texture": "#0"}
			}
		},
		{
			"from": [1, 11, 7],
			"to": [2, 12, 10],
			"rotation": {"angle": 0, "axis": "y", "origin": [0, 13, 6]},
			"faces": {
				"north": {"uv": [0.75, 1.75, 1, 2], "texture": "#0"},
				"east": {"uv": [0, 1.75, 0.75, 2], "texture": "#0"},
				"south": {"uv": [1.75, 1.75, 2, 2], "texture": "#0"},
				"west": {"uv": [1, 1.75, 1.75, 2], "texture": "#0"},
				"up": {"uv": [1, 1.75, 0.75, 1], "texture": "#0"},
				"down": {"uv": [1.25, 1, 1, 1.75], "texture": "#0"}
			}
		},
		{
			"from": [14, 11, 7],
			"to": [15, 12, 10],
			"rotation": {"angle": 0, "axis": "y", "origin": [13, 13, 6]},
			"faces": {
				"north": {"uv": [0.75, 0.75, 1, 1], "texture": "#0"},
				"east": {"uv": [0, 0.75, 0.75, 1], "texture": "#0"},
				"south": {"uv": [1.75, 0.75, 2, 1], "texture": "#0"},
				"west": {"uv": [1, 0.75, 1.75, 1], "texture": "#0"},
				"up": {"uv": [1, 0.75, 0.75, 0], "texture": "#0"},
				"down": {"uv": [1.25, 0, 1, 0.75], "texture": "#0"}
			}
		},
		{
			"from": [14, 9, 6],
			"to": [15, 11, 7],
			"rotation": {"angle": 0, "axis": "y", "origin": [13, 11, 6]},
			"faces": {
				"north": {"uv": [1.5, 1.25, 1.75, 1.75], "texture": "#0"},
				"east": {"uv": [1.25, 1.25, 1.5, 1.75], "texture": "#0"},
				"south": {"uv": [2, 1.25, 2.25, 1.75], "texture": "#0"},
				"west": {"uv": [1.75, 1.25, 2, 1.75], "texture": "#0"},
				"up": {"uv": [1.75, 1.25, 1.5, 1], "texture": "#0"},
				"down": {"uv": [2, 1, 1.75, 1.25], "texture": "#0"}
			}
		},
		{
			"from": [1, 9, 10],
			"to": [2, 11, 11],
			"rotation": {"angle": 0, "axis": "y", "origin": [0, 11, 10]},
			"faces": {
				"north": {"uv": [7.25, 4.75, 7.5, 5.25], "texture": "#0"},
				"east": {"uv": [7, 4.75, 7.25, 5.25], "texture": "#0"},
				"south": {"uv": [7.75, 4.75, 8, 5.25], "texture": "#0"},
				"west": {"uv": [7.5, 4.75, 7.75, 5.25], "texture": "#0"},
				"up": {"uv": [7.5, 4.75, 7.25, 4.5], "texture": "#0"},
				"down": {"uv": [7.75, 4.5, 7.5, 4.75], "texture": "#0"}
			}
		},
		{
			"from": [14, 9, 10],
			"to": [15, 11, 11],
			"rotation": {"angle": 0, "axis": "y", "origin": [13, 11, 10]},
			"faces": {
				"north": {"uv": [1.5, 0.25, 1.75, 0.75], "texture": "#0"},
				"east": {"uv": [1.25, 0.25, 1.5, 0.75], "texture": "#0"},
				"south": {"uv": [2, 0.25, 2.25, 0.75], "texture": "#0"},
				"west": {"uv": [1.75, 0.25, 2, 0.75], "texture": "#0"},
				"up": {"uv": [1.75, 0.25, 1.5, 0], "texture": "#0"},
				"down": {"uv": [2, 0, 1.75, 0.25], "texture": "#0"}
			}
		},
		{
			"from": [3, 2, 4],
			"to": [12, 7, 12],
			"faces": {
				"north": {"uv": [-2, 0.5, 0.25, 1.75], "texture": "#0"},
				"east": {"uv": [-4, 0.5, -2, 1.75], "texture": "#0"},
				"south": {"uv": [2.25, 0.5, 4.5, 1.75], "texture": "#0"},
				"west": {"uv": [0.25, 0.5, 2.25, 1.75], "texture": "#0"},
				"up": {"uv": [0.25, 0.5, -2, -1.5], "texture": "#0"},
				"down": {"uv": [2.5, -1.5, 0.25, 0.5], "texture": "#0"}
			}
		},
		{
			"from": [2, 3, 4],
			"to": [3, 7, 12],
			"rotation": {"angle": 0, "axis": "y", "origin": [-1, 0, 0]},
			"faces": {
				"north": {"uv": [0, 0.5, 0.25, 1.5], "texture": "#0"},
				"east": {"uv": [-2, 0.5, 0, 1.5], "texture": "#0"},
				"south": {"uv": [2.25, 0.5, 2.5, 1.5], "texture": "#0"},
				"west": {"uv": [0.25, 0.5, 2.25, 1.5], "texture": "#0"},
				"up": {"uv": [0.25, 0.5, 0, -1.5], "texture": "#0"},
				"down": {"uv": [0.5, -1.5, 0.25, 0.5], "texture": "#0"}
			}
		},
		{
			"from": [13, 3, 4],
			"to": [14, 7, 12],
			"rotation": {"angle": 0, "axis": "y", "origin": [10, 0, 0]},
			"faces": {
				"north": {"uv": [0, 0.5, 0.25, 1.5], "texture": "#0"},
				"east": {"uv": [-2, 0.5, 0, 1.5], "texture": "#0"},
				"south": {"uv": [2.25, 0.5, 2.5, 1.5], "texture": "#0"},
				"west": {"uv": [0.25, 0.5, 2.25, 1.5], "texture": "#0"},
				"up": {"uv": [0.25, 0.5, 0, -1.5], "texture": "#0"},
				"down": {"uv": [0.5, -1.5, 0.25, 0.5], "texture": "#0"}
			}
		},
		{
			"from": [12, 3, 4],
			"to": [13, 7, 12],
			"rotation": {"angle": 0, "axis": "y", "origin": [9, 0, 0]},
			"faces": {
				"north": {"uv": [0, 0.5, 0.25, 1.5], "texture": "#0"},
				"east": {"uv": [-2, 0.5, 0, 1.5], "texture": "#0"},
				"south": {"uv": [2.25, 0.5, 2.5, 1.5], "texture": "#0"},
				"west": {"uv": [0.25, 0.5, 2.25, 1.5], "texture": "#0"},
				"up": {"uv": [0.25, 0.5, 0, -1.5], "texture": "#0"},
				"down": {"uv": [0.5, -1.5, 0.25, 0.5], "texture": "#0"}
			}
		},
		{
			"from": [3, 2, 12],
			"to": [13, 7, 13],
			"rotation": {"angle": 0, "axis": "y", "origin": [0, 0, 2]},
			"faces": {
				"north": {"uv": [-2.25, 0.5, 0.25, 1.75], "texture": "#0"},
				"east": {"uv": [-2.5, 0.5, -2.25, 1.75], "texture": "#0"},
				"south": {"uv": [0.5, 0.5, 3, 1.75], "texture": "#0"},
				"west": {"uv": [0.25, 0.5, 0.5, 1.75], "texture": "#0"},
				"up": {"uv": [0.25, 0.5, -2.25, 0.25], "texture": "#0"},
				"down": {"uv": [2.75, 0.25, 0.25, 0.5], "texture": "#0"}
			}
		},
		{
			"from": [4, 2, 13],
			"to": [12, 7, 14],
			"rotation": {"angle": 0, "axis": "y", "origin": [0, 0, 3]},
			"faces": {
				"north": {"uv": [-2, 0.5, 0, 1.75], "texture": "#0"},
				"east": {"uv": [-2.25, 0.5, -2, 1.75], "texture": "#0"},
				"south": {"uv": [0.25, 0.5, 2.25, 1.75], "texture": "#0"},
				"west": {"uv": [0, 0.5, 0.25, 1.75], "texture": "#0"},
				"up": {"uv": [0, 0.5, -2, 0.25], "texture": "#0"},
				"down": {"uv": [2, 0.25, 0, 0.5], "texture": "#0"}
			}
		},
		{
			"from": [3, 3, 3],
			"to": [13, 7, 4],
			"rotation": {"angle": 0, "axis": "y", "origin": [0, 0, -7]},
			"faces": {
				"north": {"uv": [-2.25, 0.5, 0.25, 1.5], "texture": "#0"},
				"east": {"uv": [-2.5, 0.5, -2.25, 1.5], "texture": "#0"},
				"south": {"uv": [0.5, 0.5, 3, 1.5], "texture": "#0"},
				"west": {"uv": [0.25, 0.5, 0.5, 1.5], "texture": "#0"},
				"up": {"uv": [0.25, 0.5, -2.25, 0.25], "texture": "#0"},
				"down": {"uv": [2.75, 0.25, 0.25, 0.5], "texture": "#0"}
			}
		}
	]
}