{
	"credit": "Made with Blockbench",
	"texture_size": [32, 32],
	"textures": {
		"0": "block/spatula",
		"particle": "block/spatula"
	},
	"elements": [
		{
			"from": [8, 8, 8],
			"to": [9, 22, 9],
			"rotation": {"angle": 0, "axis": "y", "origin": [5, 5, 1]},
			"faces": {
				"north": {"uv": [0, 0, 0.5, 7], "texture": "#0"},
				"east": {"uv": [0.5, 0, 1, 7], "texture": "#0"},
				"south": {"uv": [1, 0, 1.5, 7], "texture": "#0"},
				"west": {"uv": [1.5, 0, 2, 7], "texture": "#0"},
				"up": {"uv": [7.5, 7, 7, 6.5], "texture": "#0"},
				"down": {"uv": [0.5, 7.5, 0, 8], "texture": "#0"}
			}
		},
		{
			"from": [6, 22, 8],
			"to": [11, 23, 9],
			"faces": {
				"north": {"uv": [0, 7, 2.5, 7.5], "texture": "#0"},
				"east": {"uv": [0.5, 7.5, 1, 8], "texture": "#0"},
				"south": {"uv": [7, 0, 9.5, 0.5], "texture": "#0"},
				"west": {"uv": [1, 7.5, 1.5, 8], "texture": "#0"},
				"up": {"uv": [9.5, 1, 7, 0.5], "texture": "#0"},
				"down": {"uv": [9.5, 1, 7, 1.5], "texture": "#0"}
			}
		},
		{
			"from": [6, 23, 8],
			"to": [11, 24, 9],
			"rotation": {"angle": 0, "axis": "y", "origin": [0, 1, 0]},
			"faces": {
				"north": {"uv": [5, 7, 7.5, 7.5], "texture": "#0"},
				"east": {"uv": [7.5, 7.5, 8, 8], "texture": "#0"},
				"south": {"uv": [7, 5, 9.5, 5.5], "texture": "#0"},
				"west": {"uv": [0, 8, 0.5, 8.5], "texture": "#0"},
				"up": {"uv": [9.5, 6, 7, 5.5], "texture": "#0"},
				"down": {"uv": [9.5, 6, 7, 6.5], "texture": "#0"}
			}
		},
		{
			"from": [6, 30, 8],
			"to": [11, 31, 9],
			"rotation": {"angle": 0, "axis": "y", "origin": [0, 8, 0]},
			"faces": {
				"north": {"uv": [7, 1.5, 9.5, 2], "texture": "#0"},
				"east": {"uv": [1.5, 7.5, 2, 8], "texture": "#0"},
				"south": {"uv": [7, 2, 9.5, 2.5], "texture": "#0"},
				"west": {"uv": [2, 7.5, 2.5, 8], "texture": "#0"},
				"up": {"uv": [5, 7.5, 2.5, 7], "texture": "#0"},
				"down": {"uv": [9.5, 2.5, 7, 3], "texture": "#0"}
			}
		},
		{
			"from": [6, 29, 8],
			"to": [11, 30, 9],
			"rotation": {"angle": 0, "axis": "y", "origin": [0, 7, 0]},
			"faces": {
				"north": {"uv": [7, 3, 9.5, 3.5], "texture": "#0"},
				"east": {"uv": [7, 7.5, 7.5, 8], "texture": "#0"},
				"south": {"uv": [7, 3.5, 9.5, 4], "texture": "#0"},
				"west": {"uv": [7.5, 7, 8, 7.5], "texture": "#0"},
				"up": {"uv": [9.5, 4.5, 7, 4], "texture": "#0"},
				"down": {"uv": [9.5, 4.5, 7, 5], "texture": "#0"}
			}
		},
		{
			"from": [11, 23, 8],
			"to": [12, 30, 9],
			"rotation": {"angle": 0, "axis": "y", "origin": [5, 8, 0]},
			"faces": {
				"north": {"uv": [2, 0, 2.5, 3.5], "texture": "#0"},
				"east": {"uv": [2.5, 0, 3, 3.5], "texture": "#0"},
				"south": {"uv": [3, 0, 3.5, 3.5], "texture": "#0"},
				"west": {"uv": [3.5, 0, 4, 3.5], "texture": "#0"},
				"up": {"uv": [3, 8, 2.5, 7.5], "texture": "#0"},
				"down": {"uv": [3.5, 7.5, 3, 8], "texture": "#0"}
			}
		},
		{
			"from": [9, 22, 8],
			"to": [10, 29, 9],
			"rotation": {"angle": 0, "axis": "y", "origin": [3, 7, 1]},
			"faces": {
				"north": {"uv": [6, 0, 6.5, 3.5], "texture": "#0"},
				"east": {"uv": [6, 3.5, 6.5, 7], "texture": "#0"},
				"south": {"uv": [6.5, 0, 7, 3.5], "texture": "#0"},
				"west": {"uv": [6.5, 3.5, 7, 7], "texture": "#0"},
				"up": {"uv": [7, 8, 6.5, 7.5], "texture": "#0"},
				"down": {"uv": [8, 6.5, 7.5, 7], "texture": "#0"}
			}
		},
		{
			"from": [5, 23, 8],
			"to": [6, 30, 9],
			"rotation": {"angle": 0, "axis": "y", "origin": [-1, 8, 0]},
			"faces": {
				"north": {"uv": [2, 3.5, 2.5, 7], "texture": "#0"},
				"east": {"uv": [2.5, 3.5, 3, 7], "texture": "#0"},
				"south": {"uv": [3, 3.5, 3.5, 7], "texture": "#0"},
				"west": {"uv": [3.5, 3.5, 4, 7], "texture": "#0"},
				"up": {"uv": [4, 8, 3.5, 7.5], "texture": "#0"},
				"down": {"uv": [4.5, 7.5, 4, 8], "texture": "#0"}
			}
		},
		{
			"from": [7, 23, 8],
			"to": [8, 30, 9],
			"rotation": {"angle": 0, "axis": "y", "origin": [1, 8, 0]},
			"faces": {
				"north": {"uv": [4, 0, 4.5, 3.5], "texture": "#0"},
				"east": {"uv": [4, 3.5, 4.5, 7], "texture": "#0"},
				"south": {"uv": [4.5, 0, 5, 3.5], "texture": "#0"},
				"west": {"uv": [4.5, 3.5, 5, 7], "texture": "#0"},
				"up": {"uv": [5, 8, 4.5, 7.5], "texture": "#0"},
				"down": {"uv": [5.5, 7.5, 5, 8], "texture": "#0"}
			}
		}
	],
	"display": {
		"thirdperson_righthand": {
			"translation": [2.25, 9, 0]
		}
	}
}