{
	"credit": "Made with Blockbench",
	"texture_size": [128, 128],
	"textures": {
		"0": "block/sushi",
		"particle": "block/sushi"
	},
	"elements": [
		{
			"from": [0, 0, 0],
			"to": [16, 14, 15],
			"faces": {
				"north": {"uv": [1.875, 1.875, 3.875, 3.625], "texture": "#0"},
				"east": {"uv": [0, 1.875, 1.875, 3.625], "texture": "#0"},
				"south": {"uv": [5.75, 1.875, 7.75, 3.625], "texture": "#0"},
				"west": {"uv": [3.875, 1.875, 5.75, 3.625], "texture": "#0"},
				"up": {"uv": [3.875, 1.875, 1.875, 0], "texture": "#0"},
				"down": {"uv": [5.875, 0, 3.875, 1.875], "texture": "#0"}
			}
		},
		{
			"from": [16, 0, 1],
			"to": [17, 14, 14],
			"rotation": {"angle": 0, "axis": "y", "origin": [16, 0, 0]},
			"faces": {
				"north": {"uv": [5.125, 5.25, 5.25, 7], "texture": "#0"},
				"east": {"uv": [3.5, 5.25, 5.125, 7], "texture": "#0"},
				"south": {"uv": [6.875, 5.25, 7, 7], "texture": "#0"},
				"west": {"uv": [5.25, 5.25, 6.875, 7], "texture": "#0"},
				"up": {"uv": [5.25, 5.25, 5.125, 3.625], "texture": "#0"},
				"down": {"uv": [5.375, 3.625, 5.25, 5.25], "texture": "#0"}
			}
		},
		{
			"from": [-1, 0, 1],
			"to": [0, 14, 14],
			"rotation": {"angle": 0, "axis": "y", "origin": [-1, 0, 0]},
			"faces": {
				"north": {"uv": [1.625, 5.25, 1.75, 7], "texture": "#0"},
				"east": {"uv": [0, 5.25, 1.625, 7], "texture": "#0"},
				"south": {"uv": [3.375, 5.25, 3.5, 7], "texture": "#0"},
				"west": {"uv": [1.75, 5.25, 3.375, 7], "texture": "#0"},
				"up": {"uv": [1.75, 5.25, 1.625, 3.625], "texture": "#0"},
				"down": {"uv": [1.875, 3.625, 1.75, 5.25], "texture": "#0"}
			}
		},
		{
			"from": [17, 0, 2],
			"to": [18, 14, 13],
			"rotation": {"angle": 0, "axis": "y", "origin": [17, 0, 0]},
			"faces": {
				"north": {"uv": [1.375, 8.375, 1.5, 10.125], "texture": "#0"},
				"east": {"uv": [0, 8.375, 1.375, 10.125], "texture": "#0"},
				"south": {"uv": [2.875, 8.375, 3, 10.125], "texture": "#0"},
				"west": {"uv": [1.5, 8.375, 2.875, 10.125], "texture": "#0"},
				"up": {"uv": [1.5, 8.375, 1.375, 7], "texture": "#0"},
				"down": {"uv": [1.625, 7, 1.5, 8.375], "texture": "#0"}
			}
		},
		{
			"from": [-2, 0, 2],
			"to": [-1, 14, 13],
			"rotation": {"angle": 0, "axis": "y", "origin": [-2, 0, 0]},
			"faces": {
				"north": {"uv": [7, 7, 7.125, 8.75], "texture": "#0"},
				"east": {"uv": [5.625, 7, 7, 8.75], "texture": "#0"},
				"south": {"uv": [8.5, 7, 8.625, 8.75], "texture": "#0"},
				"west": {"uv": [7.125, 7, 8.5, 8.75], "texture": "#0"},
				"up": {"uv": [7.125, 7, 7, 5.625], "texture": "#0"},
				"down": {"uv": [7.25, 5.625, 7.125, 7], "texture": "#0"}
			}
		},
		{
			"from": [1, 0, 15],
			"to": [15, 14, 16],
			"rotation": {"angle": 0, "axis": "y", "origin": [0, 0, 16]},
			"faces": {
				"north": {"uv": [6, 0.125, 7.75, 1.875], "texture": "#0"},
				"east": {"uv": [5.875, 0.125, 6, 1.875], "texture": "#0"},
				"south": {"uv": [7.875, 0.125, 9.625, 1.875], "texture": "#0"},
				"west": {"uv": [7.75, 0.125, 7.875, 1.875], "texture": "#0"},
				"up": {"uv": [7.75, 0.125, 6, 0], "texture": "#0"},
				"down": {"uv": [9.5, 0, 7.75, 0.125], "texture": "#0"}
			}
		},
		{
			"from": [1, 0, -1],
			"to": [15, 14, 1],
			"faces": {
				"north": {"uv": [7.25, 3.875, 9, 5.625], "texture": "#0"},
				"east": {"uv": [7, 3.875, 7.25, 5.625], "texture": "#0"},
				"south": {"uv": [9.25, 3.875, 11, 5.625], "texture": "#0"},
				"west": {"uv": [9, 3.875, 9.25, 5.625], "texture": "#0"},
				"up": {"uv": [9, 3.875, 7.25, 3.625], "texture": "#0"},
				"down": {"uv": [10.75, 3.625, 9, 3.875], "texture": "#0"}
			}
		},
		{
			"from": [2, 0, -2],
			"to": [14, 14, -1],
			"rotation": {"angle": 0, "axis": "y", "origin": [0, 0, -1]},
			"faces": {
				"north": {"uv": [8.75, 7.625, 10.25, 9.375], "texture": "#0"},
				"east": {"uv": [8.625, 7.625, 8.75, 9.375], "texture": "#0"},
				"south": {"uv": [10.375, 7.625, 11.875, 9.375], "texture": "#0"},
				"west": {"uv": [10.25, 7.625, 10.375, 9.375], "texture": "#0"},
				"up": {"uv": [10.25, 7.625, 8.75, 7.5], "texture": "#0"},
				"down": {"uv": [11.75, 7.5, 10.25, 7.625], "texture": "#0"}
			}
		},
		{
			"from": [2, 0, 16],
			"to": [14, 14, 17],
			"rotation": {"angle": 0, "axis": "y", "origin": [0, 0, 17]},
			"faces": {
				"north": {"uv": [8.75, 5.75, 10.25, 7.5], "texture": "#0"},
				"east": {"uv": [8.625, 5.75, 8.75, 7.5], "texture": "#0"},
				"south": {"uv": [10.375, 5.75, 11.875, 7.5], "texture": "#0"},
				"west": {"uv": [10.25, 5.75, 10.375, 7.5], "texture": "#0"},
				"up": {"uv": [10.25, 5.75, 8.75, 5.625], "texture": "#0"},
				"down": {"uv": [11.75, 5.625, 10.25, 5.75], "texture": "#0"}
			}
		},
		{
			"from": [3, 8, 18],
			"to": [7, 13, 19],
			"rotation": {"angle": 0, "axis": "y", "origin": [6, 8, -6]},
			"faces": {
				"north": {"uv": [0.375, 0.25, 0.875, 0.875], "texture": "#0"},
				"east": {"uv": [0.25, 0.25, 0.375, 0.875], "texture": "#0"},
				"south": {"uv": [1, 0.25, 1.5, 0.875], "texture": "#0"},
				"west": {"uv": [0.875, 0.25, 1, 0.875], "texture": "#0"},
				"up": {"uv": [0.875, 0.25, 0.375, 0.125], "texture": "#0"},
				"down": {"uv": [1.375, 0.125, 0.875, 0.25], "texture": "#0"}
			}
		},
		{
			"from": [10, 8, 18],
			"to": [14, 13, 19],
			"rotation": {"angle": 0, "axis": "y", "origin": [13, 8, -6]},
			"faces": {
				"north": {"uv": [0.375, 0.25, 0.875, 0.875], "texture": "#0"},
				"east": {"uv": [0.25, 0.25, 0.375, 0.875], "texture": "#0"},
				"south": {"uv": [1, 0.25, 1.5, 0.875], "texture": "#0"},
				"west": {"uv": [0.875, 0.25, 1, 0.875], "texture": "#0"},
				"up": {"uv": [0.875, 0.25, 0.375, 0.125], "texture": "#0"},
				"down": {"uv": [1.375, 0.125, 0.875, 0.25], "texture": "#0"}
			}
		}
	],
	"display": {
		"thirdperson_righthand": {
			"rotation": [67.14, 62.25, 0.38],
			"translation": [0, 43.5, 0],
			"scale": [1, 1.08398, 1]
		},
		"head": {
			"rotation": [0, 180, 0],
			"translation": [0, -16, 0],
			"scale": [3, 3, 3]
		}
	}
}