{
	"credit": "Made with Blockbench",
	"texture_size": [64, 64],
	"textures": {
		"0": "block/watermelon",
		"particle": "block/watermelon"
	},
	"elements": [
		{
			"from": [5, 0, 7],
			"to": [11, 1, 9],
			"rotation": {"angle": 0, "axis": "y", "origin": [6, 4, 7]},
			"faces": {
				"north": {"uv": [5, 3.5, 6.5, 3.75], "texture": "#0"},
				"east": {"uv": [4.5, 3.5, 5, 3.75], "texture": "#0"},
				"south": {"uv": [7, 3.5, 8.5, 3.75], "texture": "#0"},
				"west": {"uv": [6.5, 3.5, 7, 3.75], "texture": "#0"},
				"up": {"uv": [6.5, 3.5, 5, 3], "texture": "#0"},
				"down": {"uv": [8, 3, 6.5, 3.5], "texture": "#0"}
			}
		},
		{
			"from": [6, 1, 7],
			"to": [10, 15, 9],
			"rotation": {"angle": 0, "axis": "y", "origin": [6, 8, 7]},
			"faces": {
				"north": {"uv": [0.5, 0.5, 1.5, 4], "texture": "#0"},
				"east": {"uv": [0, 0.5, 0.5, 4], "texture": "#0"},
				"south": {"uv": [2, 0.5, 3, 4], "texture": "#0"},
				"west": {"uv": [1.5, 0.5, 2, 4], "texture": "#0"},
				"up": {"uv": [1.5, 0.5, 0.5, 0], "texture": "#0"},
				"down": {"uv": [2.5, 0, 1.5, 0.5], "texture": "#0"}
			}
		},
		{
			"from": [7, 15, 7],
			"to": [9, 18, 9],
			"rotation": {"angle": 0, "axis": "y", "origin": [5, 22, 7]},
			"faces": {
				"north": {"uv": [0.5, 6.75, 1, 7.5], "texture": "#0"},
				"east": {"uv": [0, 6.75, 0.5, 7.5], "texture": "#0"},
				"south": {"uv": [1.5, 6.75, 2, 7.5], "texture": "#0"},
				"west": {"uv": [1, 6.75, 1.5, 7.5], "texture": "#0"},
				"up": {"uv": [1, 6.75, 0.5, 6.25], "texture": "#0"},
				"down": {"uv": [1.5, 6.25, 1, 6.75], "texture": "#0"}
			}
		},
		{
			"from": [9, 15, 7],
			"to": [10, 17, 9],
			"rotation": {"angle": 0, "axis": "y", "origin": [6, 22, 7]},
			"faces": {
				"north": {"uv": [7.5, 2, 7.75, 2.5], "texture": "#0"},
				"east": {"uv": [7, 2, 7.5, 2.5], "texture": "#0"},
				"south": {"uv": [8.25, 2, 8.5, 2.5], "texture": "#0"},
				"west": {"uv": [7.75, 2, 8.25, 2.5], "texture": "#0"},
				"up": {"uv": [7.75, 2, 7.5, 1.5], "texture": "#0"},
				"down": {"uv": [8, 1.5, 7.75, 2], "texture": "#0"}
			}
		},
		{
			"from": [6, 15, 7],
			"to": [7, 17, 9],
			"rotation": {"angle": 0, "axis": "y", "origin": [3, 22, 7]},
			"faces": {
				"north": {"uv": [2, 7.5, 2.25, 8], "texture": "#0"},
				"east": {"uv": [1.5, 7.5, 2, 8], "texture": "#0"},
				"south": {"uv": [2.75, 7.5, 3, 8], "texture": "#0"},
				"west": {"uv": [2.25, 7.5, 2.75, 8], "texture": "#0"},
				"up": {"uv": [2.25, 7.5, 2, 7], "texture": "#0"},
				"down": {"uv": [2.5, 7, 2.25, 7.5], "texture": "#0"}
			}
		},
		{
			"from": [5, 14, 7],
			"to": [6, 16, 9],
			"rotation": {"angle": 0, "axis": "y", "origin": [2, 21, 7]},
			"faces": {
				"north": {"uv": [7, 6.75, 7.25, 7.25], "texture": "#0"},
				"east": {"uv": [6.5, 6.75, 7, 7.25], "texture": "#0"},
				"south": {"uv": [7.75, 6.75, 8, 7.25], "texture": "#0"},
				"west": {"uv": [7.25, 6.75, 7.75, 7.25], "texture": "#0"},
				"up": {"uv": [7.25, 6.75, 7, 6.25], "texture": "#0"},
				"down": {"uv": [7.5, 6.25, 7.25, 6.75], "texture": "#0"}
			}
		},
		{
			"from": [10, 14, 7],
			"to": [11, 16, 9],
			"rotation": {"angle": 0, "axis": "y", "origin": [7, 21, 7]},
			"faces": {
				"north": {"uv": [7, 5, 7.25, 5.5], "texture": "#0"},
				"east": {"uv": [6.5, 5, 7, 5.5], "texture": "#0"},
				"south": {"uv": [7.75, 5, 8, 5.5], "texture": "#0"},
				"west": {"uv": [7.25, 5, 7.75, 5.5], "texture": "#0"},
				"up": {"uv": [7.25, 5, 7, 4.5], "texture": "#0"},
				"down": {"uv": [7.5, 4.5, 7.25, 5], "texture": "#0"}
			}
		},
		{
			"from": [10, 1, 7],
			"to": [14, 2, 9],
			"rotation": {"angle": 0, "axis": "y", "origin": [10, 5, 7]},
			"faces": {
				"north": {"uv": [5.5, 0.5, 6.5, 0.75], "texture": "#0"},
				"east": {"uv": [5, 0.5, 5.5, 0.75], "texture": "#0"},
				"south": {"uv": [7, 0.5, 8, 0.75], "texture": "#0"},
				"west": {"uv": [6.5, 0.5, 7, 0.75], "texture": "#0"},
				"up": {"uv": [6.5, 0.5, 5.5, 0], "texture": "#0"},
				"down": {"uv": [7.5, 0, 6.5, 0.5], "texture": "#0"}
			}
		},
		{
			"from": [2, 1, 7],
			"to": [6, 2, 9],
			"rotation": {"angle": 0, "axis": "y", "origin": [4, 5, 7]},
			"faces": {
				"north": {"uv": [5.5, 1.25, 6.5, 1.5], "texture": "#0"},
				"east": {"uv": [5, 1.25, 5.5, 1.5], "texture": "#0"},
				"south": {"uv": [7, 1.25, 8, 1.5], "texture": "#0"},
				"west": {"uv": [6.5, 1.25, 7, 1.5], "texture": "#0"},
				"up": {"uv": [6.5, 1.25, 5.5, 0.75], "texture": "#0"},
				"down": {"uv": [7.5, 0.75, 6.5, 1.25], "texture": "#0"}
			}
		},
		{
			"from": [4, 2, 7],
			"to": [6, 14, 9],
			"rotation": {"angle": 0, "axis": "y", "origin": [4, 6, 8]},
			"faces": {
				"north": {"uv": [3, 4, 3.5, 7], "texture": "#0"},
				"east": {"uv": [2.5, 4, 3, 7], "texture": "#0"},
				"south": {"uv": [4, 4, 4.5, 7], "texture": "#0"},
				"west": {"uv": [3.5, 4, 4, 7], "texture": "#0"},
				"up": {"uv": [3.5, 4, 3, 3.5], "texture": "#0"},
				"down": {"uv": [4, 3.5, 3.5, 4], "texture": "#0"}
			}
		},
		{
			"from": [10, 2, 7],
			"to": [12, 14, 9],
			"rotation": {"angle": 0, "axis": "y", "origin": [10, 6, 8]},
			"faces": {
				"north": {"uv": [3.5, 0.5, 4, 3.5], "texture": "#0"},
				"east": {"uv": [3, 0.5, 3.5, 3.5], "texture": "#0"},
				"south": {"uv": [4.5, 0.5, 5, 3.5], "texture": "#0"},
				"west": {"uv": [4, 0.5, 4.5, 3.5], "texture": "#0"},
				"up": {"uv": [4, 0.5, 3.5, 0], "texture": "#0"},
				"down": {"uv": [4.5, 0, 4, 0.5], "texture": "#0"}
			}
		},
		{
			"from": [1, 2, 7],
			"to": [4, 3, 9],
			"rotation": {"angle": 0, "axis": "y", "origin": [2, 6, 7]},
			"faces": {
				"north": {"uv": [7, 4.25, 7.75, 4.5], "texture": "#0"},
				"east": {"uv": [6.5, 4.25, 7, 4.5], "texture": "#0"},
				"south": {"uv": [8.25, 4.25, 9, 4.5], "texture": "#0"},
				"west": {"uv": [7.75, 4.25, 8.25, 4.5], "texture": "#0"},
				"up": {"uv": [7.75, 4.25, 7, 3.75], "texture": "#0"},
				"down": {"uv": [8.5, 3.75, 7.75, 4.25], "texture": "#0"}
			}
		},
		{
			"from": [2, 3, 7],
			"to": [4, 10, 9],
			"rotation": {"angle": 0, "axis": "y", "origin": [2, 10, 8]},
			"faces": {
				"north": {"uv": [5, 4.25, 5.5, 6], "texture": "#0"},
				"east": {"uv": [4.5, 4.25, 5, 6], "texture": "#0"},
				"south": {"uv": [6, 4.25, 6.5, 6], "texture": "#0"},
				"west": {"uv": [5.5, 4.25, 6, 6], "texture": "#0"},
				"up": {"uv": [5.5, 4.25, 5, 3.75], "texture": "#0"},
				"down": {"uv": [6, 3.75, 5.5, 4.25], "texture": "#0"}
			}
		},
		{
			"from": [12, 3, 7],
			"to": [14, 10, 9],
			"rotation": {"angle": 0, "axis": "y", "origin": [12, 10, 8]},
			"faces": {
				"north": {"uv": [0.5, 4.5, 1, 6.25], "texture": "#0"},
				"east": {"uv": [0, 4.5, 0.5, 6.25], "texture": "#0"},
				"south": {"uv": [1.5, 4.5, 2, 6.25], "texture": "#0"},
				"west": {"uv": [1, 4.5, 1.5, 6.25], "texture": "#0"},
				"up": {"uv": [1, 4.5, 0.5, 4], "texture": "#0"},
				"down": {"uv": [1.5, 4, 1, 4.5], "texture": "#0"}
			}
		},
		{
			"from": [12, 10, 7],
			"to": [13, 12, 9],
			"rotation": {"angle": 0, "axis": "y", "origin": [12, 17, 8]},
			"faces": {
				"north": {"uv": [6.5, 7.75, 6.75, 8.25], "texture": "#0"},
				"east": {"uv": [6, 7.75, 6.5, 8.25], "texture": "#0"},
				"south": {"uv": [7.25, 7.75, 7.5, 8.25], "texture": "#0"},
				"west": {"uv": [6.75, 7.75, 7.25, 8.25], "texture": "#0"},
				"up": {"uv": [6.75, 7.75, 6.5, 7.25], "texture": "#0"},
				"down": {"uv": [7, 7.25, 6.75, 7.75], "texture": "#0"}
			}
		},
		{
			"from": [3, 10, 7],
			"to": [4, 12, 9],
			"rotation": {"angle": 0, "axis": "y", "origin": [3, 17, 8]},
			"faces": {
				"north": {"uv": [3.5, 7.5, 3.75, 8], "texture": "#0"},
				"east": {"uv": [3, 7.5, 3.5, 8], "texture": "#0"},
				"south": {"uv": [4.25, 7.5, 4.5, 8], "texture": "#0"},
				"west": {"uv": [3.75, 7.5, 4.25, 8], "texture": "#0"},
				"up": {"uv": [3.75, 7.5, 3.5, 7], "texture": "#0"},
				"down": {"uv": [4, 7, 3.75, 7.5], "texture": "#0"}
			}
		},
		{
			"from": [14, 3, 7],
			"to": [16, 7, 9],
			"rotation": {"angle": 0, "axis": "y", "origin": [14, 10, 8]},
			"faces": {
				"north": {"uv": [5, 6.5, 5.5, 7.5], "texture": "#0"},
				"east": {"uv": [4.5, 6.5, 5, 7.5], "texture": "#0"},
				"south": {"uv": [6, 6.5, 6.5, 7.5], "texture": "#0"},
				"west": {"uv": [5.5, 6.5, 6, 7.5], "texture": "#0"},
				"up": {"uv": [5.5, 6.5, 5, 6], "texture": "#0"},
				"down": {"uv": [6, 6, 5.5, 6.5], "texture": "#0"}
			}
		},
		{
			"from": [0, 3, 7],
			"to": [2, 7, 9],
			"rotation": {"angle": 0, "axis": "y", "origin": [0, 10, 8]},
			"faces": {
				"north": {"uv": [5.5, 2, 6, 3], "texture": "#0"},
				"east": {"uv": [5, 2, 5.5, 3], "texture": "#0"},
				"south": {"uv": [6.5, 2, 7, 3], "texture": "#0"},
				"west": {"uv": [6, 2, 6.5, 3], "texture": "#0"},
				"up": {"uv": [6, 2, 5.5, 1.5], "texture": "#0"},
				"down": {"uv": [6.5, 1.5, 6, 2], "texture": "#0"}
			}
		},
		{
			"from": [1, 7, 7],
			"to": [2, 9, 9],
			"rotation": {"angle": 0, "axis": "y", "origin": [0, 14, 8]},
			"faces": {
				"north": {"uv": [8, 0.75, 8.25, 1.25], "texture": "#0"},
				"east": {"uv": [7.5, 0.75, 8, 1.25], "texture": "#0"},
				"south": {"uv": [8.75, 0.75, 9, 1.25], "texture": "#0"},
				"west": {"uv": [8.25, 0.75, 8.75, 1.25], "texture": "#0"},
				"up": {"uv": [8.25, 0.75, 8, 0.25], "texture": "#0"},
				"down": {"uv": [8.5, 0.25, 8.25, 0.75], "texture": "#0"}
			}
		},
		{
			"from": [14, 7, 7],
			"to": [15, 9, 9],
			"rotation": {"angle": 0, "axis": "y", "origin": [13, 14, 8]},
			"faces": {
				"north": {"uv": [0.5, 8, 0.75, 8.5], "texture": "#0"},
				"east": {"uv": [0, 8, 0.5, 8.5], "texture": "#0"},
				"south": {"uv": [1.25, 8, 1.5, 8.5], "texture": "#0"},
				"west": {"uv": [0.75, 8, 1.25, 8.5], "texture": "#0"},
				"up": {"uv": [0.75, 8, 0.5, 7.5], "texture": "#0"},
				"down": {"uv": [1, 7.5, 0.75, 8], "texture": "#0"}
			}
		},
		{
			"from": [12, 2, 7],
			"to": [15, 3, 9],
			"rotation": {"angle": 0, "axis": "y", "origin": [14, 6, 7]},
			"faces": {
				"north": {"uv": [6.5, 6, 7.25, 6.25], "texture": "#0"},
				"east": {"uv": [6, 6, 6.5, 6.25], "texture": "#0"},
				"south": {"uv": [7.75, 6, 8.5, 6.25], "texture": "#0"},
				"west": {"uv": [7.25, 6, 7.75, 6.25], "texture": "#0"},
				"up": {"uv": [7.25, 6, 6.5, 5.5], "texture": "#0"},
				"down": {"uv": [8, 5.5, 7.25, 6], "texture": "#0"}
			}
		},
		{
			"from": [5, 12, 6],
			"to": [7, 15, 7],
			"rotation": {"angle": 0, "axis": "y", "origin": [3, 12, 4]},
			"faces": {
				"north": {"uv": [0, 0.5, 0.5, 1.25], "texture": "#0"},
				"east": {"uv": [-0.25, 0.5, 0, 1.25], "texture": "#0"},
				"south": {"uv": [0.75, 0.5, 1.25, 1.25], "texture": "#0"},
				"west": {"uv": [0.5, 0.5, 0.75, 1.25], "texture": "#0"},
				"up": {"uv": [0.5, 0.5, 0, 0.25], "texture": "#0"},
				"down": {"uv": [1, 0.25, 0.5, 0.5], "texture": "#0"}
			}
		},
		{
			"from": [9, 12, 6],
			"to": [11, 15, 7],
			"rotation": {"angle": 0, "axis": "y", "origin": [7, 12, 4]},
			"faces": {
				"north": {"uv": [0, 0.5, 0.5, 1.25], "texture": "#0"},
				"east": {"uv": [-0.25, 0.5, 0, 1.25], "texture": "#0"},
				"south": {"uv": [0.75, 0.5, 1.25, 1.25], "texture": "#0"},
				"west": {"uv": [0.5, 0.5, 0.75, 1.25], "texture": "#0"},
				"up": {"uv": [0.5, 0.5, 0, 0.25], "texture": "#0"},
				"down": {"uv": [1, 0.25, 0.5, 0.5], "texture": "#0"}
			}
		}
	],
	"display": {
		"head": {
			"translation": [0, -16, 0],
			"scale": [4, 4, 4]
		}
	}
}