{
	"textures": {
		"0": "minecraft:item/yadan"
	},
	"display": {
		"head": {
			"rotation": [0, 180, 0]
		}
	},
	"elements": [
		{
			"from": [3.5, 3.5, 7],
			"to": [12.5, 12.5, 9],
			"rotation": {
				"angle": 0,
				"axis": "y",
				"origin": [8, -20, 11.5]
			},
			"faces": {
				"north": {
					"uv": [10, 2, 12, 4],
					"texture": "#0"
				},
				"east": {
					"uv": [9.75, 2, 10, 4],
					"texture": "#0"
				},
				"south": {
					"uv": [12.25, 2, 14.25, 4],
					"texture": "#0"
				},
				"west": {
					"uv": [12, 2, 12.25, 4],
					"texture": "#0"
				},
				"up": {
					"uv": [12, 2, 10, 1.75],
					"texture": "#0"
				},
				"down": {
					"uv": [14, 1.75, 12, 2],
					"texture": "#0"
				}
			}
		},
		{
			"from": [4, 4, 7.5],
			"to": [12, 12, 8.5],
			"rotation": {
				"angle": 0,
				"axis": "y",
				"origin": [8, -20, 11.5]
			},
			"faces": {
				"north": {
					"uv": [2, 2, 4, 4],
					"texture": "#0"
				},
				"east": {
					"uv": [1.75, 2, 2, 4],
					"texture": "#0"
				},
				"south": {
					"uv": [4.25, 2, 6.25, 4],
					"texture": "#0"
				},
				"west": {
					"uv": [4, 2, 4.25, 4],
					"texture": "#0"
				},
				"up": {
					"uv": [4, 2, 2, 1.75],
					"texture": "#0"
				},
				"down": {
					"uv": [6, 1.75, 4, 2],
					"texture": "#0"
				}
			}
		}
	]
}