{
    "providers": [
        {
            "type": "bitmap",
            "file": "minecraft:font/bgr2.png",
            "height": 1024,
            "ascent": 512,
            "chars": [
                "\uE010"
            ]
        },
        {
            "type": "bitmap",
            "file": "minecraft:font/effects/1.png",
            "height": 12,
            "ascent": 9,
            "chars": [
                "\uF001"
            ]
        },
        {
            "type": "bitmap",
            "file": "minecraft:font/effects/2.png",
            "height": 12,
            "ascent": 9,
            "chars": [
                "\uF002"
            ]
        },
        {
            "type": "bitmap",
            "file": "minecraft:font/effects/3.png",
            "height": 12,
            "ascent": 9,
            "chars": [
                "\uF003"
            ]
        },
        {
            "type": "bitmap",
            "file": "minecraft:font/effects/4.png",
            "height": 12,
            "ascent": 9,
            "chars": [
                "\uF004"
            ]
        },
        {
            "type": "bitmap",
            "file": "minecraft:font/effects/5.png",
            "height": 12,
            "ascent": 9,
            "chars": [
                "\uF005"
            ]
        },
        {
            "type": "bitmap",
            "file": "minecraft:font/effects/6.png",
            "height": 12,
            "ascent": 9,
            "chars": [
                "\uF006"
            ]
        },
        {
            "type": "bitmap",
            "file": "minecraft:font/enchantment/1.png",
            "height": 20,
            "ascent": 14,
            "chars": [
                "\uF007"
            ]
        },
        {
            "type": "bitmap",
            "file": "minecraft:font/enchantment/2.png",
            "height": 20,
            "ascent": 14,
            "chars": [
                "\uF008"
            ]
        },
        {
            "type": "bitmap",
            "file": "minecraft:font/enchantment/3.png",
            "height": 20,
            "ascent": 14,
            "chars": [
                "\uF009"
            ]
        },
        {
            "type": "bitmap",
            "file": "minecraft:font/enchantment/4.png",
            "height": 20,
            "ascent": 14,
            "chars": [
                "\uF010"
            ]
        },
        {
            "type": "bitmap",
            "file": "minecraft:font/enchantment/5.png",
            "height": 20,
            "ascent": 14,
            "chars": [
                "\uF011"
            ]
        },
        {
            "type": "bitmap",
            "file": "minecraft:font/enchantment/6.png",
            "height": 20,
            "ascent": 14,
            "chars": [
                "\uF012"
            ]
        },
        {
            "type": "bitmap",
            "file": "minecraft:font/enchantment/7.png",
            "height": 20,
            "ascent": 14,
            "chars": [
                "\uF013"
            ]
        },
        {
            "type": "bitmap",
            "file": "minecraft:font/story/1/1.png",
            "height": 32,
            "ascent": 24,
            "chars": [
                "\uE001"
            ]
        },
        {
            "type": "bitmap",
            "file": "minecraft:font/story/1/2.png",
            "height": 32,
            "ascent": 24,
            "chars": [
                "\uE002"
            ]
        },
        {
            "type": "bitmap",
            "file": "minecraft:font/story/1/3.png",
            "height": 32,
            "ascent": 24,
            "chars": [
                "\uE003"
            ]
        },
        {
            "type": "bitmap",
            "file": "minecraft:font/story/2/1.png",
            "height": 32,
            "ascent": 24,
            "chars": [
                "\uE004"
            ]
        },
        {
            "type": "bitmap",
            "file": "minecraft:font/story/2/2.png",
            "height": 32,
            "ascent": 24,
            "chars": [
                "\uE005"
            ]
        },
        {
            "type": "bitmap",
            "file": "minecraft:font/story/2/3.png",
            "height": 32,
            "ascent": 24,
            "chars": [
                "\uE006"
            ]
        },
        {
            "type": "bitmap",
            "file": "minecraft:font/story/3/1.png",
            "height": 32,
            "ascent": 24,
            "chars": [
                "\uE007"
            ]
        },
        {
            "type": "bitmap",
            "file": "minecraft:font/story/3/2.png",
            "height": 32,
            "ascent": 24,
            "chars": [
                "\uE008"
            ]
        },
        {
            "type": "bitmap",
            "file": "minecraft:font/story/3/3.png",
            "height": 32,
            "ascent": 24,
            "chars": [
                "\uE009"
            ]
        },
        {
            "type": "bitmap",
            "file": "minecraft:font/story/4/1.png",
            "height": 32,
            "ascent": 24,
            "chars": [
                "\uE011"
            ]
        },
        {
            "type": "bitmap",
            "file": "minecraft:font/story/4/2.png",
            "height": 32,
            "ascent": 24,
            "chars": [
                "\uE012"
            ]
        },
        {
            "type": "bitmap",
            "file": "minecraft:font/story/4/3.png",
            "height": 32,
            "ascent": 24,
            "chars": [
                "\uE013"
            ]
        },
        {
            "type": "bitmap",
            "file": "minecraft:font/story/5/1.png",
            "height": 32,
            "ascent": 24,
            "chars": [
                "\uE014"
            ]
        },
        {
            "type": "bitmap",
            "file": "minecraft:font/story/5/2.png",
            "height": 32,
            "ascent": 24,
            "chars": [
                "\uE015"
            ]
        },
        {
            "type": "bitmap",
            "file": "minecraft:font/story/5/3.png",
            "height": 32,
            "ascent": 24,
            "chars": [
                "\uE016"
            ]
        },
        {
            "type": "bitmap",
            "file": "minecraft:font/story/6/1.png",
            "height": 32,
            "ascent": 24,
            "chars": [
                "\uE017"
            ]
        },
        {
            "type": "bitmap",
            "file": "minecraft:font/story/6/2.png",
            "height": 32,
            "ascent": 24,
            "chars": [
                "\uE018"
            ]
        },
        {
            "type": "bitmap",
            "file": "minecraft:font/story/6/3.png",
            "height": 32,
            "ascent": 24,
            "chars": [
                "\uE019"
            ]
        },
        {
            "type": "bitmap",
            "file": "minecraft:font/story/7/1.png",
            "height": 32,
            "ascent": 24,
            "chars": [
                "\uE020"
            ]
        },
        {
            "type": "bitmap",
            "file": "minecraft:font/story/7/2.png",
            "height": 32,
            "ascent": 24,
            "chars": [
                "\uE021"
            ]
        },
        {
            "type": "bitmap",
            "file": "minecraft:font/story/7/3.png",
            "height": 32,
            "ascent": 24,
            "chars": [
                "\uE022"
            ]
        },
        {
            "type": "bitmap",
            "file": "minecraft:font/story/8/1.png",
            "height": 32,
            "ascent": 24,
            "chars": [
                "\uE023"
            ]
        },
        {
            "type": "bitmap",
            "file": "minecraft:font/story/8/2.png",
            "height": 32,
            "ascent": 24,
            "chars": [
                "\uE024"
            ]
        },
        {
            "type": "bitmap",
            "file": "minecraft:font/story/8/3.png",
            "height": 32,
            "ascent": 24,
            "chars": [
                "\uE025"
            ]
        },
        {
            "type": "bitmap",
            "file": "minecraft:font/story/9/1.png",
            "height": 32,
            "ascent": 24,
            "chars": [
                "\uE026"
            ]
        },
        {
            "type": "bitmap",
            "file": "minecraft:font/story/9/2.png",
            "height": 32,
            "ascent": 24,
            "chars": [
                "\uE027"
            ]
        },
        {
            "type": "bitmap",
            "file": "minecraft:font/story/9/3.png",
            "height": 32,
            "ascent": 24,
            "chars": [
                "\uE028"
            ]
        },
        {
            "type": "bitmap",
            "file": "minecraft:font/story/10/1.png",
            "height": 32,
            "ascent": 24,
            "chars": [
                "\uE029"
            ]
        },
        {
            "type": "bitmap",
            "file": "minecraft:font/story/10/2.png",
            "height": 32,
            "ascent": 24,
            "chars": [
                "\uE030"
            ]
        },
        {
            "type": "bitmap",
            "file": "minecraft:font/story/10/3.png",
            "height": 32,
            "ascent": 24,
            "chars": [
                "\uE031"
            ]
        },
        {
            "type": "bitmap",
            "file": "minecraft:font/mob/2.png",
            "height": 60,
            "ascent": 60,
            "chars": [
                "\uE202"
            ]
        },
        {
            "type": "bitmap",
            "file": "minecraft:font/mob/3.png",
            "height": 60,
            "ascent": 60,
            "chars": [
                "\uE203"
            ]
        },
        {
            "type": "bitmap",
            "file": "minecraft:font/mob/4.png",
            "height": 60,
            "ascent": 60,
            "chars": [
                "\uE204"
            ]
        },
        {
            "type": "bitmap",
            "file": "minecraft:font/mob/5.png",
            "height": 60,
            "ascent": 60,
            "chars": [
                "\uE205"
            ]
        },
        {
            "type": "bitmap",
            "file": "minecraft:font/mob/6.png",
            "height": 60,
            "ascent": 60,
            "chars": [
                "\uE206"
            ]
        },
        {
            "type": "bitmap",
            "file": "minecraft:font/mob/7.png",
            "height": 60,
            "ascent": 60,
            "chars": [
                "\uE207"
            ]
        },
        {
            "type": "bitmap",
            "file": "minecraft:font/mob/8.png",
            "height": 60,
            "ascent": 60,
            "chars": [
                "\uE208"
            ]
        },
        {
            "type": "bitmap",
            "file": "minecraft:font/mob/9.png",
            "height": 60,
            "ascent": 60,
            "chars": [
                "\uE209"
            ]
        },
        {
            "type": "bitmap",
            "file": "minecraft:font/mob/10.png",
            "height": 60,
            "ascent": 60,
            "chars": [
                "\uE210"
            ]
        },
        {
            "type": "bitmap",
            "file": "minecraft:font/mob/11.png",
            "height": 60,
            "ascent": 60,
            "chars": [
                "\uE211"
            ]
        },
        {
            "type": "bitmap",
            "file": "minecraft:font/mob/12.png",
            "height": 60,
            "ascent": 60,
            "chars": [
                "\uE212"
            ]
        },
        {
            "type": "bitmap",
            "file": "minecraft:font/mob/13.png",
            "height": 60,
            "ascent": 60,
            "chars": [
                "\uE213"
            ]
        },
        {
            "type": "bitmap",
            "file": "minecraft:font/mob/14.png",
            "height": 60,
            "ascent": 60,
            "chars": [
                "\uE214"
            ]
        },
        {
            "type": "bitmap",
            "file": "minecraft:font/mob/15.png",
            "height": 60,
            "ascent": 60,
            "chars": [
                "\uE215"
            ]
        },
        {
            "type": "bitmap",
            "file": "minecraft:font/mob/16.png",
            "height": 60,
            "ascent": 60,
            "chars": [
                "\uE216"
            ]
        },
        {
            "type": "bitmap",
            "file": "minecraft:font/mob/17.png",
            "height": 60,
            "ascent": 60,
            "chars": [
                "\uE217"
            ]
        },
        {
            "type": "bitmap",
            "file": "minecraft:font/mob/18.png",
            "height": 60,
            "ascent": 60,
            "chars": [
                "\uE218"
            ]
        },
        {
            "type": "bitmap",
            "file": "minecraft:font/mob/19.png",
            "height": 60,
            "ascent": 60,
            "chars": [
                "\uE219"
            ]
        },
        {
            "type": "bitmap",
            "file": "minecraft:font/mob/20.png",
            "height": 60,
            "ascent": 60,
            "chars": [
                "\uE220"
            ]
        },
        {
            "type": "bitmap",
            "file": "minecraft:font/mob/21.png",
            "height": 60,
            "ascent": 60,
            "chars": [
                "\uE221"
            ]
        },
        {
            "type": "bitmap",
            "file": "minecraft:font/mob/22.png",
            "height": 60,
            "ascent": 60,
            "chars": [
                "\uE222"
            ]
        },
        {
            "type": "bitmap",
            "file": "minecraft:font/mob/23.png",
            "height": 60,
            "ascent": 60,
            "chars": [
                "\uE223"
            ]
        },
        {
            "type": "bitmap",
            "file": "minecraft:font/mob/24.png",
            "height": 60,
            "ascent": 60,
            "chars": [
                "\uE224"
            ]
        },
        {
            "type": "bitmap",
            "file": "minecraft:font/mob/25.png",
            "height": 60,
            "ascent": 60,
            "chars": [
                "\uE225"
            ]
        },
        {
            "type": "bitmap",
            "file": "minecraft:font/mob/26.png",
            "height": 60,
            "ascent": 60,
            "chars": [
                "\uE226"
            ]
        },
        {
            "type": "bitmap",
            "file": "minecraft:font/mob/27.png",
            "height": 60,
            "ascent": 60,
            "chars": [
                "\uE227"
            ]
        },
        {
            "type": "bitmap",
            "file": "minecraft:font/mob/28.png",
            "height": 60,
            "ascent": 60,
            "chars": [
                "\uE228"
            ]
        },
        {
            "type": "bitmap",
            "file": "minecraft:font/mob/29.png",
            "height": 60,
            "ascent": 60,
            "chars": [
                "\uE229"
            ]
        },
        {
            "type": "bitmap",
            "file": "minecraft:font/mob/30.png",
            "height": 60,
            "ascent": 60,
            "chars": [
                "\uE230"
            ]
        },
        {
            "type": "bitmap",
            "file": "minecraft:font/mob/31.png",
            "height": 60,
            "ascent": 60,
            "chars": [
                "\uE231"
            ]
        },
        {
            "type": "bitmap",
            "file": "minecraft:font/mob/32.png",
            "height": 60,
            "ascent": 60,
            "chars": [
                "\uE232"
            ]
        },
        {
            "type": "bitmap",
            "file": "minecraft:font/mob/33.png",
            "height": 60,
            "ascent": 60,
            "chars": [
                "\uE233"
            ]
        },
        {
            "type": "bitmap",
            "file": "minecraft:font/mob/34.png",
            "height": 60,
            "ascent": 60,
            "chars": [
                "\uE234"
            ]
        },
        {
            "type": "bitmap",
            "file": "minecraft:font/mob/35.png",
            "height": 60,
            "ascent": 60,
            "chars": [
                "\uE235"
            ]
        },
        {
            "type": "bitmap",
            "file": "minecraft:font/mob/36.png",
            "height": 60,
            "ascent": 60,
            "chars": [
                "\uE236"
            ]
        },
        {
            "type": "bitmap",
            "file": "minecraft:font/mob/37.png",
            "height": 60,
            "ascent": 60,
            "chars": [
                "\uE237"
            ]
        },
        {
            "type": "bitmap",
            "file": "minecraft:font/mob/38.png",
            "height": 60,
            "ascent": 60,
            "chars": [
                "\uE238"
            ]
        },
        {
            "type": "bitmap",
            "file": "minecraft:font/mob/39.png",
            "height": 60,
            "ascent": 60,
            "chars": [
                "\uE239"
            ]
        },
        {
            "type": "bitmap",
            "file": "minecraft:font/mob/40.png",
            "height": 60,
            "ascent": 60,
            "chars": [
                "\uE240"
            ]
        },
        {
            "type": "bitmap",
            "file": "minecraft:font/mob/41.png",
            "height": 60,
            "ascent": 60,
            "chars": [
                "\uE241"
            ]
        },
        {
            "type": "bitmap",
            "file": "minecraft:font/mob/42.png",
            "height": 60,
            "ascent": 60,
            "chars": [
                "\uE242"
            ]
        },
        {
            "type": "bitmap",
            "file": "minecraft:font/mob/43.png",
            "height": 60,
            "ascent": 60,
            "chars": [
                "\uE243"
            ]
        },
        {
            "type": "bitmap",
            "file": "minecraft:font/mob/44.png",
            "height": 60,
            "ascent": 60,
            "chars": [
                "\uE244"
            ]
        },
        {
            "type": "bitmap",
            "file": "minecraft:font/mob/45.png",
            "height": 60,
            "ascent": 60,
            "chars": [
                "\uE245"
            ]
        },
        {
            "type": "bitmap",
            "file": "minecraft:font/mob/46.png",
            "height": 60,
            "ascent": 60,
            "chars": [
                "\uE246"
            ]
        },
        {
            "type": "bitmap",
            "file": "minecraft:font/mob/47.png",
            "height": 60,
            "ascent": 60,
            "chars": [
                "\uE247"
            ]
        },
        {
            "type": "bitmap",
            "file": "minecraft:font/mob/48.png",
            "height": 60,
            "ascent": 60,
            "chars": [
                "\uE248"
            ]
        },
        {
            "type": "bitmap",
            "file": "minecraft:font/mob/49.png",
            "height": 60,
            "ascent": 60,
            "chars": [
                "\uE249"
            ]
        },
        {
            "type": "bitmap",
            "file": "minecraft:font/mob/50.png",
            "height": 60,
            "ascent": 60,
            "chars": [
                "\uE250"
            ]
        },
        {
            "type": "bitmap",
            "file": "minecraft:font/mob/51.png",
            "height": 60,
            "ascent": 60,
            "chars": [
                "\uE251"
            ]
        },
        {
            "type": "bitmap",
            "file": "minecraft:font/mob/52.png",
            "height": 60,
            "ascent": 60,
            "chars": [
                "\uE252"
            ]
        },
        {
            "type": "bitmap",
            "file": "minecraft:font/mob/53.png",
            "height": 60,
            "ascent": 60,
            "chars": [
                "\uE253"
            ]
        },
        {
            "type": "bitmap",
            "file": "minecraft:font/mob/54.png",
            "height": 60,
            "ascent": 60,
            "chars": [
                "\uE254"
            ]
        },
        {
            "type": "bitmap",
            "file": "minecraft:font/mob/55.png",
            "height": 60,
            "ascent": 60,
            "chars": [
                "\uE255"
            ]
        },
        {
            "type": "bitmap",
            "file": "minecraft:font/mob/56.png",
            "height": 60,
            "ascent": 60,
            "chars": [
                "\uE256"
            ]
        },
        {
            "type": "bitmap",
            "file": "minecraft:font/mob/57.png",
            "height": 60,
            "ascent": 60,
            "chars": [
                "\uE257"
            ]
        },
        {
            "type": "bitmap",
            "file": "minecraft:font/mob/58.png",
            "height": 60,
            "ascent": 60,
            "chars": [
                "\uE258"
            ]
        },
        {
            "type": "bitmap",
            "file": "minecraft:font/mob/59.png",
            "height": 60,
            "ascent": 60,
            "chars": [
                "\uE259"
            ]
        },
        {
            "type": "bitmap",
            "file": "minecraft:font/mob/60.png",
            "height": 60,
            "ascent": 60,
            "chars": [
                "\uE260"
            ]
        },
        {
            "type": "bitmap",
            "file": "minecraft:font/mob/61.png",
            "height": 60,
            "ascent": 60,
            "chars": [
                "\uE261"
            ]
        },
        {
            "type": "bitmap",
            "file": "minecraft:font/mob/62.png",
            "height": 60,
            "ascent": 60,
            "chars": [
                "\uE262"
            ]
        },
        {
            "type": "bitmap",
            "file": "minecraft:font/mob/63.png",
            "height": 60,
            "ascent": 60,
            "chars": [
                "\uE263"
            ]
        },
        {
            "type": "bitmap",
            "file": "minecraft:font/mob/64.png",
            "height": 60,
            "ascent": 60,
            "chars": [
                "\uE264"
            ]
        },
        {
            "type": "bitmap",
            "file": "minecraft:font/mob/65.png",
            "height": 60,
            "ascent": 60,
            "chars": [
                "\uE265"
            ]
        },
        {
            "type": "bitmap",
            "file": "minecraft:font/mob/66.png",
            "height": 60,
            "ascent": 60,
            "chars": [
                "\uE266"
            ]
        },
        {
            "type": "bitmap",
            "file": "minecraft:font/mob/67.png",
            "height": 60,
            "ascent": 60,
            "chars": [
                "\uE267"
            ]
        },
        {
            "type": "bitmap",
            "file": "minecraft:font/mob/69.png",
            "height": 60,
            "ascent": 60,
            "chars": [
                "\uE269"
            ]
        },
        {
            "type": "bitmap",
            "file": "minecraft:font/mob/70.png",
            "height": 60,
            "ascent": 60,
            "chars": [
                "\uE270"
            ]
        },
        {
            "type": "bitmap",
            "file": "minecraft:font/mob/71.png",
            "height": 60,
            "ascent": 60,
            "chars": [
                "\uE271"
            ]
        },
        {
            "type": "bitmap",
            "file": "minecraft:font/mob/72.png",
            "height": 60,
            "ascent": 60,
            "chars": [
                "\uE272"
            ]
        },
        {
            "type": "bitmap",
            "file": "minecraft:font/mob/73.png",
            "height": 60,
            "ascent": 60,
            "chars": [
                "\uE273"
            ]
        },
        {
            "type": "bitmap",
            "file": "minecraft:font/mob/74.png",
            "height": 60,
            "ascent": 60,
            "chars": [
                "\uE274"
            ]
        },
        {
            "type": "bitmap",
            "file": "minecraft:font/mob/75.png",
            "height": 60,
            "ascent": 60,
            "chars": [
                "\uE275"
            ]
        },
        {
            "type": "bitmap",
            "file": "minecraft:font/mob/76.png",
            "height": 60,
            "ascent": 60,
            "chars": [
                "\uE276"
            ]
        },
        {
            "type": "bitmap",
            "file": "minecraft:font/mob/77.png",
            "height": 60,
            "ascent": 60,
            "chars": [
                "\uE277"
            ]
        },
        {
            "type": "bitmap",
            "file": "minecraft:font/mob/78.png",
            "height": 60,
            "ascent": 60,
            "chars": [
                "\uE278"
            ]
        },
        {
            "type": "bitmap",
            "file": "minecraft:font/mob/79.png",
            "height": 60,
            "ascent": 60,
            "chars": [
                "\uE279"
            ]
        },
        {
            "type": "bitmap",
            "file": "minecraft:font/mob/81.png",
            "height": 60,
            "ascent": 60,
            "chars": [
                "\uE281"
            ]
        },
        {
            "type": "bitmap",
            "file": "minecraft:font/mob/82.png",
            "height": 60,
            "ascent": 60,
            "chars": [
                "\uE282"
            ]
        },
        {
            "type": "bitmap",
            "file": "minecraft:font/mob/83.png",
            "height": 60,
            "ascent": 60,
            "chars": [
                "\uE283"
            ]
        },
        {
            "type": "bitmap",
            "file": "minecraft:font/mob/84.png",
            "height": 60,
            "ascent": 60,
            "chars": [
                "\uE284"
            ]
        },
        {
            "type": "bitmap",
            "file": "minecraft:font/mob/85.png",
            "height": 60,
            "ascent": 60,
            "chars": [
                "\uE285"
            ]
        },
        {
            "type": "bitmap",
            "file": "minecraft:font/mob/86.png",
            "height": 60,
            "ascent": 60,
            "chars": [
                "\uE286"
            ]
        },
        {
            "type": "bitmap",
            "file": "minecraft:font/mob/87.png",
            "height": 60,
            "ascent": 60,
            "chars": [
                "\uE287"
            ]
        },
        {
            "type": "bitmap",
            "file": "minecraft:font/mob/88.png",
            "height": 60,
            "ascent": 60,
            "chars": [
                "\uE288"
            ]
        },
        {
            "type": "bitmap",
            "file": "minecraft:font/mob/89.png",
            "height": 60,
            "ascent": 60,
            "chars": [
                "\uE289"
            ]
        },
        {
            "type": "bitmap",
            "file": "minecraft:font/mob/90.png",
            "height": 60,
            "ascent": 60,
            "chars": [
                "\uE290"
            ]
        },
        {
            "type": "bitmap",
            "file": "minecraft:font/mob/91.png",
            "height": 60,
            "ascent": 60,
            "chars": [
                "\uE291"
            ]
        },
        {
            "type": "bitmap",
            "file": "minecraft:font/mob/92.png",
            "height": 60,
            "ascent": 60,
            "chars": [
                "\uE292"
            ]
        },




        
        {
            "type": "bitmap",
            "file": "space:font/space_split.png",
            "ascent": -32768,
            "height": -3,
            "chars": [
                "\uF801"
            ]
        },
        {
            "type": "bitmap",
            "file": "space:font/space_split.png",
            "ascent": -32768,
            "height": -4,
            "chars": [
                "\uF802"
            ]
        },
        {
            "type": "bitmap",
            "file": "space:font/space_split.png",
            "ascent": -32768,
            "height": -5,
            "chars": [
                "\uF803"
            ]
        },
        {
            "type": "bitmap",
            "file": "space:font/space_split.png",
            "ascent": -32768,
            "height": -6,
            "chars": [
                "\uF804"
            ]
        },
        {
            "type": "bitmap",
            "file": "space:font/space_split.png",
            "ascent": -32768,
            "height": -7,
            "chars": [
                "\uF805"
            ]
        },
        {
            "type": "bitmap",
            "file": "space:font/space_split.png",
            "ascent": -32768,
            "height": -8,
            "chars": [
                "\uF806"
            ]
        },
        {
            "type": "bitmap",
            "file": "space:font/space_split.png",
            "ascent": -32768,
            "height": -9,
            "chars": [
                "\uF807"
            ]
        },
        {
            "type": "bitmap",
            "file": "space:font/space_split.png",
            "ascent": -32768,
            "height": -10,
            "chars": [
                "\uF808"
            ]
        },
        {
            "type": "bitmap",
            "file": "space:font/space_split.png",
            "ascent": -32768,
            "height": -18,
            "chars": [
                "\uF809"
            ]
        },
        {
            "type": "bitmap",
            "file": "space:font/space_split.png",
            "ascent": -32768,
            "height": -34,
            "chars": [
                "\uF80A"
            ]
        },
        {
            "type": "bitmap",
            "file": "space:font/space_split.png",
            "ascent": -32768,
            "height": -66,
            "chars": [
                "\uF80B"
            ]
        },
        {
            "type": "bitmap",
            "file": "space:font/space_split.png",
            "ascent": -32768,
            "height": -130,
            "chars": [
                "\uF80C"
            ]
        },
        {
            "type": "bitmap",
            "file": "space:font/space_split.png",
            "ascent": -32768,
            "height": -258,
            "chars": [
                "\uF80D"
            ]
        },
        {
            "type": "bitmap",
            "file": "space:font/space_split.png",
            "ascent": -32768,
            "height": -514,
            "chars": [
                "\uF80E"
            ]
        },
        {
            "type": "bitmap",
            "file": "space:font/space_split.png",
            "ascent": -32768,
            "height": -1026,
            "chars": [
                "\uF80F"
            ]
        },
        {
            "type": "bitmap",
            "file": "space:font/space_split.png",
            "ascent": -65536,
            "height": -32770,
            "chars": [
                "\uF800"
            ]
        },
        {
            "type": "bitmap",
            "file": "space:font/space_split.png",
            "ascent": -32768,
            "height": 0,
            "chars": [
                "\uF821"
            ]
        },
        {
            "type": "bitmap",
            "file": "space:font/space_split.png",
            "ascent": -32768,
            "height": 1,
            "chars": [
                "\uF822"
            ]
        },
        {
            "type": "bitmap",
            "file": "space:font/space_split.png",
            "ascent": -32768,
            "height": 2,
            "chars": [
                "\uF823"
            ]
        },
        {
            "type": "bitmap",
            "file": "space:font/space_split.png",
            "ascent": -32768,
            "height": 3,
            "chars": [
                "\uF824"
            ]
        },
        {
            "type": "bitmap",
            "file": "space:font/space_split.png",
            "ascent": -32768,
            "height": 4,
            "chars": [
                "\uF825"
            ]
        },
        {
            "type": "bitmap",
            "file": "space:font/space_split.png",
            "ascent": -32768,
            "height": 5,
            "chars": [
                "\uF826"
            ]
        },
        {
            "type": "bitmap",
            "file": "space:font/space_split.png",
            "ascent": -32768,
            "height": 6,
            "chars": [
                "\uF827"
            ]
        },
        {
            "type": "bitmap",
            "file": "space:font/space_split.png",
            "ascent": -32768,
            "height": 7,
            "chars": [
                "\uF828"
            ]
        },
        {
            "type": "bitmap",
            "file": "space:font/space_split.png",
            "ascent": -32768,
            "height": 15,
            "chars": [
                "\uF829"
            ]
        },
        {
            "type": "bitmap",
            "file": "space:font/space_split.png",
            "ascent": -32768,
            "height": 31,
            "chars": [
                "\uF82A"
            ]
        },
        {
            "type": "bitmap",
            "file": "space:font/space_split.png",
            "ascent": -32768,
            "height": 63,
            "chars": [
                "\uF82B"
            ]
        },
        {
            "type": "bitmap",
            "file": "space:font/space_split.png",
            "ascent": -32768,
            "height": 127,
            "chars": [
                "\uF82C"
            ]
        },
        {
            "type": "bitmap",
            "file": "space:font/space_split.png",
            "ascent": -32768,
            "height": 255,
            "chars": [
                "\uF82D"
            ]
        },
        {
            "type": "bitmap",
            "file": "space:font/space_split.png",
            "ascent": -32768,
            "height": 511,
            "chars": [
                "\uF82E"
            ]
        },
        {
            "type": "bitmap",
            "file": "space:font/space_split.png",
            "ascent": -32768,
            "height": 1023,
            "chars": [
                "\uF82F"
            ]
        },
        {
            "type": "bitmap",
            "file": "space:font/space_split.png",
            "ascent": -65536,
            "height": 32767,
            "chars": [
                "\uF820"
            ]
        },
        {
            "type": "bitmap",
            "file": "space:font/space_nosplit.png",
            "ascent": -32768,
            "height": -3,
            "chars": [
                "\uF811"
            ]
        },
        {
            "type": "bitmap",
            "file": "space:font/space_nosplit.png",
            "ascent": -32768,
            "height": -4,
            "chars": [
                "\uF812"
            ]
        },
        {
            "type": "bitmap",
            "file": "space:font/space_nosplit.png",
            "ascent": -32768,
            "height": -5,
            "chars": [
                "\uF813"
            ]
        },
        {
            "type": "bitmap",
            "file": "space:font/space_nosplit.png",
            "ascent": -32768,
            "height": -6,
            "chars": [
                "\uF814"
            ]
        },
        {
            "type": "bitmap",
            "file": "space:font/space_nosplit.png",
            "ascent": -32768,
            "height": -7,
            "chars": [
                "\uF815"
            ]
        },
        {
            "type": "bitmap",
            "file": "space:font/space_nosplit.png",
            "ascent": -32768,
            "height": -8,
            "chars": [
                "\uF816"
            ]
        },
        {
            "type": "bitmap",
            "file": "space:font/space_nosplit.png",
            "ascent": -32768,
            "height": -9,
            "chars": [
                "\uF817"
            ]
        },
        {
            "type": "bitmap",
            "file": "space:font/space_nosplit.png",
            "ascent": -32768,
            "height": -10,
            "chars": [
                "\uF818"
            ]
        },
        {
            "type": "bitmap",
            "file": "space:font/space_nosplit.png",
            "ascent": -32768,
            "height": -18,
            "chars": [
                "\uF819"
            ]
        },
        {
            "type": "bitmap",
            "file": "space:font/space_nosplit.png",
            "ascent": -32768,
            "height": -34,
            "chars": [
                "\uF81A"
            ]
        },
        {
            "type": "bitmap",
            "file": "space:font/space_nosplit.png",
            "ascent": -32768,
            "height": -66,
            "chars": [
                "\uF81B"
            ]
        },
        {
            "type": "bitmap",
            "file": "space:font/space_nosplit.png",
            "ascent": -32768,
            "height": -130,
            "chars": [
                "\uF81C"
            ]
        },
        {
            "type": "bitmap",
            "file": "space:font/space_nosplit.png",
            "ascent": -32768,
            "height": -258,
            "chars": [
                "\uF81D"
            ]
        },
        {
            "type": "bitmap",
            "file": "space:font/space_nosplit.png",
            "ascent": -32768,
            "height": -514,
            "chars": [
                "\uF81E"
            ]
        },
        {
            "type": "bitmap",
            "file": "space:font/space_nosplit.png",
            "ascent": -32768,
            "height": -1026,
            "chars": [
                "\uF81F"
            ]
        },
        {
            "type": "bitmap",
            "file": "space:font/space_nosplit.png",
            "ascent": -65536,
            "height": -32770,
            "chars": [
                "\uF810"
            ]
        },
        {
            "type": "bitmap",
            "file": "space:font/space_nosplit.png",
            "ascent": -32768,
            "height": 0,
            "chars": [
                "\uF831"
            ]
        },
        {
            "type": "bitmap",
            "file": "space:font/space_nosplit.png",
            "ascent": -32768,
            "height": 1,
            "chars": [
                "\uF832"
            ]
        },
        {
            "type": "bitmap",
            "file": "space:font/space_nosplit.png",
            "ascent": -32768,
            "height": 2,
            "chars": [
                "\uF833"
            ]
        },
        {
            "type": "bitmap",
            "file": "space:font/space_nosplit.png",
            "ascent": -32768,
            "height": 3,
            "chars": [
                "\uF834"
            ]
        },
        {
            "type": "bitmap",
            "file": "space:font/space_nosplit.png",
            "ascent": -32768,
            "height": 4,
            "chars": [
                "\uF835"
            ]
        },
        {
            "type": "bitmap",
            "file": "space:font/space_nosplit.png",
            "ascent": -32768,
            "height": 5,
            "chars": [
                "\uF836"
            ]
        },
        {
            "type": "bitmap",
            "file": "space:font/space_nosplit.png",
            "ascent": -32768,
            "height": 6,
            "chars": [
                "\uF837"
            ]
        },
        {
            "type": "bitmap",
            "file": "space:font/space_nosplit.png",
            "ascent": -32768,
            "height": 7,
            "chars": [
                "\uF838"
            ]
        },
        {
            "type": "bitmap",
            "file": "space:font/space_nosplit.png",
            "ascent": -32768,
            "height": 15,
            "chars": [
                "\uF839"
            ]
        },
        {
            "type": "bitmap",
            "file": "space:font/space_nosplit.png",
            "ascent": -32768,
            "height": 31,
            "chars": [
                "\uF83A"
            ]
        },
        {
            "type": "bitmap",
            "file": "space:font/space_nosplit.png",
            "ascent": -32768,
            "height": 63,
            "chars": [
                "\uF83B"
            ]
        },
        {
            "type": "bitmap",
            "file": "space:font/space_nosplit.png",
            "ascent": -32768,
            "height": 127,
            "chars": [
                "\uF83C"
            ]
        },
        {
            "type": "bitmap",
            "file": "space:font/space_nosplit.png",
            "ascent": -32768,
            "height": 255,
            "chars": [
                "\uF83D"
            ]
        },
        {
            "type": "bitmap",
            "file": "space:font/space_nosplit.png",
            "ascent": -32768,
            "height": 511,
            "chars": [
                "\uF83E"
            ]
        },
        {
            "type": "bitmap",
            "file": "space:font/space_nosplit.png",
            "ascent": -32768,
            "height": 1023,
            "chars": [
                "\uF83F"
            ]
        },
        {
            "type": "bitmap",
            "file": "space:font/space_nosplit.png",
            "ascent": -65536,
            "height": 32767,
            "chars": [
                "\uF830"
            ]
        }
    ]
}