{
	"credit": "Made with Blockbench",
	"texture_size": [64, 64],
	"textures": {
		"10": "item/map_ui/another/start",
		"particle": "item/map_ui/another/award"
	},
	"elements": [
		{
			"from": [0, 0, 6],
			"to": [16, 16, 9],
			"rotation": {"angle": 0, "axis": "y", "origin": [8.5, 0, 8]},
			"faces": {
				"north": {"uv": [4.75, 4, 8.75, 8], "texture": "#10"},
				"east": {"uv": [4, 4, 4.75, 8], "texture": "#10"},
				"south": {"uv": [0, 4, 4, 8], "texture": "#10"},
				"west": {"uv": [8.75, 4, 9.5, 8], "texture": "#10"},
				"up": {"uv": [4.75, 4, 4, 0], "rotation": 90, "texture": "#10"},
				"down": {"uv": [5.5, 0, 4.75, 4], "rotation": 270, "texture": "#10"}
			}
		},
		{
			"from": [0, 2, 9],
			"to": [2, 16, 10],
			"rotation": {"angle": 0, "axis": "y", "origin": [8.5, 0, 8]},
			"faces": {
				"north": {"uv": [10.25, 9.5, 10.75, 13], "texture": "#10"},
				"east": {"uv": [10, 9.5, 10.25, 13], "texture": "#10"},
				"south": {"uv": [9.5, 9.5, 10, 13], "texture": "#10"},
				"west": {"uv": [10.75, 9.5, 11, 13], "texture": "#10"},
				"up": {"uv": [10.25, 9.5, 10, 9], "rotation": 90, "texture": "#10"},
				"down": {"uv": [10.5, 9, 10.25, 9.5], "rotation": 270, "texture": "#10"}
			}
		},
		{
			"from": [0, 0, 9],
			"to": [14, 2, 10],
			"rotation": {"angle": 0, "axis": "y", "origin": [8.5, 0, 8]},
			"faces": {
				"north": {"uv": [3.75, 11.75, 7.25, 12.25], "texture": "#10"},
				"east": {"uv": [3.5, 11.75, 3.75, 12.25], "texture": "#10"},
				"south": {"uv": [0, 11.75, 3.5, 12.25], "texture": "#10"},
				"west": {"uv": [7.25, 11.75, 7.5, 12.25], "texture": "#10"},
				"up": {"uv": [3.75, 11.75, 3.5, 8.25], "rotation": 90, "texture": "#10"},
				"down": {"uv": [4, 8.25, 3.75, 11.75], "rotation": 270, "texture": "#10"}
			}
		},
		{
			"from": [14, 0, 9],
			"to": [16, 14, 10],
			"rotation": {"angle": 0, "axis": "y", "origin": [8.5, 0, 8]},
			"faces": {
				"north": {"uv": [8.5, 9.5, 9, 13], "texture": "#10"},
				"east": {"uv": [8.25, 9.5, 8.5, 13], "texture": "#10"},
				"south": {"uv": [7.75, 9.5, 8.25, 13], "texture": "#10"},
				"west": {"uv": [9, 9.5, 9.25, 13], "texture": "#10"},
				"up": {"uv": [8.5, 9.5, 8.25, 9], "rotation": 90, "texture": "#10"},
				"down": {"uv": [8.75, 9, 8.5, 9.5], "rotation": 270, "texture": "#10"}
			}
		},
		{
			"from": [2, 14, 9],
			"to": [16, 16, 10],
			"rotation": {"angle": 0, "axis": "y", "origin": [8.5, 0, 8]},
			"faces": {
				"north": {"uv": [10, 8.25, 13.5, 8.75], "texture": "#10"},
				"east": {"uv": [9.75, 8.25, 10, 8.75], "texture": "#10"},
				"south": {"uv": [6.25, 8.25, 9.75, 8.75], "texture": "#10"},
				"west": {"uv": [13.5, 8.25, 13.75, 8.75], "texture": "#10"},
				"up": {"uv": [10, 8.25, 9.75, 4.75], "rotation": 90, "texture": "#10"},
				"down": {"uv": [10.25, 4.75, 10, 8.25], "rotation": 270, "texture": "#10"}
			}
		}
	],
	"groups": [
		{
			"name": "group",
			"origin": [0.1, 8, 0],
			"color": 0,
			"children": [0, 1, 2, 3, 4]
		}
	]
}