{
	"credit": "Made with Blockbench",
	"texture_size": [64, 64],
	"textures": {
		"0": "minecraft:item/weapon/gantlen/3",
		"particle": "minecraft:item/weapon/gantlen/3"
	},
	"elements": [
		{
			"from": [3, 3, 7.5],
			"to": [4, 4, 8.5],
			"rotation": {"angle": 0, "axis": "y", "origin": [3, 3, 7.5]},
			"faces": {
				"north": {"uv": [0.25, 0.25, 0.5, 0.5], "texture": "#0"},
				"east": {"uv": [0, 0.25, 0.25, 0.5], "texture": "#0"},
				"south": {"uv": [0.75, 0.25, 1, 0.5], "texture": "#0"},
				"west": {"uv": [0.5, 0.25, 0.75, 0.5], "texture": "#0"},
				"up": {"uv": [0.5, 0.25, 0.25, 0], "texture": "#0"},
				"down": {"uv": [0.75, 0, 0.5, 0.25], "texture": "#0"}
			}
		},
		{
			"from": [4, 3, 7.5],
			"to": [5, 4, 8.5],
			"rotation": {"angle": 0, "axis": "y", "origin": [4, 3, 7.5]},
			"faces": {
				"north": {"uv": [0, 0.75, 0.25, 1], "texture": "#0"},
				"east": {"uv": [0.5, 0.75, 0.75, 1], "texture": "#0"},
				"south": {"uv": [1, 0.75, 1.25, 1], "texture": "#0"},
				"west": {"uv": [0, 1.25, 0.25, 1.5], "texture": "#0"},
				"up": {"uv": [1.5, 0.25, 1.25, 0], "texture": "#0"},
				"down": {"uv": [0.75, 1.25, 0.5, 1.5], "texture": "#0"}
			}
		},
		{
			"from": [5, 3, 7.5],
			"to": [6, 4, 8.5],
			"rotation": {"angle": 0, "axis": "y", "origin": [5, 3, 7.5]},
			"faces": {
				"north": {"uv": [1, 1.25, 1.25, 1.5], "texture": "#0"},
				"east": {"uv": [1.5, 0.5, 1.75, 0.75], "texture": "#0"},
				"south": {"uv": [1.5, 1, 1.75, 1.25], "texture": "#0"},
				"west": {"uv": [1.5, 1.5, 1.75, 1.75], "texture": "#0"},
				"up": {"uv": [0.25, 2, 0, 1.75], "texture": "#0"},
				"down": {"uv": [2, 0, 1.75, 0.25], "texture": "#0"}
			}
		},
		{
			"from": [5, 4, 7.5],
			"to": [6, 5, 8.5],
			"rotation": {"angle": 0, "axis": "y", "origin": [5, 4, 7.5]},
			"faces": {
				"north": {"uv": [0.5, 1.75, 0.75, 2], "texture": "#0"},
				"east": {"uv": [1, 1.75, 1.25, 2], "texture": "#0"},
				"south": {"uv": [2, 0.5, 2.25, 0.75], "texture": "#0"},
				"west": {"uv": [2, 1, 2.25, 1.25], "texture": "#0"},
				"up": {"uv": [1.75, 2.25, 1.5, 2], "texture": "#0"},
				"down": {"uv": [2.25, 1.5, 2, 1.75], "texture": "#0"}
			}
		},
		{
			"from": [6, 4, 7.5],
			"to": [7, 5, 8.5],
			"rotation": {"angle": 0, "axis": "y", "origin": [6, 4, 7.5]},
			"faces": {
				"north": {"uv": [2, 2, 2.25, 2.25], "texture": "#0"},
				"east": {"uv": [0, 2.25, 0.25, 2.5], "texture": "#0"},
				"south": {"uv": [2.25, 0, 2.5, 0.25], "texture": "#0"},
				"west": {"uv": [0.5, 2.25, 0.75, 2.5], "texture": "#0"},
				"up": {"uv": [1.25, 2.5, 1, 2.25], "texture": "#0"},
				"down": {"uv": [2.75, 0.5, 2.5, 0.75], "texture": "#0"}
			}
		},
		{
			"from": [6, 5, 7.5],
			"to": [7, 6, 8.5],
			"rotation": {"angle": 0, "axis": "y", "origin": [6, 5, 7.5]},
			"faces": {
				"north": {"uv": [2.5, 1, 2.75, 1.25], "texture": "#0"},
				"east": {"uv": [1.5, 2.5, 1.75, 2.75], "texture": "#0"},
				"south": {"uv": [2.5, 1.5, 2.75, 1.75], "texture": "#0"},
				"west": {"uv": [2, 2.5, 2.25, 2.75], "texture": "#0"},
				"up": {"uv": [2.75, 2.25, 2.5, 2], "texture": "#0"},
				"down": {"uv": [2.75, 2.5, 2.5, 2.75], "texture": "#0"}
			}
		},
		{
			"from": [7, 5, 7.5],
			"to": [8, 6, 8.5],
			"rotation": {"angle": 0, "axis": "y", "origin": [7, 5, 7.5]},
			"faces": {
				"north": {"uv": [0, 2.75, 0.25, 3], "texture": "#0"},
				"east": {"uv": [2.75, 0, 3, 0.25], "texture": "#0"},
				"south": {"uv": [0.5, 2.75, 0.75, 3], "texture": "#0"},
				"west": {"uv": [1, 2.75, 1.25, 3], "texture": "#0"},
				"up": {"uv": [3.25, 0.75, 3, 0.5], "texture": "#0"},
				"down": {"uv": [3.25, 1, 3, 1.25], "texture": "#0"}
			}
		},
		{
			"from": [7, 6, 7.5],
			"to": [8, 7, 8.5],
			"rotation": {"angle": 0, "axis": "y", "origin": [7, 6, 7.5]},
			"faces": {
				"north": {"uv": [1.5, 3, 1.75, 3.25], "texture": "#0"},
				"east": {"uv": [3, 1.5, 3.25, 1.75], "texture": "#0"},
				"south": {"uv": [2, 3, 2.25, 3.25], "texture": "#0"},
				"west": {"uv": [3, 2, 3.25, 2.25], "texture": "#0"},
				"up": {"uv": [2.75, 3.25, 2.5, 3], "texture": "#0"},
				"down": {"uv": [3.25, 2.5, 3, 2.75], "texture": "#0"}
			}
		},
		{
			"from": [8, 6, 7.5],
			"to": [9, 7, 8.5],
			"rotation": {"angle": 0, "axis": "y", "origin": [8, 6, 7.5]},
			"faces": {
				"north": {"uv": [3, 3, 3.25, 3.25], "texture": "#0"},
				"east": {"uv": [0, 3.25, 0.25, 3.5], "texture": "#0"},
				"south": {"uv": [3.25, 0, 3.5, 0.25], "texture": "#0"},
				"west": {"uv": [0.5, 3.25, 0.75, 3.5], "texture": "#0"},
				"up": {"uv": [1.25, 3.5, 1, 3.25], "texture": "#0"},
				"down": {"uv": [3.75, 0.5, 3.5, 0.75], "texture": "#0"}
			}
		},
		{
			"from": [8, 7, 7.5],
			"to": [9, 8, 8.5],
			"rotation": {"angle": 0, "axis": "y", "origin": [8, 7, 7.5]},
			"faces": {
				"north": {"uv": [3.5, 1, 3.75, 1.25], "texture": "#0"},
				"east": {"uv": [1.5, 3.5, 1.75, 3.75], "texture": "#0"},
				"south": {"uv": [3.5, 1.5, 3.75, 1.75], "texture": "#0"},
				"west": {"uv": [2, 3.5, 2.25, 3.75], "texture": "#0"},
				"up": {"uv": [3.75, 2.25, 3.5, 2], "texture": "#0"},
				"down": {"uv": [2.75, 3.5, 2.5, 3.75], "texture": "#0"}
			}
		},
		{
			"from": [9, 7, 7.5],
			"to": [10, 8, 8.5],
			"rotation": {"angle": 0, "axis": "y", "origin": [9, 7, 7.5]},
			"faces": {
				"north": {"uv": [3.5, 2.5, 3.75, 2.75], "texture": "#0"},
				"east": {"uv": [3, 3.5, 3.25, 3.75], "texture": "#0"},
				"south": {"uv": [3.5, 3, 3.75, 3.25], "texture": "#0"},
				"west": {"uv": [3.5, 3.5, 3.75, 3.75], "texture": "#0"},
				"up": {"uv": [0.25, 4, 0, 3.75], "texture": "#0"},
				"down": {"uv": [4, 0, 3.75, 0.25], "texture": "#0"}
			}
		},
		{
			"from": [9, 8, 7.5],
			"to": [10, 9, 8.5],
			"rotation": {"angle": 0, "axis": "y", "origin": [9, 8, 7.5]},
			"faces": {
				"north": {"uv": [0.5, 3.75, 0.75, 4], "texture": "#0"},
				"east": {"uv": [1, 3.75, 1.25, 4], "texture": "#0"},
				"south": {"uv": [4, 0.5, 4.25, 0.75], "texture": "#0"},
				"west": {"uv": [4, 1, 4.25, 1.25], "texture": "#0"},
				"up": {"uv": [1.75, 4.25, 1.5, 4], "texture": "#0"},
				"down": {"uv": [4.25, 1.5, 4, 1.75], "texture": "#0"}
			}
		},
		{
			"from": [10, 8, 7.5],
			"to": [11, 9, 8.5],
			"rotation": {"angle": 0, "axis": "y", "origin": [10, 8, 7.5]},
			"faces": {
				"north": {"uv": [2, 4, 2.25, 4.25], "texture": "#0"},
				"east": {"uv": [4, 2, 4.25, 2.25], "texture": "#0"},
				"south": {"uv": [2.5, 4, 2.75, 4.25], "texture": "#0"},
				"west": {"uv": [4, 2.5, 4.25, 2.75], "texture": "#0"},
				"up": {"uv": [3.25, 4.25, 3, 4], "texture": "#0"},
				"down": {"uv": [4.25, 3, 4, 3.25], "texture": "#0"}
			}
		},
		{
			"from": [10, 9, 7.5],
			"to": [11, 10, 8.5],
			"rotation": {"angle": 0, "axis": "y", "origin": [10, 9, 7.5]},
			"faces": {
				"north": {"uv": [3.5, 4, 3.75, 4.25], "texture": "#0"},
				"east": {"uv": [4, 3.5, 4.25, 3.75], "texture": "#0"},
				"south": {"uv": [4, 4, 4.25, 4.25], "texture": "#0"},
				"west": {"uv": [0, 4.25, 0.25, 4.5], "texture": "#0"},
				"up": {"uv": [4.5, 0.25, 4.25, 0], "texture": "#0"},
				"down": {"uv": [0.75, 4.25, 0.5, 4.5], "texture": "#0"}
			}
		},
		{
			"from": [11, 9, 7.5],
			"to": [12, 10, 8.5],
			"rotation": {"angle": 0, "axis": "y", "origin": [11, 9, 7.5]},
			"faces": {
				"north": {"uv": [1, 4.25, 1.25, 4.5], "texture": "#0"},
				"east": {"uv": [4.5, 0.5, 4.75, 0.75], "texture": "#0"},
				"south": {"uv": [4.5, 1, 4.75, 1.25], "texture": "#0"},
				"west": {"uv": [1.5, 4.5, 1.75, 4.75], "texture": "#0"},
				"up": {"uv": [4.75, 1.75, 4.5, 1.5], "texture": "#0"},
				"down": {"uv": [2.25, 4.5, 2, 4.75], "texture": "#0"}
			}
		},
		{
			"from": [11, 10, 7.5],
			"to": [12, 11, 8.5],
			"rotation": {"angle": 0, "axis": "y", "origin": [11, 10, 7.5]},
			"faces": {
				"north": {"uv": [4.5, 2, 4.75, 2.25], "texture": "#0"},
				"east": {"uv": [2.5, 4.5, 2.75, 4.75], "texture": "#0"},
				"south": {"uv": [4.5, 2.5, 4.75, 2.75], "texture": "#0"},
				"west": {"uv": [3, 4.5, 3.25, 4.75], "texture": "#0"},
				"up": {"uv": [4.75, 3.25, 4.5, 3], "texture": "#0"},
				"down": {"uv": [3.75, 4.5, 3.5, 4.75], "texture": "#0"}
			}
		},
		{
			"from": [12, 10, 7.5],
			"to": [13, 11, 8.5],
			"rotation": {"angle": 0, "axis": "y", "origin": [12, 10, 7.5]},
			"faces": {
				"north": {"uv": [4.5, 3.5, 4.75, 3.75], "texture": "#0"},
				"east": {"uv": [4, 4.5, 4.25, 4.75], "texture": "#0"},
				"south": {"uv": [4.5, 4, 4.75, 4.25], "texture": "#0"},
				"west": {"uv": [4.5, 4.5, 4.75, 4.75], "texture": "#0"},
				"up": {"uv": [0.25, 5, 0, 4.75], "texture": "#0"},
				"down": {"uv": [5, 0, 4.75, 0.25], "texture": "#0"}
			}
		},
		{
			"from": [12, 11, 7.5],
			"to": [13, 12, 8.5],
			"rotation": {"angle": 0, "axis": "y", "origin": [12, 11, 7.5]},
			"faces": {
				"north": {"uv": [0.5, 4.75, 0.75, 5], "texture": "#0"},
				"east": {"uv": [1, 4.75, 1.25, 5], "texture": "#0"},
				"south": {"uv": [5, 0.5, 5.25, 0.75], "texture": "#0"},
				"west": {"uv": [5, 1, 5.25, 1.25], "texture": "#0"},
				"up": {"uv": [1.75, 5.25, 1.5, 5], "texture": "#0"},
				"down": {"uv": [5.25, 1.5, 5, 1.75], "texture": "#0"}
			}
		},
		{
			"from": [11, 11, 7.5],
			"to": [12, 12, 8.5],
			"rotation": {"angle": 0, "axis": "y", "origin": [11, 11, 7.5]},
			"faces": {
				"north": {"uv": [2, 5, 2.25, 5.25], "texture": "#0"},
				"east": {"uv": [5, 2, 5.25, 2.25], "texture": "#0"},
				"south": {"uv": [2.5, 5, 2.75, 5.25], "texture": "#0"},
				"west": {"uv": [5, 2.5, 5.25, 2.75], "texture": "#0"},
				"up": {"uv": [3.25, 5.25, 3, 5], "texture": "#0"},
				"down": {"uv": [5.25, 3, 5, 3.25], "texture": "#0"}
			}
		},
		{
			"from": [11, 12, 7.5],
			"to": [12, 13, 8.5],
			"rotation": {"angle": 0, "axis": "y", "origin": [11, 12, 7.5]},
			"faces": {
				"north": {"uv": [3.5, 5, 3.75, 5.25], "texture": "#0"},
				"east": {"uv": [5, 3.5, 5.25, 3.75], "texture": "#0"},
				"south": {"uv": [4, 5, 4.25, 5.25], "texture": "#0"},
				"west": {"uv": [5, 4, 5.25, 4.25], "texture": "#0"},
				"up": {"uv": [4.75, 5.25, 4.5, 5], "texture": "#0"},
				"down": {"uv": [5.25, 4.5, 5, 4.75], "texture": "#0"}
			}
		},
		{
			"from": [11, 13, 7.5],
			"to": [12, 14, 8.5],
			"rotation": {"angle": 0, "axis": "y", "origin": [11, 13, 7.5]},
			"faces": {
				"north": {"uv": [5, 5, 5.25, 5.25], "texture": "#0"},
				"east": {"uv": [0, 5.25, 0.25, 5.5], "texture": "#0"},
				"south": {"uv": [5.25, 0, 5.5, 0.25], "texture": "#0"},
				"west": {"uv": [0.5, 5.25, 0.75, 5.5], "texture": "#0"},
				"up": {"uv": [1.25, 5.5, 1, 5.25], "texture": "#0"},
				"down": {"uv": [5.75, 0.5, 5.5, 0.75], "texture": "#0"}
			}
		},
		{
			"from": [10, 13, 7.5],
			"to": [11, 14, 8.5],
			"rotation": {"angle": 0, "axis": "y", "origin": [10, 13, 7.5]},
			"faces": {
				"north": {"uv": [5.5, 1, 5.75, 1.25], "texture": "#0"},
				"east": {"uv": [1.5, 5.5, 1.75, 5.75], "texture": "#0"},
				"south": {"uv": [5.5, 1.5, 5.75, 1.75], "texture": "#0"},
				"west": {"uv": [2, 5.5, 2.25, 5.75], "texture": "#0"},
				"up": {"uv": [5.75, 2.25, 5.5, 2], "texture": "#0"},
				"down": {"uv": [2.75, 5.5, 2.5, 5.75], "texture": "#0"}
			}
		},
		{
			"from": [10, 14, 7.5],
			"to": [11, 15, 8.5],
			"rotation": {"angle": 0, "axis": "y", "origin": [10, 14, 7.5]},
			"faces": {
				"north": {"uv": [5.5, 2.5, 5.75, 2.75], "texture": "#0"},
				"east": {"uv": [3, 5.5, 3.25, 5.75], "texture": "#0"},
				"south": {"uv": [5.5, 3, 5.75, 3.25], "texture": "#0"},
				"west": {"uv": [3.5, 5.5, 3.75, 5.75], "texture": "#0"},
				"up": {"uv": [5.75, 3.75, 5.5, 3.5], "texture": "#0"},
				"down": {"uv": [4.25, 5.5, 4, 5.75], "texture": "#0"}
			}
		},
		{
			"from": [9, 14, 7.5],
			"to": [10, 15, 8.5],
			"rotation": {"angle": 0, "axis": "y", "origin": [9, 14, 7.5]},
			"faces": {
				"north": {"uv": [5.5, 4, 5.75, 4.25], "texture": "#0"},
				"east": {"uv": [4.5, 5.5, 4.75, 5.75], "texture": "#0"},
				"south": {"uv": [5.5, 4.5, 5.75, 4.75], "texture": "#0"},
				"west": {"uv": [5, 5.5, 5.25, 5.75], "texture": "#0"},
				"up": {"uv": [5.75, 5.25, 5.5, 5], "texture": "#0"},
				"down": {"uv": [5.75, 5.5, 5.5, 5.75], "texture": "#0"}
			}
		},
		{
			"from": [9, 15, 7.5],
			"to": [10, 16, 8.5],
			"rotation": {"angle": 0, "axis": "y", "origin": [9, 15, 7.5]},
			"faces": {
				"north": {"uv": [0, 5.75, 0.25, 6], "texture": "#0"},
				"east": {"uv": [5.75, 0, 6, 0.25], "texture": "#0"},
				"south": {"uv": [0.5, 5.75, 0.75, 6], "texture": "#0"},
				"west": {"uv": [1, 5.75, 1.25, 6], "texture": "#0"},
				"up": {"uv": [6.25, 0.75, 6, 0.5], "texture": "#0"},
				"down": {"uv": [6.25, 1, 6, 1.25], "texture": "#0"}
			}
		},
		{
			"from": [8, 15, 7.5],
			"to": [9, 16, 8.5],
			"rotation": {"angle": 0, "axis": "y", "origin": [8, 15, 7.5]},
			"faces": {
				"north": {"uv": [1.5, 6, 1.75, 6.25], "texture": "#0"},
				"east": {"uv": [6, 1.5, 6.25, 1.75], "texture": "#0"},
				"south": {"uv": [2, 6, 2.25, 6.25], "texture": "#0"},
				"west": {"uv": [6, 2, 6.25, 2.25], "texture": "#0"},
				"up": {"uv": [2.75, 6.25, 2.5, 6], "texture": "#0"},
				"down": {"uv": [6.25, 2.5, 6, 2.75], "texture": "#0"}
			}
		},
		{
			"from": [8, 14, 7.5],
			"to": [9, 15, 8.5],
			"rotation": {"angle": 0, "axis": "y", "origin": [8, 14, 7.5]},
			"faces": {
				"north": {"uv": [3, 6, 3.25, 6.25], "texture": "#0"},
				"east": {"uv": [6, 3, 6.25, 3.25], "texture": "#0"},
				"south": {"uv": [3.5, 6, 3.75, 6.25], "texture": "#0"},
				"west": {"uv": [6, 3.5, 6.25, 3.75], "texture": "#0"},
				"up": {"uv": [4.25, 6.25, 4, 6], "texture": "#0"},
				"down": {"uv": [6.25, 4, 6, 4.25], "texture": "#0"}
			}
		},
		{
			"from": [7, 14, 7.5],
			"to": [8, 15, 8.5],
			"rotation": {"angle": 0, "axis": "y", "origin": [7, 14, 7.5]},
			"faces": {
				"north": {"uv": [4.5, 6, 4.75, 6.25], "texture": "#0"},
				"east": {"uv": [6, 4.5, 6.25, 4.75], "texture": "#0"},
				"south": {"uv": [5, 6, 5.25, 6.25], "texture": "#0"},
				"west": {"uv": [6, 5, 6.25, 5.25], "texture": "#0"},
				"up": {"uv": [5.75, 6.25, 5.5, 6], "texture": "#0"},
				"down": {"uv": [6.25, 5.5, 6, 5.75], "texture": "#0"}
			}
		},
		{
			"from": [6, 14, 7.5],
			"to": [7, 15, 8.5],
			"rotation": {"angle": 0, "axis": "y", "origin": [6, 14, 7.5]},
			"faces": {
				"north": {"uv": [6, 6, 6.25, 6.25], "texture": "#0"},
				"east": {"uv": [0, 6.25, 0.25, 6.5], "texture": "#0"},
				"south": {"uv": [6.25, 0, 6.5, 0.25], "texture": "#0"},
				"west": {"uv": [0.5, 6.25, 0.75, 6.5], "texture": "#0"},
				"up": {"uv": [1.25, 6.5, 1, 6.25], "texture": "#0"},
				"down": {"uv": [6.75, 0.5, 6.5, 0.75], "texture": "#0"}
			}
		},
		{
			"from": [5, 14, 7.5],
			"to": [6, 15, 8.5],
			"rotation": {"angle": 0, "axis": "y", "origin": [5, 14, 7.5]},
			"faces": {
				"north": {"uv": [6.5, 1, 6.75, 1.25], "texture": "#0"},
				"east": {"uv": [1.5, 6.5, 1.75, 6.75], "texture": "#0"},
				"south": {"uv": [6.5, 1.5, 6.75, 1.75], "texture": "#0"},
				"west": {"uv": [2, 6.5, 2.25, 6.75], "texture": "#0"},
				"up": {"uv": [6.75, 2.25, 6.5, 2], "texture": "#0"},
				"down": {"uv": [2.75, 6.5, 2.5, 6.75], "texture": "#0"}
			}
		},
		{
			"from": [5, 13, 7.5],
			"to": [6, 14, 8.5],
			"rotation": {"angle": 0, "axis": "y", "origin": [5, 13, 7.5]},
			"faces": {
				"north": {"uv": [6.5, 2.5, 6.75, 2.75], "texture": "#0"},
				"east": {"uv": [3, 6.5, 3.25, 6.75], "texture": "#0"},
				"south": {"uv": [6.5, 3, 6.75, 3.25], "texture": "#0"},
				"west": {"uv": [3.5, 6.5, 3.75, 6.75], "texture": "#0"},
				"up": {"uv": [6.75, 3.75, 6.5, 3.5], "texture": "#0"},
				"down": {"uv": [4.25, 6.5, 4, 6.75], "texture": "#0"}
			}
		},
		{
			"from": [4, 13, 7.5],
			"to": [5, 14, 8.5],
			"rotation": {"angle": 0, "axis": "y", "origin": [4, 13, 7.5]},
			"faces": {
				"north": {"uv": [6.5, 4, 6.75, 4.25], "texture": "#0"},
				"east": {"uv": [4.5, 6.5, 4.75, 6.75], "texture": "#0"},
				"south": {"uv": [6.5, 4.5, 6.75, 4.75], "texture": "#0"},
				"west": {"uv": [5, 6.5, 5.25, 6.75], "texture": "#0"},
				"up": {"uv": [6.75, 5.25, 6.5, 5], "texture": "#0"},
				"down": {"uv": [5.75, 6.5, 5.5, 6.75], "texture": "#0"}
			}
		},
		{
			"from": [4, 12, 7.5],
			"to": [5, 13, 8.5],
			"rotation": {"angle": 0, "axis": "y", "origin": [4, 12, 7.5]},
			"faces": {
				"north": {"uv": [6.5, 5.5, 6.75, 5.75], "texture": "#0"},
				"east": {"uv": [6, 6.5, 6.25, 6.75], "texture": "#0"},
				"south": {"uv": [6.5, 6, 6.75, 6.25], "texture": "#0"},
				"west": {"uv": [6.5, 6.5, 6.75, 6.75], "texture": "#0"},
				"up": {"uv": [0.25, 7, 0, 6.75], "texture": "#0"},
				"down": {"uv": [7, 0, 6.75, 0.25], "texture": "#0"}
			}
		},
		{
			"from": [4, 11, 7.5],
			"to": [5, 12, 8.5],
			"rotation": {"angle": 0, "axis": "y", "origin": [4, 11, 7.5]},
			"faces": {
				"north": {"uv": [0.5, 6.75, 0.75, 7], "texture": "#0"},
				"east": {"uv": [1, 6.75, 1.25, 7], "texture": "#0"},
				"south": {"uv": [7, 0.5, 7.25, 0.75], "texture": "#0"},
				"west": {"uv": [7, 1, 7.25, 1.25], "texture": "#0"},
				"up": {"uv": [1.75, 7.25, 1.5, 7], "texture": "#0"},
				"down": {"uv": [7.25, 1.5, 7, 1.75], "texture": "#0"}
			}
		},
		{
			"from": [3, 11, 7.5],
			"to": [4, 12, 8.5],
			"rotation": {"angle": 0, "axis": "y", "origin": [3, 11, 7.5]},
			"faces": {
				"north": {"uv": [2, 7, 2.25, 7.25], "texture": "#0"},
				"east": {"uv": [7, 2, 7.25, 2.25], "texture": "#0"},
				"south": {"uv": [2.5, 7, 2.75, 7.25], "texture": "#0"},
				"west": {"uv": [7, 2.5, 7.25, 2.75], "texture": "#0"},
				"up": {"uv": [3.25, 7.25, 3, 7], "texture": "#0"},
				"down": {"uv": [7.25, 3, 7, 3.25], "texture": "#0"}
			}
		},
		{
			"from": [2, 11, 7.5],
			"to": [3, 12, 8.5],
			"rotation": {"angle": 0, "axis": "y", "origin": [2, 11, 7.5]},
			"faces": {
				"north": {"uv": [3.5, 7, 3.75, 7.25], "texture": "#0"},
				"east": {"uv": [7, 3.5, 7.25, 3.75], "texture": "#0"},
				"south": {"uv": [4, 7, 4.25, 7.25], "texture": "#0"},
				"west": {"uv": [7, 4, 7.25, 4.25], "texture": "#0"},
				"up": {"uv": [4.75, 7.25, 4.5, 7], "texture": "#0"},
				"down": {"uv": [7.25, 4.5, 7, 4.75], "texture": "#0"}
			}
		},
		{
			"from": [1, 10, 7.5],
			"to": [2, 11, 8.5],
			"rotation": {"angle": 0, "axis": "y", "origin": [1, 10, 7.5]},
			"faces": {
				"north": {"uv": [5, 7, 5.25, 7.25], "texture": "#0"},
				"east": {"uv": [7, 5, 7.25, 5.25], "texture": "#0"},
				"south": {"uv": [5.5, 7, 5.75, 7.25], "texture": "#0"},
				"west": {"uv": [7, 5.5, 7.25, 5.75], "texture": "#0"},
				"up": {"uv": [6.25, 7.25, 6, 7], "texture": "#0"},
				"down": {"uv": [7.25, 6, 7, 6.25], "texture": "#0"}
			}
		},
		{
			"from": [1, 9, 7.5],
			"to": [2, 10, 8.5],
			"rotation": {"angle": 0, "axis": "y", "origin": [1, 9, 7.5]},
			"faces": {
				"north": {"uv": [6.5, 7, 6.75, 7.25], "texture": "#0"},
				"east": {"uv": [7, 6.5, 7.25, 6.75], "texture": "#0"},
				"south": {"uv": [7, 7, 7.25, 7.25], "texture": "#0"},
				"west": {"uv": [0, 7.25, 0.25, 7.5], "texture": "#0"},
				"up": {"uv": [7.5, 0.25, 7.25, 0], "texture": "#0"},
				"down": {"uv": [0.75, 7.25, 0.5, 7.5], "texture": "#0"}
			}
		},
		{
			"from": [1, 8, 7.5],
			"to": [2, 9, 8.5],
			"rotation": {"angle": 0, "axis": "y", "origin": [1, 8, 7.5]},
			"faces": {
				"north": {"uv": [1, 7.25, 1.25, 7.5], "texture": "#0"},
				"east": {"uv": [7.5, 0.5, 7.75, 0.75], "texture": "#0"},
				"south": {"uv": [7.5, 1, 7.75, 1.25], "texture": "#0"},
				"west": {"uv": [1.5, 7.5, 1.75, 7.75], "texture": "#0"},
				"up": {"uv": [7.75, 1.75, 7.5, 1.5], "texture": "#0"},
				"down": {"uv": [2.25, 7.5, 2, 7.75], "texture": "#0"}
			}
		},
		{
			"from": [2, 8, 7.5],
			"to": [3, 9, 8.5],
			"rotation": {"angle": 0, "axis": "y", "origin": [2, 8, 7.5]},
			"faces": {
				"north": {"uv": [1, 7.25, 1.25, 7.5], "texture": "#0"},
				"east": {"uv": [7.5, 0.5, 7.75, 0.75], "texture": "#0"},
				"south": {"uv": [7.5, 1, 7.75, 1.25], "texture": "#0"},
				"west": {"uv": [1.5, 7.5, 1.75, 7.75], "texture": "#0"},
				"up": {"uv": [7.75, 1.75, 7.5, 1.5], "texture": "#0"},
				"down": {"uv": [2.25, 7.5, 2, 7.75], "texture": "#0"}
			}
		},
		{
			"from": [2, 8, 7.5],
			"to": [3, 9, 8.5],
			"rotation": {"angle": 0, "axis": "y", "origin": [2, 8, 7.5]},
			"faces": {
				"north": {"uv": [7.5, 2, 7.75, 2.25], "texture": "#0"},
				"east": {"uv": [2.5, 7.5, 2.75, 7.75], "texture": "#0"},
				"south": {"uv": [7.5, 2.5, 7.75, 2.75], "texture": "#0"},
				"west": {"uv": [3, 7.5, 3.25, 7.75], "texture": "#0"},
				"up": {"uv": [7.75, 3.25, 7.5, 3], "texture": "#0"},
				"down": {"uv": [3.75, 7.5, 3.5, 7.75], "texture": "#0"}
			}
		},
		{
			"from": [2, 7, 7.5],
			"to": [3, 8, 8.5],
			"rotation": {"angle": 0, "axis": "y", "origin": [2, 7, 7.5]},
			"faces": {
				"north": {"uv": [7.5, 3.5, 7.75, 3.75], "texture": "#0"},
				"east": {"uv": [4, 7.5, 4.25, 7.75], "texture": "#0"},
				"south": {"uv": [7.5, 4, 7.75, 4.25], "texture": "#0"},
				"west": {"uv": [4.5, 7.5, 4.75, 7.75], "texture": "#0"},
				"up": {"uv": [7.75, 4.75, 7.5, 4.5], "texture": "#0"},
				"down": {"uv": [5.25, 7.5, 5, 7.75], "texture": "#0"}
			}
		},
		{
			"from": [3, 7, 7.5],
			"to": [4, 8, 8.5],
			"rotation": {"angle": 0, "axis": "y", "origin": [3, 7, 7.5]},
			"faces": {
				"north": {"uv": [7.5, 5, 7.75, 5.25], "texture": "#0"},
				"east": {"uv": [5.5, 7.5, 5.75, 7.75], "texture": "#0"},
				"south": {"uv": [7.5, 5.5, 7.75, 5.75], "texture": "#0"},
				"west": {"uv": [6, 7.5, 6.25, 7.75], "texture": "#0"},
				"up": {"uv": [7.75, 6.25, 7.5, 6], "texture": "#0"},
				"down": {"uv": [6.75, 7.5, 6.5, 7.75], "texture": "#0"}
			}
		},
		{
			"from": [3, 6, 7.5],
			"to": [4, 7, 8.5],
			"rotation": {"angle": 0, "axis": "y", "origin": [3, 6, 7.5]},
			"faces": {
				"north": {"uv": [7.5, 6.5, 7.75, 6.75], "texture": "#0"},
				"east": {"uv": [7, 7.5, 7.25, 7.75], "texture": "#0"},
				"south": {"uv": [7.5, 7, 7.75, 7.25], "texture": "#0"},
				"west": {"uv": [7.5, 7.5, 7.75, 7.75], "texture": "#0"},
				"up": {"uv": [0.25, 8, 0, 7.75], "texture": "#0"},
				"down": {"uv": [8, 0, 7.75, 0.25], "texture": "#0"}
			}
		},
		{
			"from": [3, 8, 7.5],
			"to": [4, 9, 8.5],
			"rotation": {"angle": 0, "axis": "y", "origin": [3, 8, 7.5]},
			"faces": {
				"north": {"uv": [0.5, 7.75, 0.75, 8], "texture": "#0"},
				"east": {"uv": [1, 7.75, 1.25, 8], "texture": "#0"},
				"south": {"uv": [8, 0.5, 8.25, 0.75], "texture": "#0"},
				"west": {"uv": [8, 1, 8.25, 1.25], "texture": "#0"},
				"up": {"uv": [1.75, 8.25, 1.5, 8], "texture": "#0"},
				"down": {"uv": [8.25, 1.5, 8, 1.75], "texture": "#0"}
			}
		},
		{
			"from": [4, 10, 7.5],
			"to": [5, 11, 8.5],
			"rotation": {"angle": 0, "axis": "y", "origin": [4, 10, 7.5]},
			"faces": {
				"north": {"uv": [2, 8, 2.25, 8.25], "texture": "#0"},
				"east": {"uv": [8, 2, 8.25, 2.25], "texture": "#0"},
				"south": {"uv": [2.5, 8, 2.75, 8.25], "texture": "#0"},
				"west": {"uv": [8, 2.5, 8.25, 2.75], "texture": "#0"},
				"up": {"uv": [3.25, 8.25, 3, 8], "texture": "#0"},
				"down": {"uv": [8.25, 3, 8, 3.25], "texture": "#0"}
			}
		},
		{
			"from": [4, 9, 7.5],
			"to": [5, 10, 8.5],
			"rotation": {"angle": 0, "axis": "y", "origin": [4, 9, 7.5]},
			"faces": {
				"north": {"uv": [3.5, 8, 3.75, 8.25], "texture": "#0"},
				"east": {"uv": [8, 3.5, 8.25, 3.75], "texture": "#0"},
				"south": {"uv": [4, 8, 4.25, 8.25], "texture": "#0"},
				"west": {"uv": [8, 4, 8.25, 4.25], "texture": "#0"},
				"up": {"uv": [4.75, 8.25, 4.5, 8], "texture": "#0"},
				"down": {"uv": [8.25, 4.5, 8, 4.75], "texture": "#0"}
			}
		},
		{
			"from": [1, 7, 7.5],
			"to": [2, 8, 8.5],
			"rotation": {"angle": 0, "axis": "y", "origin": [1, 7, 7.5]},
			"faces": {
				"north": {"uv": [5, 8, 5.25, 8.25], "texture": "#0"},
				"east": {"uv": [8, 5, 8.25, 5.25], "texture": "#0"},
				"south": {"uv": [5.5, 8, 5.75, 8.25], "texture": "#0"},
				"west": {"uv": [8, 5.5, 8.25, 5.75], "texture": "#0"},
				"up": {"uv": [6.25, 8.25, 6, 8], "texture": "#0"},
				"down": {"uv": [8.25, 6, 8, 6.25], "texture": "#0"}
			}
		},
		{
			"from": [0, 7, 7.5],
			"to": [1, 8, 8.5],
			"rotation": {"angle": 0, "axis": "y", "origin": [0, 7, 7.5]},
			"faces": {
				"north": {"uv": [6.5, 8, 6.75, 8.25], "texture": "#0"},
				"east": {"uv": [8, 6.5, 8.25, 6.75], "texture": "#0"},
				"south": {"uv": [7, 8, 7.25, 8.25], "texture": "#0"},
				"west": {"uv": [8, 7, 8.25, 7.25], "texture": "#0"},
				"up": {"uv": [7.75, 8.25, 7.5, 8], "texture": "#0"},
				"down": {"uv": [8.25, 7.5, 8, 7.75], "texture": "#0"}
			}
		},
		{
			"from": [0, 6, 7.5],
			"to": [1, 7, 8.5],
			"rotation": {"angle": 0, "axis": "y", "origin": [0, 6, 7.5]},
			"faces": {
				"north": {"uv": [8, 8, 8.25, 8.25], "texture": "#0"},
				"east": {"uv": [0, 8.25, 0.25, 8.5], "texture": "#0"},
				"south": {"uv": [8.25, 0, 8.5, 0.25], "texture": "#0"},
				"west": {"uv": [0.5, 8.25, 0.75, 8.5], "texture": "#0"},
				"up": {"uv": [1.25, 8.5, 1, 8.25], "texture": "#0"},
				"down": {"uv": [8.75, 0.5, 8.5, 0.75], "texture": "#0"}
			}
		},
		{
			"from": [1, 5, 7.5],
			"to": [2, 6, 8.5],
			"rotation": {"angle": 0, "axis": "y", "origin": [1, 5, 7.5]},
			"faces": {
				"north": {"uv": [8.5, 1, 8.75, 1.25], "texture": "#0"},
				"east": {"uv": [1.5, 8.5, 1.75, 8.75], "texture": "#0"},
				"south": {"uv": [8.5, 1.5, 8.75, 1.75], "texture": "#0"},
				"west": {"uv": [2, 8.5, 2.25, 8.75], "texture": "#0"},
				"up": {"uv": [8.75, 2.25, 8.5, 2], "texture": "#0"},
				"down": {"uv": [2.75, 8.5, 2.5, 8.75], "texture": "#0"}
			}
		},
		{
			"from": [2, 5, 7.5],
			"to": [3, 6, 8.5],
			"rotation": {"angle": 0, "axis": "y", "origin": [2, 5, 7.5]},
			"faces": {
				"north": {"uv": [8.5, 2.5, 8.75, 2.75], "texture": "#0"},
				"east": {"uv": [3, 8.5, 3.25, 8.75], "texture": "#0"},
				"south": {"uv": [8.5, 3, 8.75, 3.25], "texture": "#0"},
				"west": {"uv": [3.5, 8.5, 3.75, 8.75], "texture": "#0"},
				"up": {"uv": [8.75, 3.75, 8.5, 3.5], "texture": "#0"},
				"down": {"uv": [4.25, 8.5, 4, 8.75], "texture": "#0"}
			}
		},
		{
			"from": [2, 4, 7.5],
			"to": [3, 5, 8.5],
			"rotation": {"angle": 0, "axis": "y", "origin": [2, 4, 7.5]},
			"faces": {
				"north": {"uv": [8.5, 4, 8.75, 4.25], "texture": "#0"},
				"east": {"uv": [4.5, 8.5, 4.75, 8.75], "texture": "#0"},
				"south": {"uv": [8.5, 4.5, 8.75, 4.75], "texture": "#0"},
				"west": {"uv": [5, 8.5, 5.25, 8.75], "texture": "#0"},
				"up": {"uv": [8.75, 5.25, 8.5, 5], "texture": "#0"},
				"down": {"uv": [5.75, 8.5, 5.5, 8.75], "texture": "#0"}
			}
		},
		{
			"from": [3, 4, 7.5],
			"to": [4, 5, 8.5],
			"rotation": {"angle": 0, "axis": "y", "origin": [3, 4, 7.5]},
			"faces": {
				"north": {"uv": [8.5, 5.5, 8.75, 5.75], "texture": "#0"},
				"east": {"uv": [6, 8.5, 6.25, 8.75], "texture": "#0"},
				"south": {"uv": [8.5, 6, 8.75, 6.25], "texture": "#0"},
				"west": {"uv": [6.5, 8.5, 6.75, 8.75], "texture": "#0"},
				"up": {"uv": [8.75, 6.75, 8.5, 6.5], "texture": "#0"},
				"down": {"uv": [7.25, 8.5, 7, 8.75], "texture": "#0"}
			}
		},
		{
			"from": [4, 4, 7.5],
			"to": [5, 5, 8.5],
			"rotation": {"angle": 0, "axis": "y", "origin": [4, 4, 7.5]},
			"faces": {
				"north": {"uv": [8.5, 7, 8.75, 7.25], "texture": "#0"},
				"east": {"uv": [7.5, 8.5, 7.75, 8.75], "texture": "#0"},
				"south": {"uv": [8.5, 7.5, 8.75, 7.75], "texture": "#0"},
				"west": {"uv": [8, 8.5, 8.25, 8.75], "texture": "#0"},
				"up": {"uv": [8.75, 8.25, 8.5, 8], "texture": "#0"},
				"down": {"uv": [8.75, 8.5, 8.5, 8.75], "texture": "#0"}
			}
		},
		{
			"from": [5, 11, 7.5],
			"to": [6, 12, 8.5],
			"rotation": {"angle": 0, "axis": "y", "origin": [5, 11, 7.5]},
			"faces": {
				"north": {"uv": [0, 8.75, 0.25, 9], "texture": "#0"},
				"east": {"uv": [8.75, 0, 9, 0.25], "texture": "#0"},
				"south": {"uv": [0.5, 8.75, 0.75, 9], "texture": "#0"},
				"west": {"uv": [1, 8.75, 1.25, 9], "texture": "#0"},
				"up": {"uv": [9.25, 0.75, 9, 0.5], "texture": "#0"},
				"down": {"uv": [9.25, 1, 9, 1.25], "texture": "#0"}
			}
		},
		{
			"from": [6, 11, 7.5],
			"to": [7, 12, 8.5],
			"rotation": {"angle": 0, "axis": "y", "origin": [6, 11, 7.5]},
			"faces": {
				"north": {"uv": [1.5, 9, 1.75, 9.25], "texture": "#0"},
				"east": {"uv": [9, 1.5, 9.25, 1.75], "texture": "#0"},
				"south": {"uv": [2, 9, 2.25, 9.25], "texture": "#0"},
				"west": {"uv": [9, 2, 9.25, 2.25], "texture": "#0"},
				"up": {"uv": [2.75, 9.25, 2.5, 9], "texture": "#0"},
				"down": {"uv": [9.25, 2.5, 9, 2.75], "texture": "#0"}
			}
		},
		{
			"from": [6, 13, 7.5],
			"to": [7, 14, 8.5],
			"rotation": {"angle": 0, "axis": "y", "origin": [6, 13, 7.5]},
			"faces": {
				"north": {"uv": [3, 9, 3.25, 9.25], "texture": "#0"},
				"east": {"uv": [9, 3, 9.25, 3.25], "texture": "#0"},
				"south": {"uv": [3.5, 9, 3.75, 9.25], "texture": "#0"},
				"west": {"uv": [9, 3.5, 9.25, 3.75], "texture": "#0"},
				"up": {"uv": [4.25, 9.25, 4, 9], "texture": "#0"},
				"down": {"uv": [9.25, 4, 9, 4.25], "texture": "#0"}
			}
		},
		{
			"from": [3, 10, 7.5],
			"to": [4, 11, 8.5],
			"rotation": {"angle": 0, "axis": "y", "origin": [3, 10, 7.5]},
			"faces": {
				"north": {"uv": [3, 9, 3.25, 9.25], "texture": "#0"},
				"east": {"uv": [9, 3, 9.25, 3.25], "texture": "#0"},
				"south": {"uv": [3.5, 9, 3.75, 9.25], "texture": "#0"},
				"west": {"uv": [9, 3.5, 9.25, 3.75], "texture": "#0"},
				"up": {"uv": [4.25, 9.25, 4, 9], "texture": "#0"},
				"down": {"uv": [9.25, 4, 9, 4.25], "texture": "#0"}
			}
		},
		{
			"from": [2, 10, 7.5],
			"to": [3, 11, 8.5],
			"rotation": {"angle": 0, "axis": "y", "origin": [2, 10, 7.5]},
			"faces": {
				"north": {"uv": [3, 9, 3.25, 9.25], "texture": "#0"},
				"east": {"uv": [9, 3, 9.25, 3.25], "texture": "#0"},
				"south": {"uv": [3.5, 9, 3.75, 9.25], "texture": "#0"},
				"west": {"uv": [9, 3.5, 9.25, 3.75], "texture": "#0"},
				"up": {"uv": [4.25, 9.25, 4, 9], "texture": "#0"},
				"down": {"uv": [9.25, 4, 9, 4.25], "texture": "#0"}
			}
		},
		{
			"from": [2, 7, 7.5],
			"to": [3, 8, 8.5],
			"rotation": {"angle": 0, "axis": "y", "origin": [2, 7, 7.5]},
			"faces": {
				"north": {"uv": [3, 9, 3.25, 9.25], "texture": "#0"},
				"east": {"uv": [9, 3, 9.25, 3.25], "texture": "#0"},
				"south": {"uv": [3.5, 9, 3.75, 9.25], "texture": "#0"},
				"west": {"uv": [9, 3.5, 9.25, 3.75], "texture": "#0"},
				"up": {"uv": [4.25, 9.25, 4, 9], "texture": "#0"},
				"down": {"uv": [9.25, 4, 9, 4.25], "texture": "#0"}
			}
		},
		{
			"from": [1, 7, 7.5],
			"to": [2, 8, 8.5],
			"rotation": {"angle": 0, "axis": "y", "origin": [1, 7, 7.5]},
			"faces": {
				"north": {"uv": [3, 9, 3.25, 9.25], "texture": "#0"},
				"east": {"uv": [9, 3, 9.25, 3.25], "texture": "#0"},
				"south": {"uv": [3.5, 9, 3.75, 9.25], "texture": "#0"},
				"west": {"uv": [9, 3.5, 9.25, 3.75], "texture": "#0"},
				"up": {"uv": [4.25, 9.25, 4, 9], "texture": "#0"},
				"down": {"uv": [9.25, 4, 9, 4.25], "texture": "#0"}
			}
		},
		{
			"from": [7, 13, 7.5],
			"to": [8, 14, 8.5],
			"rotation": {"angle": 0, "axis": "y", "origin": [7, 13, 7.5]},
			"faces": {
				"north": {"uv": [4.5, 9, 4.75, 9.25], "texture": "#0"},
				"east": {"uv": [9, 4.5, 9.25, 4.75], "texture": "#0"},
				"south": {"uv": [5, 9, 5.25, 9.25], "texture": "#0"},
				"west": {"uv": [9, 5, 9.25, 5.25], "texture": "#0"},
				"up": {"uv": [5.75, 9.25, 5.5, 9], "texture": "#0"},
				"down": {"uv": [9.25, 5.5, 9, 5.75], "texture": "#0"}
			}
		},
		{
			"from": [7, 12, 7.5],
			"to": [8, 13, 8.5],
			"rotation": {"angle": 0, "axis": "y", "origin": [7, 12, 7.5]},
			"faces": {
				"north": {"uv": [6, 9, 6.25, 9.25], "texture": "#0"},
				"east": {"uv": [9, 6, 9.25, 6.25], "texture": "#0"},
				"south": {"uv": [6.5, 9, 6.75, 9.25], "texture": "#0"},
				"west": {"uv": [9, 6.5, 9.25, 6.75], "texture": "#0"},
				"up": {"uv": [7.25, 9.25, 7, 9], "texture": "#0"},
				"down": {"uv": [9.25, 7, 9, 7.25], "texture": "#0"}
			}
		},
		{
			"from": [8, 12, 7.5],
			"to": [9, 13, 8.5],
			"rotation": {"angle": 0, "axis": "y", "origin": [8, 12, 7.5]},
			"faces": {
				"north": {"uv": [7.5, 9, 7.75, 9.25], "texture": "#0"},
				"east": {"uv": [9, 7.5, 9.25, 7.75], "texture": "#0"},
				"south": {"uv": [8, 9, 8.25, 9.25], "texture": "#0"},
				"west": {"uv": [9, 8, 9.25, 8.25], "texture": "#0"},
				"up": {"uv": [8.75, 9.25, 8.5, 9], "texture": "#0"},
				"down": {"uv": [9.25, 8.5, 9, 8.75], "texture": "#0"}
			}
		},
		{
			"from": [9, 12, 7.5],
			"to": [10, 13, 8.5],
			"rotation": {"angle": 0, "axis": "y", "origin": [9, 12, 7.5]},
			"faces": {
				"north": {"uv": [9, 9, 9.25, 9.25], "texture": "#0"},
				"east": {"uv": [0, 9.25, 0.25, 9.5], "texture": "#0"},
				"south": {"uv": [9.25, 0, 9.5, 0.25], "texture": "#0"},
				"west": {"uv": [0.5, 9.25, 0.75, 9.5], "texture": "#0"},
				"up": {"uv": [1.25, 9.5, 1, 9.25], "texture": "#0"},
				"down": {"uv": [9.75, 0.5, 9.5, 0.75], "texture": "#0"}
			}
		},
		{
			"from": [12, 12, 7.5],
			"to": [13, 13, 8.5],
			"rotation": {"angle": 0, "axis": "y", "origin": [12, 12, 7.5]},
			"faces": {
				"north": {"uv": [9.5, 1, 9.75, 1.25], "texture": "#0"},
				"east": {"uv": [1.5, 9.5, 1.75, 9.75], "texture": "#0"},
				"south": {"uv": [9.5, 1.5, 9.75, 1.75], "texture": "#0"},
				"west": {"uv": [2, 9.5, 2.25, 9.75], "texture": "#0"},
				"up": {"uv": [9.75, 2.25, 9.5, 2], "texture": "#0"},
				"down": {"uv": [2.75, 9.5, 2.5, 9.75], "texture": "#0"}
			}
		}
	],
	"gui_light": "front",
	"display": {
		"thirdperson_righthand": {
			"rotation": [-45, -90, 0],
			"translation": [0.5, -2, 2],
			"scale": [0.5, 0.5, 0.5]
		},
		"thirdperson_lefthand": {
			"rotation": [-45, 90, 0],
			"translation": [0.5, -2, 2],
			"scale": [0.5, 0.5, 0.5]
		},
		"firstperson_righthand": {
			"rotation": [35, -90, 49],
			"translation": [2, 0.5, 0.5],
			"scale": [0.5, 0.5, 0.5]
		},
		"firstperson_lefthand": {
			"rotation": [0, 80, -17],
			"translation": [2, 0.5, 0.5],
			"scale": [0.5, 0.5, 0.5]
		},
		"ground": {
			"translation": [0, 0.5, 0],
			"scale": [0.5, 0.5, 0.5]
		},
		"gui": {
			"translation": [1.25, -1.75, 0]
		}
	},
	"groups": [
		{
			"name": "group",
			"origin": [8, 8, 8],
			"color": 0,
			"children": [
				0,
				1,
				2,
				3,
				4,
				5,
				6,
				7,
				8,
				9,
				10,
				11,
				12,
				13,
				14,
				15,
				16,
				17,
				18,
				19,
				20,
				21,
				22,
				23,
				24,
				25,
				26,
				27,
				28,
				29,
				30,
				31,
				32,
				33,
				34,
				35,
				36,
				37,
				38,
				39,
				40,
				41,
				42,
				43,
				44,
				45,
				46,
				47,
				48,
				49,
				50,
				51,
				52,
				53,
				54,
				55,
				56,
				57,
				58,
				59,
				60,
				61,
				62,
				63,
				64,
				65,
				66
			]
		}
	]
}