{
	"credit": "Made with Blockbench",
	"texture_size": [32, 32],
	"textures": {
		"1": "minecraft:item/weapon/gantlen/6"
	},
	"elements": [
		{
			"from": [6.8, 2.3, 6.8],
			"to": [11.2, 10.7, 11.2],
			"rotation": {"angle": 0, "axis": "y", "origin": [9, 2.5, 9]},
			"faces": {
				"north": {"uv": [3, 3, 6, 8], "texture": "#1"},
				"east": {"uv": [0, 3, 3, 8], "texture": "#1"},
				"south": {"uv": [9, 3, 12, 8], "texture": "#1"},
				"west": {"uv": [6, 3, 9, 8], "texture": "#1"},
				"up": {"uv": [6, 3, 3, 0], "texture": "#1"},
				"down": {"uv": [9, 0, 6, 3], "texture": "#1"}
			}
		},
		{
			"from": [6.6, -0.9, 5.8],
			"to": [11.4, 3.9, 9.6],
			"rotation": {"angle": -45, "axis": "x", "origin": [9, 3.9, 7.6]},
			"faces": {
				"north": {"uv": [3, 11.5, 6, 14.5], "texture": "#1"},
				"east": {"uv": [0.5, 11.5, 3, 14.5], "texture": "#1"},
				"south": {"uv": [8.5, 11.5, 11.5, 14.5], "texture": "#1"},
				"west": {"uv": [6, 11.5, 8.5, 14.5], "texture": "#1"},
				"up": {"uv": [6, 11.5, 3, 9], "texture": "#1"},
				"down": {"uv": [9, 9, 6, 11.5], "texture": "#1"}
			}
		}
	],
	"display": {
		"thirdperson_righthand": {
			"rotation": [90, -90, 0],
			"translation": [1, -1, 5.25],
			"scale": [1.1, 1.1, 1.1]
		},
		"thirdperson_lefthand": {
			"rotation": [90, -90, 0],
			"translation": [1, -1, 5.75],
			"scale": [-1.1, 1.1, 1.1]
		},
		"firstperson_righthand": {
			"rotation": [135, -74, 25],
			"translation": [3.5, 1.25, 0.5]
		},
		"firstperson_lefthand": {
			"rotation": [135, -74, 25],
			"translation": [3.5, 1.25, 0.5],
			"scale": [-1, 1, 1]
		},
		"ground": {
			"rotation": [8, 0, 0],
			"translation": [0, 4.75, 0]
		},
		"gui": {
			"rotation": [132.67, -5.01, -143.31],
			"translation": [3, 1.75, 0],
			"scale": [1.35, 1.35, 1.35]
		},
		"fixed": {
			"translation": [-0.75, 0, -2.25]
		}
	},
	"groups": [
		{
			"name": "group",
			"origin": [0, 0, 0],
			"color": 0,
			"children": [0, 1]
		}
	]
}