{
	"textures": {
		"0": "minecraft:item/zimin"
	},
	"display": {
		"head": {
			"rotation": [0, 180, 0]
		}
	},
	"elements": [
		{
			"from": [11.95876, 19.87629, 6.02062],
			"to": [15.91753, 31.75258, 9.97938],
			"faces": {
				"north": {
					"uv": [11, 5, 12, 8],
					"texture": "#0"
				},
				"east": {
					"uv": [10, 5, 11, 8],
					"texture": "#0"
				},
				"south": {
					"uv": [13, 5, 14, 8],
					"texture": "#0"
				},
				"west": {
					"uv": [12, 5, 13, 8],
					"texture": "#0"
				},
				"up": {
					"uv": [12, 5, 11, 4],
					"texture": "#0"
				},
				"down": {
					"uv": [13, 4, 12, 5],
					"texture": "#0"
				}
			}
		},
		{
			"from": [11.71134, 19.62887, 5.7732],
			"to": [16.16495, 32, 10.2268],
			"faces": {
				"north": {
					"uv": [11, 9, 12, 12],
					"texture": "#0"
				},
				"east": {
					"uv": [10, 9, 11, 12],
					"texture": "#0"
				},
				"south": {
					"uv": [13, 9, 14, 12],
					"texture": "#0"
				},
				"west": {
					"uv": [12, 9, 13, 12],
					"texture": "#0"
				},
				"up": {
					"uv": [12, 9, 11, 8],
					"texture": "#0"
				},
				"down": {
					"uv": [13, 8, 12, 9],
					"texture": "#0"
				}
			}
		}
	]
}