{
	"game.headshot": {
		"sounds": [
			"pudge:announcer/headshot"
		]
	},
	"game.combowhore": {
		"sounds": [
			"pudge:announcer/combowhore"
		]
	},
	"game.dominating": {
		"sounds": [
			"pudge:announcer/dominating"
		]
	},
	"game.double_kill": {
		"sounds": [
			"pudge:announcer/double_kill"
		]
	},
	"game.firstblood": {
		"sounds": [
			"pudge:announcer/firstblood"
		]
	},
	"game.godlike": {
		"sounds": [
			"pudge:announcer/godlike"
		]
	},
	"game.holyshit": {
		"sounds": [
			"pudge:announcer/holyshit"
		]
	},
	"game.killing_spree": {
		"sounds": [
			"pudge:announcer/killing_spree"
		]
	},
	"game.megakill": {
		"sounds": [
			"pudge:announcer/megakill"
		]
	},
	"game.monster_kill": {
		"sounds": [
			"pudge:announcer/monster_kill"
		]
	},
	"game.ownage": {
		"sounds": [
			"pudge:announcer/ownage"
		]
	},
	"game.rampage": {
		"sounds": [
			"pudge:announcer/rampage"
		]
	},
	"game.triple_kill": {
		"sounds": [
			"pudge:announcer/triple_kill"
		]
	},
	"game.ultrakill": {
		"sounds": [
			"pudge:announcer/ultrakill"
		]
	},
	"game.unstoppable": {
		"sounds": [
			"pudge:announcer/unstoppable"
		]
	},
	"game.whickedsick": {
		"sounds": [
			"pudge:announcer/whickedsick"
		]
	},
	"game.impressive": {
		"sounds": [
			"pudge:announcer/impressive"
		]
	},
	"game.team_killer": {
		"sounds": [
			"pudge:announcer/team_killer"
		]
	},
	"game.music.record_scratch": {
		"sounds": [
			"pudge:music/record_scratch"
		]
	},
	"game.music.hell": {
		"sounds": [
			"pudge:music/hell"
		],
		"stream": true
	},
	"game.ability.elytra": {
		"sounds": [
			"pudge:ability/elytra"
		]
	},
	"game.music.intro": {
		"sounds": [
			"pudge:music/mkwii_intro"
		]
	},
	"game.music.victory": {
		"sounds": [
			"pudge:music/victory"
		],
		"stream": true
	},
	"game.music.defeat": {
		"sounds": [
			"pudge:music/defeat"
		],
		"stream": true
	},
	"game.music.otherside": {
		"sounds": [
			"pudge:music/minecraft/otherside"
		],
		"stream": true
	},
	"game.music.pigstep": {
		"sounds": [
			"pudge:music/minecraft/pigstep"
		],
		"stream": true
	},
	"game.music.ascension": {
		"sounds": [
			"pudge:music/minecraft/ascension"
		],
		"stream": true
	},
	"game.music.broken-heart-of-ender": {
		"sounds": [
			"pudge:music/minecraft/broken-heart-of-ender"
		],
		"stream": true
	},
	"game.music.clockwork-crafter": {
		"sounds": [
			"pudge:music/minecraft/clockwork-crafter"
		],
		"stream": true
	},
	"game.music.hastilude": {
		"sounds": [
			"pudge:music/minecraft/hastilude"
		],
		"stream": true
	},
	"game.music.lava-chicken": {
		"sounds": [
			"pudge:music/minecraft/lava-chicken"
		],
		"stream": true
	},
	"game.music.nematocyst": {
		"sounds": [
			"pudge:music/minecraft/nematocyst"
		],
		"stream": true
	},
	"game.music.summit": {
		"sounds": [
			"pudge:music/minecraft/summit"
		],
		"stream": true
	},
	"game.music.tears": {
		"sounds": [
			"pudge:music/minecraft/tears"
		],
		"stream": true
	},
	"game.music.the-arch-illager": {
		"sounds": [
			"pudge:music/minecraft/the-arch-illager"
		],
		"stream": true
	},
	"game.music.the-four-horsemen": {
		"sounds": [
			"pudge:music/minecraft/the-four-horsemen"
		],
		"stream": true
	},
	"game.music.sandstorm": {
		"sounds": [
			"pudge:music/sandstorm"
		],
		"stream": true
	},
	"game.music.flame": {
		"sounds": [
			"pudge:music/the_flame_revolution"
		],
		"stream": true
	},
	"game.music.positive": {
		"sounds": [
			"pudge:music/positive_force"
		],
		"stream": true
	},
	"game.music.rave_a": {
		"sounds": [
			"pudge:music/rave_a"
		],
		"stream": true
	},
	"game.music.avast": {
		"sounds": [
			"pudge:music/avast_your_ass"
		],
		"stream": true
	},
	"game.music.crypteque": {
		"sounds": [
			"pudge:music/crypteque"
		],
		"stream": true
	},
	"game.music.megalovania": {
		"sounds": [
			"pudge:music/megalovania"
		],
		"stream": true
	},
	"game.music.dota": {
		"sounds": [
			"pudge:music/dota"
		],
		"stream": true
	},
	"game.music.abandon_ship": {
		"sounds": [
			"pudge:music/abandon_ship"
		],
		"stream": true
	},
	"game.music.all_night": {
		"sounds": [
			"pudge:music/all_night"
		],
		"stream": true
	},
	"game.music.can_you_feel_my_heart": {
		"sounds": [
			"pudge:music/can_you_feel_my_heart"
		],
		"stream": true
	},
	"game.music.crab_rave": {
		"sounds": [
			"pudge:music/crab_rave"
		],
		"stream": true
	},
	"game.music.elite_four": {
		"sounds": [
			"pudge:music/elite_four"
		],
		"stream": true
	},
	"game.music.leviathan": {
		"sounds": [
			"pudge:music/leviathan"
		],
		"stream": true
	},
	"game.music.space_invaders": {
		"sounds": [
			"pudge:music/space_invaders"
		],
		"stream": true
	},
	"game.music.bomberman": {
		"sounds": [
			"pudge:music/bomberman"
		],
		"stream": true
	},
	"game.music.lamenting_city": {
		"sounds": [
			"pudge:music/lamenting_city"
		],
		"stream": true
	},
	"game.music.brain_power": {
		"sounds": [
			"pudge:music/brain_power"
		],
		"stream": true
	},
	"game.music.perfect_hero": {
		"sounds": [
			"pudge:music/perfect_hero"
		],
		"stream": true
	},
	"game.music.adrenaline": {
		"sounds": [
			"pudge:music/adrenaline"
		],
		"stream": true
	},
	"game.music.all_over_me": {
		"sounds": [
			"pudge:music/all_over_me"
		],
		"stream": true
	},
	"game.music.because_of_you": {
		"sounds": [
			"pudge:music/because_of_you"
		],
		"stream": true
	},
	"game.music.deja_vu": {
		"sounds": [
			"pudge:music/deja_vu"
		],
		"stream": true
	},
	"game.music.all_star": {
		"sounds": [
			"pudge:music/all_star"
		],
		"stream": true
	},
	"game.music.gas_gas_gas": {
		"sounds": [
			"pudge:music/gas_gas_gas"
		],
		"stream": true
	},
	"game.music.wont_fall_apart": {
		"sounds": [
			"pudge:music/wont_fall_apart"
		],
		"stream": true
	},
	"game.music.kickstart_my_heart": {
		"sounds": [
			"pudge:music/kickstart_my_heart"
		],
		"stream": true
	},
	"game.music.night_of_fire": {
		"sounds": [
			"pudge:music/night_of_fire"
		],
		"stream": true
	},
	"game.music.nitrofire": {
		"sounds": [
			"pudge:music/nitrofire"
		],
		"stream": true
	},
	"game.music.sleep_in_tokyo": {
		"sounds": [
			"pudge:music/sleep_in_tokyo"
		],
		"stream": true
	},
	"game.music.rebel_yell": {
		"sounds": [
			"pudge:music/rebel_yell"
		],
		"stream": true
	},
	"game.music.remember_me": {
		"sounds": [
			"pudge:music/remember_me"
		],
		"stream": true
	},
	"game.music.revenge": {
		"sounds": [
			"pudge:music/revenge"
		],
		"stream": true
	},
	"game.music.running_in_the_90s": {
		"sounds": [
			"pudge:music/running_in_the_90s"
		],
		"stream": true
	},
	"game.music.race_of_the_night": {
		"sounds": [
			"pudge:music/race_of_the_night"
		],
		"stream": true
	},
	"game.music.the_top": {
		"sounds": [
			"pudge:music/the_top"
		],
		"stream": true
	},
	"game.music.you_give_love_a_bad_name": {
		"sounds": [
			"pudge:music/you_give_love_a_bad_name"
		],
		"stream": true
	},
	"game.music.gonna_go_far_kid": {
		"sounds": [
			"pudge:music/gonna_go_far_kid"
		],
		"stream": true
	},
	"game.music.fast_piggy": {
		"sounds": [
			"pudge:music/pigstep_fast"
		],
		"stream": true
	},
	"game.headshot.redmage": {
		"sounds": [
			"pudge:announcer/redmage/headshot"
		]
	},
	"game.combowhore.redmage": {
		"sounds": [
			"pudge:announcer/redmage/combowhore"
		]
	},
	"game.dominating.redmage": {
		"sounds": [
			"pudge:announcer/redmage/dominating"
		]
	},
	"game.double_kill.redmage": {
		"sounds": [
			"pudge:announcer/redmage/double_kill"
		]
	},
	"game.firstblood.redmage": {
		"sounds": [
			"pudge:announcer/redmage/firstblood"
		]
	},
	"game.godlike.redmage": {
		"sounds": [
			"pudge:announcer/redmage/godlike"
		]
	},
	"game.holyshit.redmage": {
		"sounds": [
			"pudge:announcer/redmage/holyshit"
		]
	},
	"game.killing_spree.redmage": {
		"sounds": [
			"pudge:announcer/redmage/killing_spree"
		]
	},
	"game.megakill.redmage": {
		"sounds": [
			"pudge:announcer/redmage/megakill"
		]
	},
	"game.monster_kill.redmage": {
		"sounds": [
			"pudge:announcer/redmage/monster_kill"
		]
	},
	"game.ownage.redmage": {
		"sounds": [
			"pudge:announcer/redmage/ownage"
		]
	},
	"game.rampage.redmage": {
		"sounds": [
			"pudge:announcer/redmage/rampage"
		]
	},
	"game.triple_kill.redmage": {
		"sounds": [
			"pudge:announcer/redmage/triple_kill"
		]
	},
	"game.ultrakill.redmage": {
		"sounds": [
			"pudge:announcer/redmage/ultrakill"
		]
	},
	"game.unstoppable.redmage": {
		"sounds": [
			"pudge:announcer/redmage/unstoppable"
		]
	},
	"game.whickedsick.redmage": {
		"sounds": [
			"pudge:announcer/redmage/whickedsick"
		]
	},
	"game.impressive.redmage": {
		"sounds": [
			"pudge:announcer/redmage/impressive"
		]
	},
	"game.team_killer.redmage": {
		"sounds": [
			"pudge:announcer/redmage/team_killer"
		]
	},
	"game.music.victory_realms": {
		"sounds": [
			"pudge:music/victory_realms"
		],
		"stream": true
	},
	"game.music.defeat_realms": {
		"sounds": [
			"pudge:music/defeat_realms"
		],
		"stream": true
	}
}