{
	"credit": "Made with Blockbench",
	"texture_size": [32, 32],
	"textures": {
		"1": "item/egglamp/eggyolk",
		"2": "item/egglamp/texture",
		"particle": "item/egglamp/eggyolk"
	},
	"elements": [
		{
			"from": [3, 0, 3],
			"to": [13, 1, 13],
			"faces": {
				"north": {"uv": [8.5, 5.25, 11, 5.5], "texture": "#2"},
				"east": {"uv": [9, 2.75, 11.5, 3], "texture": "#2"},
				"south": {"uv": [10, 9.5, 12.5, 9.75], "texture": "#2"},
				"west": {"uv": [10, 9.75, 12.5, 10], "texture": "#2"},
				"up": {"uv": [5.5, 8.5, 3, 6], "texture": "#2"},
				"down": {"uv": [8.5, 3, 6, 5.5], "texture": "#2"}
			}
		},
		{
			"from": [4, 2, 4],
			"to": [12, 9, 12],
			"faces": {
				"north": {"uv": [4, 0, 8, 3.5], "texture": "#1"},
				"east": {"uv": [4, 3.5, 8, 7], "texture": "#1"},
				"south": {"uv": [4, 7, 8, 10.5], "texture": "#1"},
				"west": {"uv": [0, 8, 4, 11.5], "texture": "#1"},
				"up": {"uv": [4, 4, 0, 0], "texture": "#1"},
				"down": {"uv": [4, 4, 0, 8], "texture": "#1"}
			}
		},
		{
			"from": [2, 1, 2],
			"to": [14, 13, 14],
			"faces": {
				"north": {"uv": [0, 0, 3, 3], "texture": "#2"},
				"east": {"uv": [0, 3, 3, 6], "texture": "#2"},
				"south": {"uv": [3, 0, 6, 3], "texture": "#2"},
				"west": {"uv": [3, 3, 6, 6], "texture": "#2"},
				"up": {"uv": [3, 9, 0, 6], "texture": "#2"},
				"down": {"uv": [9, 0, 6, 3], "texture": "#2"}
			}
		},
		{
			"from": [3, 13, 3],
			"to": [13, 15, 13],
			"faces": {
				"north": {"uv": [8.5, 4.75, 11, 5.25], "texture": "#2"},
				"east": {"uv": [9, 1.75, 11.5, 2.25], "texture": "#2"},
				"south": {"uv": [9, 2.25, 11.5, 2.75], "texture": "#2"},
				"west": {"uv": [7, 10, 9.5, 10.5], "texture": "#2"},
				"up": {"uv": [8, 8.5, 5.5, 6], "texture": "#2"},
				"down": {"uv": [10.5, 5.5, 8, 8], "texture": "#2"}
			}
		},
		{
			"from": [6, 15, 6],
			"to": [10, 18, 10],
			"faces": {
				"north": {"uv": [2, 10, 3, 10.75], "texture": "#2"},
				"east": {"uv": [10, 8, 11, 8.75], "texture": "#2"},
				"south": {"uv": [10, 8.75, 11, 9.5], "texture": "#2"},
				"west": {"uv": [9.5, 10, 10.5, 10.75], "texture": "#2"},
				"up": {"uv": [8, 9.5, 7, 8.5], "texture": "#2"},
				"down": {"uv": [3, 9, 2, 10], "texture": "#2"}
			}
		}
	],
	"groups": [
		{
			"name": "group",
			"origin": [8, 8, 8],
			"color": 0,
			"nbt": "{}",
			"children": [0, 1, 2, 3, 4]
		}
	]
}