{
	"credit": "Made with Blockbench",
	"texture_size": [128, 128],
	"textures": {
		"4": "block/helm",
		"particle": "block/helm"
	},
	"elements": [
		{
			"from": [3.2, 0.2, 3.2],
			"to": [12.8, 2.6, 12.8],
			"rotation": {"angle": 0, "axis": "y", "origin": [8, 0.2, 8]},
			"faces": {
				"north": {"uv": [5.625, 0, 7.625, 0.5], "texture": "#4"},
				"east": {"uv": [5.375, 4.5, 7.375, 5], "texture": "#4"},
				"south": {"uv": [5.375, 5, 7.375, 5.5], "texture": "#4"},
				"west": {"uv": [5.375, 5.5, 7.375, 6], "texture": "#4"},
				"up": {"uv": [4.875, 2, 2.875, 0], "rotation": 90, "texture": "#4"},
				"down": {"uv": [4.875, 2, 2.875, 4], "rotation": 270, "texture": "#4"}
			}
		},
		{
			"from": [4.4, 2.6, 5],
			"to": [8, 13.4, 11],
			"rotation": {"angle": 0, "axis": "y", "origin": [8.6, -2.8, 8]},
			"faces": {
				"north": {"uv": [5.375, 2.25, 6.125, 4.5], "texture": "#4"},
				"east": {"uv": [2.875, 4, 4.125, 6.25], "texture": "#4"},
				"south": {"uv": [4.875, 0, 5.625, 2.25], "texture": "#4"},
				"west": {"uv": [4.125, 4, 5.375, 6.25], "texture": "#4"},
				"up": {"uv": [6.875, 1.25, 5.625, 0.5], "rotation": 90, "texture": "#4"},
				"down": {"uv": [6.875, 1.25, 5.625, 2], "rotation": 270, "texture": "#4"}
			}
		},
		{
			"from": [9.2, 4.4, 1.1],
			"to": [9.2, 18.2, 14.9],
			"rotation": {"angle": 0, "axis": "y", "origin": [11.6, -2.8, 8.3]},
			"faces": {
				"north": {"uv": [0, 0, 0, 2.875], "texture": "#4"},
				"east": {"uv": [0, 0, 2.875, 2.875], "texture": "#4"},
				"south": {"uv": [0, 0, 0, 2.875], "texture": "#4"},
				"west": {"uv": [0, 2.875, 2.875, 5.75], "texture": "#4"},
				"up": {"uv": [2.875, 0, 0, 0], "rotation": 90, "texture": "#4"},
				"down": {"uv": [2.875, 0, 0, 0], "rotation": 270, "texture": "#4"}
			}
		},
		{
			"from": [8.6, 10.4, 0.5],
			"to": [9.8, 12.2, 5.9],
			"rotation": {"angle": 45, "axis": "x", "origin": [9.2, 11.3, 8]},
			"faces": {
				"north": {"uv": [5.125, 3.375, 5.375, 3.75], "texture": "#4"},
				"east": {"uv": [3.875, 6.25, 5, 6.625], "rotation": 180, "texture": "#4"},
				"south": {"uv": [4.875, 3.375, 5.125, 3.75], "texture": "#4"},
				"west": {"uv": [0, 6.625, 1.125, 7], "rotation": 180, "texture": "#4"},
				"up": {"uv": [8, 1.125, 6.875, 0.875], "rotation": 90, "texture": "#4"},
				"down": {"uv": [8, 1.125, 6.875, 1.375], "rotation": 270, "texture": "#4"}
			}
		},
		{
			"from": [8.6, 13.4, 7.1],
			"to": [9.8, 18.8, 8.9],
			"rotation": {"angle": 0, "axis": "y", "origin": [11.6, -2.8, 8.3]},
			"faces": {
				"north": {"uv": [1.75, 6.625, 2, 7.75], "texture": "#4"},
				"east": {"uv": [3.875, 6.25, 5, 6.625], "rotation": 90, "texture": "#4"},
				"south": {"uv": [1.5, 6.625, 1.75, 7.75], "texture": "#4"},
				"west": {"uv": [0, 6.625, 1.125, 7], "rotation": 270, "texture": "#4"},
				"up": {"uv": [5.25, 4, 4.875, 3.75], "rotation": 90, "texture": "#4"},
				"down": {"uv": [6, 2, 5.625, 2.25], "rotation": 270, "texture": "#4"}
			}
		},
		{
			"from": [8.6, 10.4, 10.1],
			"to": [9.8, 12.2, 15.5],
			"rotation": {"angle": -45, "axis": "x", "origin": [9.2, 11.3, 8]},
			"faces": {
				"north": {"uv": [5.625, 6.875, 5.875, 7.25], "texture": "#4"},
				"east": {"uv": [3.875, 6.25, 5, 6.625], "texture": "#4"},
				"south": {"uv": [5.375, 6.875, 5.625, 7.25], "texture": "#4"},
				"west": {"uv": [0, 7, 1.125, 6.625], "texture": "#4"},
				"up": {"uv": [8, 1.625, 6.875, 1.375], "rotation": 90, "texture": "#4"},
				"down": {"uv": [8, 1.625, 6.875, 1.875], "rotation": 270, "texture": "#4"}
			}
		},
		{
			"from": [8.6, 10.4, 10.1],
			"to": [9.8, 12.2, 15.5],
			"rotation": {"angle": 0, "axis": "y", "origin": [11.6, -2.8, 8.3]},
			"faces": {
				"north": {"uv": [5.875, 7, 6.125, 7.375], "texture": "#4"},
				"east": {"uv": [3.875, 6.25, 5, 6.625], "rotation": 180, "texture": "#4"},
				"south": {"uv": [4.75, 7, 5, 7.375], "texture": "#4"},
				"west": {"uv": [0, 6.625, 1.125, 7], "texture": "#4"},
				"up": {"uv": [8, 6.25, 6.875, 6], "rotation": 90, "texture": "#4"},
				"down": {"uv": [8, 6.25, 6.875, 6.5], "rotation": 270, "texture": "#4"}
			}
		},
		{
			"from": [8.6, 10.4, 10.1],
			"to": [9.8, 12.2, 15.5],
			"rotation": {"angle": 45, "axis": "x", "origin": [9.2, 11.3, 8]},
			"faces": {
				"north": {"uv": [6.375, 7, 6.625, 7.375], "texture": "#4"},
				"east": {"uv": [3.875, 6.25, 5, 6.625], "texture": "#4"},
				"south": {"uv": [6.125, 7, 6.375, 7.375], "texture": "#4"},
				"west": {"uv": [0, 6.625, 1.125, 7], "texture": "#4"},
				"up": {"uv": [1.125, 7.25, 0, 7], "rotation": 90, "texture": "#4"},
				"down": {"uv": [8.125, 1.875, 7, 2.125], "rotation": 270, "texture": "#4"}
			}
		},
		{
			"from": [8.6, 3.8, 7.1],
			"to": [9.8, 9.2, 8.9],
			"rotation": {"angle": 0, "axis": "y", "origin": [11.6, -2.8, 8.3]},
			"faces": {
				"north": {"uv": [2.25, 6.875, 2.5, 8], "texture": "#4"},
				"east": {"uv": [3.875, 6.25, 5, 6.625], "rotation": 270, "texture": "#4"},
				"south": {"uv": [2, 6.625, 2.25, 7.75], "texture": "#4"},
				"west": {"uv": [1.125, 6.625, 1.5, 7.75], "texture": "#4"},
				"up": {"uv": [7, 7.25, 6.625, 7], "rotation": 90, "texture": "#4"},
				"down": {"uv": [7.375, 7, 7, 7.25], "rotation": 270, "texture": "#4"}
			}
		},
		{
			"from": [8.6, 10.4, 0.5],
			"to": [9.8, 12.2, 5.9],
			"rotation": {"angle": -45, "axis": "x", "origin": [9.2, 11.3, 8]},
			"faces": {
				"north": {"uv": [0, 7.25, 0.25, 7.625], "texture": "#4"},
				"east": {"uv": [3.875, 6.25, 5, 6.625], "rotation": 180, "texture": "#4"},
				"south": {"uv": [7.125, 6.5, 7.375, 6.875], "texture": "#4"},
				"west": {"uv": [0, 6.625, 1.125, 7], "texture": "#4"},
				"up": {"uv": [8.125, 2.375, 7, 2.125], "rotation": 90, "texture": "#4"},
				"down": {"uv": [8.125, 2.375, 7, 2.625], "rotation": 270, "texture": "#4"}
			}
		},
		{
			"from": [8.6, 10.4, 0.5],
			"to": [9.8, 12.2, 5.9],
			"rotation": {"angle": 0, "axis": "y", "origin": [9.2, 11.3, 8]},
			"faces": {
				"north": {"uv": [0.5, 7.25, 0.75, 7.625], "texture": "#4"},
				"east": {"uv": [3.875, 6.25, 5, 6.625], "rotation": 180, "texture": "#4"},
				"south": {"uv": [0.25, 7.25, 0.5, 7.625], "texture": "#4"},
				"west": {"uv": [0, 6.625, 1.125, 7], "rotation": 180, "texture": "#4"},
				"up": {"uv": [3.625, 7.25, 2.5, 7], "rotation": 90, "texture": "#4"},
				"down": {"uv": [4.75, 7, 3.625, 7.25], "rotation": 270, "texture": "#4"}
			}
		},
		{
			"from": [8, 9.2, 5.9],
			"to": [11, 13.4, 10.1],
			"rotation": {"angle": 0, "axis": "y", "origin": [11.6, -2.8, 8.3]},
			"faces": {
				"north": {"uv": [5.375, 6, 6, 6.875], "texture": "#4"},
				"east": {"uv": [0, 5.75, 0.875, 6.625], "texture": "#4"},
				"south": {"uv": [1.75, 5.75, 2.375, 6.625], "texture": "#4"},
				"west": {"uv": [0.875, 5.75, 1.75, 6.625], "texture": "#4"},
				"up": {"uv": [6.875, 6.625, 6, 6], "rotation": 90, "texture": "#4"},
				"down": {"uv": [7, 2, 6.125, 2.625], "rotation": 270, "texture": "#4"}
			}
		}
	],
	"display": {
		"thirdperson_righthand": {
			"rotation": [44, 45, 0],
			"translation": [-0.5, 2.5, 1.5],
			"scale": [0.4, 0.4, 0.4]
		},
		"thirdperson_lefthand": {
			"rotation": [44, 45, 0],
			"translation": [-0.5, 2.5, 1.5],
			"scale": [0.4, 0.4, 0.4]
		},
		"firstperson_righthand": {
			"rotation": [-16, 180, 11],
			"translation": [3, 0.75, 0],
			"scale": [0.5, 0.5, 0.5]
		},
		"firstperson_lefthand": {
			"rotation": [-16, 180, 11],
			"translation": [3, 0.75, 0],
			"scale": [0.5, 0.5, 0.5]
		},
		"ground": {
			"translation": [0, 3.25, 0],
			"scale": [0.5, 0.5, 0.5]
		},
		"gui": {
			"rotation": [24, -130, 0],
			"translation": [0, -0.5, 0],
			"scale": [0.7, 0.7, 0.7]
		},
		"head": {
			"translation": [0, 9, 0.5],
			"scale": [0.7, 0.7, 0.7]
		},
		"fixed": {
			"translation": [0, -2.25, 0],
			"scale": [0.6, 0.6, 0.6]
		}
	},
	"groups": [
		{
			"name": "group",
			"origin": [8, 8, 8],
			"color": 0,
			"children": [0, 1, 2, 3, 4, 5, 6, 7, 8, 9, 10, 11]
		}
	]
}