{
	"credit": "Made with Blockbench",
	"texture_size": [32, 32],
	"textures": {
		"1": "item/redballoontexture",
		"particle": "item/redballoontexture"
	},
	"elements": [
		{
			"from": [4, 14, 3],
			"to": [14, 23, 13],
			"rotation": {"angle": 0, "axis": "y", "origin": [4, 21, 3]},
			"faces": {
				"north": {"uv": [0, 0, 5, 5.5], "texture": "#1"},
				"east": {"uv": [5, 0, 10, 5.5], "texture": "#1"},
				"south": {"uv": [0, 5.5, 5, 11], "texture": "#1"},
				"west": {"uv": [5, 5.5, 10, 11], "texture": "#1"},
				"up": {"uv": [15, 5, 10, 0], "texture": "#1"},
				"down": {"uv": [15, 5, 10, 10], "texture": "#1"}
			}
		},
		{
			"from": [5, 13, 4],
			"to": [13, 24, 12],
			"rotation": {"angle": 0, "axis": "y", "origin": [4, 21, 3]},
			"faces": {
				"north": {"uv": [0, 0, 5, 5.5], "texture": "#1"},
				"east": {"uv": [5, 0, 10, 5.5], "texture": "#1"},
				"south": {"uv": [0, 5.5, 5, 11], "texture": "#1"},
				"west": {"uv": [5, 5.5, 10, 11], "texture": "#1"},
				"up": {"uv": [15, 5, 10, 0], "texture": "#1"},
				"down": {"uv": [15, 5, 10, 10], "texture": "#1"}
			}
		},
		{
			"from": [7, 12, 6],
			"to": [11, 13, 10],
			"rotation": {"angle": 0, "axis": "y", "origin": [7, 20, 6]},
			"faces": {
				"north": {"uv": [10, 14.5, 12, 15], "texture": "#1"},
				"east": {"uv": [0, 15, 2, 16], "texture": "#1"},
				"south": {"uv": [2, 15, 4, 16], "texture": "#1"},
				"west": {"uv": [4, 15, 6, 16], "texture": "#1"},
				"up": {"uv": [8, 13, 6, 11], "texture": "#1"},
				"down": {"uv": [10, 11, 8, 13], "texture": "#1"}
			}
		},
		{
			"from": [7.5, 0, 7.5],
			"to": [9.5, 2, 9.5],
			"rotation": {"angle": 0, "axis": "y", "origin": [8, -16, 7]},
			"faces": {
				"north": {"uv": [12, 10, 13, 11], "texture": "#1"},
				"east": {"uv": [12, 11, 13, 12], "texture": "#1"},
				"south": {"uv": [12, 12, 13, 13], "texture": "#1"},
				"west": {"uv": [6, 13, 7, 14], "texture": "#1"},
				"up": {"uv": [8, 14, 7, 13], "texture": "#1"},
				"down": {"uv": [9, 13, 8, 14], "texture": "#1"}
			}
		},
		{
			"from": [8, 2, 8],
			"to": [9, 6, 9],
			"rotation": {"angle": 0, "axis": "y", "origin": [8, 10, 8]},
			"faces": {
				"north": {"uv": [8, 14, 8.5, 16], "texture": "#1"},
				"east": {"uv": [13, 10.5, 13.5, 12.5], "texture": "#1"},
				"south": {"uv": [8.5, 14, 9, 16], "texture": "#1"},
				"west": {"uv": [13, 11, 13.5, 12.5], "texture": "#1"},
				"up": {"uv": [13.5, 11.5, 13, 12.5], "texture": "#1"},
				"down": {"uv": [0.5, 0, 0, 0], "texture": "#1"}
			}
		},
		{
			"from": [9, 6, 8],
			"to": [10, 10, 9],
			"rotation": {"angle": 0, "axis": "y", "origin": [9, 14, 8]},
			"faces": {
				"north": {"uv": [14, 10, 14.5, 12], "texture": "#1"},
				"east": {"uv": [13.5, 10.5, 13, 12.5], "texture": "#1"},
				"south": {"uv": [14, 12, 14.5, 14], "texture": "#1"},
				"west": {"uv": [13, 11, 13.5, 12.5], "texture": "#1"},
				"up": {"uv": [14, 10.5, 13.5, 11], "texture": "#1"},
				"down": {"uv": [13.5, 12, 13, 12.5], "texture": "#1"}
			}
		},
		{
			"from": [8, 10, 8],
			"to": [9, 14, 9],
			"rotation": {"angle": 0, "axis": "y", "origin": [8, 18, 8]},
			"faces": {
				"north": {"uv": [13, 14, 13.5, 16], "texture": "#1"},
				"east": {"uv": [13, 10, 13.5, 12], "texture": "#1"},
				"south": {"uv": [13.5, 14, 14, 16], "texture": "#1"},
				"west": {"uv": [13, 10.5, 14, 12.5], "texture": "#1"},
				"up": {"uv": [0.5, 0, 0, 0], "texture": "#1"},
				"down": {"uv": [13.5, 11, 13, 11.5], "texture": "#1"}
			}
		}
	],
	"display": {
		"firstperson_righthand": {
			"translation": [0, 2.5, 0],
			"scale": [0.6, 0.6, 0.6]
		},
		"firstperson_lefthand": {
			"translation": [0, 2.5, 0],
			"scale": [0.6, 0.6, 0.6]
		},
		"ground": {
			"translation": [0, 2, 0],
			"scale": [0.5, 0.5, 0.5]
		},
		"gui": {
			"rotation": [0, 29, 0],
			"translation": [0, -2.5, 0],
			"scale": [0.6, 0.6, 0.6]
		}
	},
	"groups": [
		{
			"name": "group",
			"origin": [8, 18, 8],
			"color": 0,
			"children": [0, 1, 2, 3, 4, 5, 6]
		}
	]
}