{
  "parent": "minecraft:item/generated",
  "textures": {
    "layer0": "minecraft:item/ender_eye"
  },
  "overrides": [
    { "predicate": { "custom_model_data": 1}, "model": "item/ui_gold/1_9_down"},
    { "predicate": { "custom_model_data": 2}, "model": "item/ui_gold/1_9_up"},
    { "predicate": { "custom_model_data": 3}, "model": "item/ui_gold/left_down"},
    { "predicate": { "custom_model_data": 4}, "model": "item/ui_gold/left_up"},
    { "predicate": { "custom_model_data": 5}, "model": "item/ui_gold/left"},
    { "predicate": { "custom_model_data": 6}, "model": "item/ui_gold/none"},
    { "predicate": { "custom_model_data": 7}, "model": "item/ui_gold/right_down"},
    { "predicate": { "custom_model_data": 8}, "model": "item/ui_gold/right_up"},
    { "predicate": { "custom_model_data": 9}, "model": "item/ui_gold/right"},

    { "predicate": { "custom_model_data": 10}, "model": "item/ui_blue/1_5_down"},
    { "predicate": { "custom_model_data": 11}, "model": "item/ui_blue/1_5_up"},
    { "predicate": { "custom_model_data": 12}, "model": "item/ui_blue/6_down"},
    { "predicate": { "custom_model_data": 13}, "model": "item/ui_blue/6_up"},
    { "predicate": { "custom_model_data": 14}, "model": "item/ui_blue/7_down"},
    { "predicate": { "custom_model_data": 15}, "model": "item/ui_blue/8_down"},
    { "predicate": { "custom_model_data": 16}, "model": "item/ui_blue/9_down"},
    { "predicate": { "custom_model_data": 17}, "model": "item/ui_blue/7_9_up"},
    { "predicate": { "custom_model_data": 18}, "model": "item/ui_blue/left_down"},
    { "predicate": { "custom_model_data": 19}, "model": "item/ui_blue/left_up"},
    { "predicate": { "custom_model_data": 20}, "model": "item/ui_blue/left"},
    { "predicate": { "custom_model_data": 21}, "model": "item/ui_blue/none"},
    { "predicate": { "custom_model_data": 22}, "model": "item/ui_blue/right_down"},
    { "predicate": { "custom_model_data": 23}, "model": "item/ui_blue/right_up"},
    { "predicate": { "custom_model_data": 24}, "model": "item/ui_blue/right"},

    { "predicate": { "custom_model_data": 25}, "model": "item/ui_wood/1_4_6_9_up"},
    { "predicate": { "custom_model_data": 26}, "model": "item/ui_wood/1_4_6_9_down"},
    { "predicate": { "custom_model_data": 27}, "model": "item/ui_wood/5_down"},
    { "predicate": { "custom_model_data": 28}, "model": "item/ui_wood/5_up"},
    { "predicate": { "custom_model_data": 29}, "model": "item/ui_wood/right_down"},
    { "predicate": { "custom_model_data": 30}, "model": "item/ui_wood/right_up"},
    { "predicate": { "custom_model_data": 31}, "model": "item/ui_wood/left"},
    { "predicate": { "custom_model_data": 32}, "model": "item/ui_wood/right"},
    { "predicate": { "custom_model_data": 33}, "model": "item/ui_wood/left_down"},
    { "predicate": { "custom_model_data": 34}, "model": "item/ui_wood/left_up"},
    { "predicate": { "custom_model_data": 35}, "model": "item/treasure_ui"},
    { "predicate": { "custom_model_data": 36}, "model": "item/map_ui"},

    { "predicate": { "custom_model_data": 101}, "model": "item/map_ui/award"},
    { "predicate": { "custom_model_data": 102}, "model": "item/map_ui/craft"},
    { "predicate": { "custom_model_data": 103}, "model": "item/map_ui/develop"},
    { "predicate": { "custom_model_data": 104}, "model": "item/map_ui/empty"},
    { "predicate": { "custom_model_data": 105}, "model": "item/map_ui/enchant"},
    { "predicate": { "custom_model_data": 106}, "model": "item/map_ui/explore"},
    { "predicate": { "custom_model_data": 107}, "model": "item/map_ui/fight"},
    { "predicate": { "custom_model_data": 108}, "model": "item/map_ui/rest"},
    { "predicate": { "custom_model_data": 109}, "model": "item/map_ui/shop"},
    { "predicate": { "custom_model_data": 110}, "model": "item/map_ui/start"},
    { "predicate": { "custom_model_data": 111}, "model": "item/map_ui/haveended"},
    { "predicate": { "custom_model_data": 121}, "model": "item/map_ui/another/award"},
    { "predicate": { "custom_model_data": 122}, "model": "item/map_ui/another/craft"},
    { "predicate": { "custom_model_data": 123}, "model": "item/map_ui/another/develop"},
    { "predicate": { "custom_model_data": 124}, "model": "item/map_ui/another/empty"},
    { "predicate": { "custom_model_data": 125}, "model": "item/map_ui/another/enchant"},
    { "predicate": { "custom_model_data": 126}, "model": "item/map_ui/another/explore"},
    { "predicate": { "custom_model_data": 127}, "model": "item/map_ui/another/fight"},
    { "predicate": { "custom_model_data": 128}, "model": "item/map_ui/another/rest"},
    { "predicate": { "custom_model_data": 129}, "model": "item/map_ui/another/shop"},
    { "predicate": { "custom_model_data": 130}, "model": "item/map_ui/another/start"},
    { "predicate": { "custom_model_data": 131}, "model": "item/map_ui/another/haveended"},

    { "predicate": { "custom_model_data": 201}, "model": "item/armor/chestplate/1"},
    { "predicate": { "custom_model_data": 202}, "model": "item/armor/chestplate/2"},

    { "predicate": { "custom_model_data": 301}, "model": "item/weapon/_passive_skill/1"},
    { "predicate": { "custom_model_data": 302}, "model": "item/weapon/_passive_skill/2"},
    { "predicate": { "custom_model_data": 303}, "model": "item/weapon/_passive_skill/3"},
    { "predicate": { "custom_model_data": 304}, "model": "item/weapon/_passive_skill/4"},
    { "predicate": { "custom_model_data": 305}, "model": "item/weapon/_passive_skill/5"},
    { "predicate": { "custom_model_data": 306}, "model": "item/weapon/_passive_skill/6"},
    { "predicate": { "custom_model_data": 307}, "model": "item/weapon/_passive_skill/7"},
    { "predicate": { "custom_model_data": 308}, "model": "item/weapon/_passive_skill/8"},
    { "predicate": { "custom_model_data": 309}, "model": "item/weapon/_passive_skill/9"},
    { "predicate": { "custom_model_data": 310}, "model": "item/weapon/_passive_skill/10"},
    { "predicate": { "custom_model_data": 311}, "model": "item/weapon/_passive_skill/11"},
    { "predicate": { "custom_model_data": 312}, "model": "item/weapon/_passive_skill/12"},
    { "predicate": { "custom_model_data": 313}, "model": "item/weapon/_passive_skill/13"},
    { "predicate": { "custom_model_data": 314}, "model": "item/weapon/_passive_skill/14"},
    { "predicate": { "custom_model_data": 315}, "model": "item/weapon/_passive_skill/15"},
    { "predicate": { "custom_model_data": 316}, "model": "item/weapon/_passive_skill/16"},
    { "predicate": { "custom_model_data": 317}, "model": "item/weapon/_passive_skill/17"},
    { "predicate": { "custom_model_data": 318}, "model": "item/weapon/_passive_skill/18"},
    { "predicate": { "custom_model_data": 319}, "model": "item/weapon/_passive_skill/19"},
    { "predicate": { "custom_model_data": 320}, "model": "item/weapon/_passive_skill/20"},
    { "predicate": { "custom_model_data": 321}, "model": "item/weapon/_passive_skill/21"},
    { "predicate": { "custom_model_data": 322}, "model": "item/weapon/_passive_skill/22"},
    { "predicate": { "custom_model_data": 323}, "model": "item/weapon/_passive_skill/23"},
    { "predicate": { "custom_model_data": 324}, "model": "item/weapon/_passive_skill/24"},
    { "predicate": { "custom_model_data": 325}, "model": "item/weapon/_passive_skill/25"},
    { "predicate": { "custom_model_data": 401}, "model": "item/weapon/_active_skill/1"},
    { "predicate": { "custom_model_data": 402}, "model": "item/weapon/_active_skill/2"},
    { "predicate": { "custom_model_data": 403}, "model": "item/weapon/_active_skill/3"},
    { "predicate": { "custom_model_data": 404}, "model": "item/weapon/_active_skill/4"},
    { "predicate": { "custom_model_data": 405}, "model": "item/weapon/_active_skill/5"},
    { "predicate": { "custom_model_data": 406}, "model": "item/weapon/_active_skill/6"},
    { "predicate": { "custom_model_data": 407}, "model": "item/weapon/_active_skill/7"},
    { "predicate": { "custom_model_data": 408}, "model": "item/weapon/_active_skill/8"},
    { "predicate": { "custom_model_data": 409}, "model": "item/weapon/_active_skill/9"},
    { "predicate": { "custom_model_data": 410}, "model": "item/weapon/_active_skill/10"},


    { "predicate": { "custom_model_data": 451}, "model": "item/weapon/_gold_plating/1"},
    { "predicate": { "custom_model_data": 452}, "model": "item/weapon/_gold_plating/2"},
    { "predicate": { "custom_model_data": 453}, "model": "item/weapon/_gold_plating/3"},


    { "predicate": { "custom_model_data": 481}, "model": "item/armor/rune/1"},
    { "predicate": { "custom_model_data": 482}, "model": "item/armor/rune/2"},
    { "predicate": { "custom_model_data": 483}, "model": "item/armor/rune/3"},
    { "predicate": { "custom_model_data": 484}, "model": "item/armor/rune/4"},

    { "predicate": { "custom_model_data": 490}, "model": "item/nether_star"},


    { "predicate": { "custom_model_data": 1001}, "model": "item/treasure_mind/1"},
    { "predicate": { "custom_model_data": 1002}, "model": "item/treasure_mind/2"},
    { "predicate": { "custom_model_data": 1003}, "model": "item/treasure_mind/3"},
    { "predicate": { "custom_model_data": 1004}, "model": "item/treasure_mind/4"},
    { "predicate": { "custom_model_data": 1005}, "model": "item/treasure_mind/5"},
    { "predicate": { "custom_model_data": 1006}, "model": "item/treasure_mind/6"},
    { "predicate": { "custom_model_data": 1007}, "model": "item/treasure_mind/7"},
    { "predicate": { "custom_model_data": 1008}, "model": "item/treasure_mind/8"},
    { "predicate": { "custom_model_data": 1009}, "model": "item/treasure_mind/9"},
    { "predicate": { "custom_model_data": 1010}, "model": "item/treasure_mind/10"},
    { "predicate": { "custom_model_data": 1011}, "model": "item/treasure_mind/11"},
    { "predicate": { "custom_model_data": 1012}, "model": "item/treasure_mind/12"},
    { "predicate": { "custom_model_data": 1013}, "model": "item/treasure_mind/13"},
    { "predicate": { "custom_model_data": 1014}, "model": "item/treasure_mind/14"},
    { "predicate": { "custom_model_data": 1015}, "model": "item/treasure_mind/15"},
    { "predicate": { "custom_model_data": 1016}, "model": "item/treasure_mind/16"},
    { "predicate": { "custom_model_data": 1017}, "model": "item/treasure_mind/17"},
    { "predicate": { "custom_model_data": 1018}, "model": "item/treasure_mind/18"},
    { "predicate": { "custom_model_data": 1019}, "model": "item/treasure_mind/19"},
    { "predicate": { "custom_model_data": 1020}, "model": "item/treasure_mind/20"},
    { "predicate": { "custom_model_data": 1021}, "model": "item/treasure_mind/21"},
    { "predicate": { "custom_model_data": 1022}, "model": "item/treasure_mind/22"},
    { "predicate": { "custom_model_data": 1023}, "model": "item/treasure_mind/23"},
    { "predicate": { "custom_model_data": 1024}, "model": "item/treasure_mind/24"},
    { "predicate": { "custom_model_data": 1025}, "model": "item/treasure_mind/25"},

    
    { "predicate": { "custom_model_data": 4988}, "model": "item/treasure/hidden/12"},
    { "predicate": { "custom_model_data": 4989}, "model": "item/treasure/hidden/11"},
    { "predicate": { "custom_model_data": 4990}, "model": "item/treasure/hidden/10"},
    { "predicate": { "custom_model_data": 4991}, "model": "item/treasure/hidden/9"},
    { "predicate": { "custom_model_data": 4992}, "model": "item/treasure/hidden/8"},
    { "predicate": { "custom_model_data": 4993}, "model": "item/treasure/hidden/7"},
    { "predicate": { "custom_model_data": 4994}, "model": "item/treasure/hidden/6"},
    { "predicate": { "custom_model_data": 4995}, "model": "item/treasure/hidden/5"},
    { "predicate": { "custom_model_data": 4996}, "model": "item/treasure/hidden/4"},
    { "predicate": { "custom_model_data": 4997}, "model": "item/treasure/hidden/3"},
    { "predicate": { "custom_model_data": 4998}, "model": "item/treasure/hidden/2"},
    { "predicate": { "custom_model_data": 4999}, "model": "item/treasure/hidden/1"},
    { "predicate": { "custom_model_data": 5001}, "model": "item/treasure/1"},
    { "predicate": { "custom_model_data": 5002}, "model": "item/treasure/2"},
    { "predicate": { "custom_model_data": 5003}, "model": "item/treasure/3"},
    { "predicate": { "custom_model_data": 5004}, "model": "item/treasure/4"},
    { "predicate": { "custom_model_data": 5005}, "model": "item/treasure/5"},
    { "predicate": { "custom_model_data": 5006}, "model": "item/treasure/6"},
    { "predicate": { "custom_model_data": 5007}, "model": "item/treasure/7"},
    { "predicate": { "custom_model_data": 5008}, "model": "item/treasure/8"},
    { "predicate": { "custom_model_data": 5009}, "model": "item/treasure/9"},
    { "predicate": { "custom_model_data": 5010}, "model": "item/treasure/10"},
    { "predicate": { "custom_model_data": 5011}, "model": "item/treasure/11"},
    { "predicate": { "custom_model_data": 5012}, "model": "item/treasure/12"},
    { "predicate": { "custom_model_data": 5013}, "model": "item/treasure/13"},
    { "predicate": { "custom_model_data": 5014}, "model": "item/treasure/14"},
    { "predicate": { "custom_model_data": 5015}, "model": "item/treasure/15"},
    { "predicate": { "custom_model_data": 5016}, "model": "item/treasure/16"},
    { "predicate": { "custom_model_data": 5017}, "model": "item/treasure/17"},
    { "predicate": { "custom_model_data": 5018}, "model": "item/treasure/18"},
    { "predicate": { "custom_model_data": 5019}, "model": "item/treasure/19"},
    { "predicate": { "custom_model_data": 5020}, "model": "item/treasure/20"},
    { "predicate": { "custom_model_data": 5021}, "model": "item/treasure/21"},
    { "predicate": { "custom_model_data": 5022}, "model": "item/treasure/22"},
    { "predicate": { "custom_model_data": 5023}, "model": "item/treasure/23"},
    { "predicate": { "custom_model_data": 5024}, "model": "item/treasure/24"},
    { "predicate": { "custom_model_data": 5025}, "model": "item/treasure/25"},
    { "predicate": { "custom_model_data": 5026}, "model": "item/treasure/26"},
    { "predicate": { "custom_model_data": 5027}, "model": "item/treasure/27"},
    { "predicate": { "custom_model_data": 5028}, "model": "item/treasure/28"},
    { "predicate": { "custom_model_data": 5029}, "model": "item/treasure/29"},
    { "predicate": { "custom_model_data": 5030}, "model": "item/treasure/30"},
    { "predicate": { "custom_model_data": 5031}, "model": "item/treasure/31"},
    { "predicate": { "custom_model_data": 5032}, "model": "item/treasure/32"},
    { "predicate": { "custom_model_data": 5033}, "model": "item/treasure/33"},
    { "predicate": { "custom_model_data": 5034}, "model": "item/treasure/34"},
    { "predicate": { "custom_model_data": 5035}, "model": "item/treasure/35"},
    { "predicate": { "custom_model_data": 5036}, "model": "item/treasure/36"},
    { "predicate": { "custom_model_data": 5037}, "model": "item/treasure/37"},
    { "predicate": { "custom_model_data": 5038}, "model": "item/treasure/38"},
    { "predicate": { "custom_model_data": 5039}, "model": "item/treasure/39"},
    { "predicate": { "custom_model_data": 5040}, "model": "item/treasure/40"},
    { "predicate": { "custom_model_data": 5041}, "model": "item/treasure/41"},
    { "predicate": { "custom_model_data": 5042}, "model": "item/treasure/42"},
    { "predicate": { "custom_model_data": 5043}, "model": "item/treasure/43"},
    { "predicate": { "custom_model_data": 5044}, "model": "item/treasure/44"},
    { "predicate": { "custom_model_data": 5045}, "model": "item/treasure/45"},
    { "predicate": { "custom_model_data": 5046}, "model": "item/treasure/46"},
    { "predicate": { "custom_model_data": 5047}, "model": "item/treasure/47"},
    { "predicate": { "custom_model_data": 5048}, "model": "item/treasure/48"},
    { "predicate": { "custom_model_data": 5049}, "model": "item/treasure/49"},
    { "predicate": { "custom_model_data": 5050}, "model": "item/treasure/50"},
    { "predicate": { "custom_model_data": 5051}, "model": "item/treasure/51"},
    { "predicate": { "custom_model_data": 5052}, "model": "item/treasure/51"},
    { "predicate": { "custom_model_data": 5052}, "model": "item/treasure/52"},
    { "predicate": { "custom_model_data": 5053}, "model": "item/treasure/53"},
    { "predicate": { "custom_model_data": 5054}, "model": "item/treasure/54"},
    { "predicate": { "custom_model_data": 5055}, "model": "item/treasure/55"},
    { "predicate": { "custom_model_data": 5056}, "model": "item/treasure/56"},
    { "predicate": { "custom_model_data": 5057}, "model": "item/treasure/57"},
    { "predicate": { "custom_model_data": 5058}, "model": "item/treasure/58"},
    { "predicate": { "custom_model_data": 5059}, "model": "item/treasure/59"},
    { "predicate": { "custom_model_data": 5060}, "model": "item/treasure/60"},
    { "predicate": { "custom_model_data": 5061}, "model": "item/treasure/61"},
    { "predicate": { "custom_model_data": 5062}, "model": "item/treasure/62"},
    { "predicate": { "custom_model_data": 5063}, "model": "item/treasure/63"},
    { "predicate": { "custom_model_data": 5064}, "model": "item/treasure/64"},
    { "predicate": { "custom_model_data": 5065}, "model": "item/treasure/65"},
    { "predicate": { "custom_model_data": 5066}, "model": "item/treasure/66"},
    { "predicate": { "custom_model_data": 5067}, "model": "item/treasure/67"},
    { "predicate": { "custom_model_data": 5068}, "model": "item/treasure/68"},
    { "predicate": { "custom_model_data": 5069}, "model": "item/treasure/69"},
    { "predicate": { "custom_model_data": 5070}, "model": "item/treasure/70"},
    { "predicate": { "custom_model_data": 5071}, "model": "item/treasure/71"},
    { "predicate": { "custom_model_data": 5072}, "model": "item/treasure/72"},
    { "predicate": { "custom_model_data": 5073}, "model": "item/treasure/73"},
    { "predicate": { "custom_model_data": 5074}, "model": "item/treasure/74"},
    { "predicate": { "custom_model_data": 5075}, "model": "item/treasure/75"},
    { "predicate": { "custom_model_data": 5076}, "model": "item/treasure/76"},
    { "predicate": { "custom_model_data": 5077}, "model": "item/treasure/77"},
    { "predicate": { "custom_model_data": 5078}, "model": "item/treasure/78"},
    { "predicate": { "custom_model_data": 5079}, "model": "item/treasure/79"},
    { "predicate": { "custom_model_data": 5080}, "model": "item/treasure/80"},
    { "predicate": { "custom_model_data": 5081}, "model": "item/treasure/81"},
    { "predicate": { "custom_model_data": 5082}, "model": "item/treasure/82"},
    { "predicate": { "custom_model_data": 5083}, "model": "item/treasure/83"},
    { "predicate": { "custom_model_data": 5084}, "model": "item/treasure/84"},
    { "predicate": { "custom_model_data": 5085}, "model": "item/treasure/85"},
    { "predicate": { "custom_model_data": 5086}, "model": "item/treasure/86"},
    { "predicate": { "custom_model_data": 5087}, "model": "item/treasure/87"},
    { "predicate": { "custom_model_data": 5088}, "model": "item/treasure/88"},
    { "predicate": { "custom_model_data": 5089}, "model": "item/treasure/89"},
    { "predicate": { "custom_model_data": 5090}, "model": "item/treasure/90"},
    { "predicate": { "custom_model_data": 5091}, "model": "item/treasure/91"},
    { "predicate": { "custom_model_data": 5092}, "model": "item/treasure/92"},
    { "predicate": { "custom_model_data": 5093}, "model": "item/treasure/93"},
    { "predicate": { "custom_model_data": 5094}, "model": "item/treasure/94"},
    { "predicate": { "custom_model_data": 5095}, "model": "item/treasure/95"},
    { "predicate": { "custom_model_data": 5096}, "model": "item/treasure/96"},
    { "predicate": { "custom_model_data": 5097}, "model": "item/treasure/97"},
    { "predicate": { "custom_model_data": 5098}, "model": "item/treasure/98"},
    { "predicate": { "custom_model_data": 5099}, "model": "item/treasure/99"},
    { "predicate": { "custom_model_data": 5100}, "model": "item/treasure/100"},
    { "predicate": { "custom_model_data": 5101}, "model": "item/treasure/101"},
    { "predicate": { "custom_model_data": 5102}, "model": "item/treasure/102"},
    { "predicate": { "custom_model_data": 5103}, "model": "item/treasure/103"},
    { "predicate": { "custom_model_data": 5104}, "model": "item/treasure/104"},
    { "predicate": { "custom_model_data": 5105}, "model": "item/treasure/105"},
    { "predicate": { "custom_model_data": 5106}, "model": "item/treasure/106"},
    { "predicate": { "custom_model_data": 5107}, "model": "item/treasure/107"},
    { "predicate": { "custom_model_data": 5108}, "model": "item/treasure/108"},
    { "predicate": { "custom_model_data": 5109}, "model": "item/treasure/109"},
    { "predicate": { "custom_model_data": 5110}, "model": "item/treasure/110"},
    { "predicate": { "custom_model_data": 5111}, "model": "item/treasure/111"},
    { "predicate": { "custom_model_data": 5112}, "model": "item/treasure/112"},
    { "predicate": { "custom_model_data": 5113}, "model": "item/treasure/113"},
    { "predicate": { "custom_model_data": 5114}, "model": "item/treasure/114"},
    { "predicate": { "custom_model_data": 5115}, "model": "item/treasure/115"},
    { "predicate": { "custom_model_data": 5116}, "model": "item/treasure/116"},
    { "predicate": { "custom_model_data": 5117}, "model": "item/treasure/117"},
    { "predicate": { "custom_model_data": 5118}, "model": "item/treasure/118"},
    { "predicate": { "custom_model_data": 5119}, "model": "item/treasure/119"},
    { "predicate": { "custom_model_data": 5120}, "model": "item/treasure/120"},
    { "predicate": { "custom_model_data": 5121}, "model": "item/treasure/121"},
    { "predicate": { "custom_model_data": 5122}, "model": "item/treasure/122"},
    { "predicate": { "custom_model_data": 5123}, "model": "item/treasure/123"},
    { "predicate": { "custom_model_data": 5124}, "model": "item/treasure/124"},
    { "predicate": { "custom_model_data": 5125}, "model": "item/treasure/125"},
    { "predicate": { "custom_model_data": 5126}, "model": "item/treasure/126"},
    { "predicate": { "custom_model_data": 5127}, "model": "item/treasure/127"},
    { "predicate": { "custom_model_data": 5128}, "model": "item/treasure/128"},
    { "predicate": { "custom_model_data": 5129}, "model": "item/treasure/129"},
    { "predicate": { "custom_model_data": 5130}, "model": "item/treasure/130"},
    { "predicate": { "custom_model_data": 5131}, "model": "item/treasure/131"},
    { "predicate": { "custom_model_data": 5132}, "model": "item/treasure/132"},
    { "predicate": { "custom_model_data": 5133}, "model": "item/treasure/133"},
    { "predicate": { "custom_model_data": 5134}, "model": "item/treasure/134"},
    { "predicate": { "custom_model_data": 5135}, "model": "item/treasure/135"},
    { "predicate": { "custom_model_data": 5136}, "model": "item/treasure/136"},
    { "predicate": { "custom_model_data": 5137}, "model": "item/treasure/137"},
    { "predicate": { "custom_model_data": 5138}, "model": "item/treasure/138"},
    { "predicate": { "custom_model_data": 5139}, "model": "item/treasure/139"},
    { "predicate": { "custom_model_data": 5140}, "model": "item/treasure/140"},
    { "predicate": { "custom_model_data": 5141}, "model": "item/treasure/141"},
    { "predicate": { "custom_model_data": 5142}, "model": "item/treasure/142"},
    { "predicate": { "custom_model_data": 5143}, "model": "item/treasure/143"},
    { "predicate": { "custom_model_data": 5144}, "model": "item/treasure/144"},
    { "predicate": { "custom_model_data": 5145}, "model": "item/treasure/145"},
    { "predicate": { "custom_model_data": 5146}, "model": "item/treasure/146"},
    { "predicate": { "custom_model_data": 5147}, "model": "item/treasure/147"},
    { "predicate": { "custom_model_data": 5148}, "model": "item/treasure/148"},
    { "predicate": { "custom_model_data": 5149}, "model": "item/treasure/149"},
    { "predicate": { "custom_model_data": 5150}, "model": "item/treasure/150"},
    { "predicate": { "custom_model_data": 5151}, "model": "item/treasure/151"},
    { "predicate": { "custom_model_data": 5152}, "model": "item/treasure/152"},
    { "predicate": { "custom_model_data": 5153}, "model": "item/treasure/153"},
    { "predicate": { "custom_model_data": 5154}, "model": "item/treasure/154"},
    { "predicate": { "custom_model_data": 5155}, "model": "item/treasure/155"},
    { "predicate": { "custom_model_data": 5156}, "model": "item/treasure/156"},
    { "predicate": { "custom_model_data": 5157}, "model": "item/treasure/157"},
    { "predicate": { "custom_model_data": 5158}, "model": "item/treasure/158"},
    { "predicate": { "custom_model_data": 5159}, "model": "item/treasure/159"},
    { "predicate": { "custom_model_data": 5160}, "model": "item/treasure/160"},
    { "predicate": { "custom_model_data": 5161}, "model": "item/treasure/161"},
    { "predicate": { "custom_model_data": 5162}, "model": "item/treasure/162"},
    { "predicate": { "custom_model_data": 5163}, "model": "item/treasure/163"},

    { "predicate": { "custom_model_data": 9997}, "model": "item/weapon/broken_sword"},
    { "predicate": { "custom_model_data": 9998}, "model": "item/weapon/lance/13_2"},
    { "predicate": { "custom_model_data": 9999}, "model": "item/weapon/lance/13_3"},
    { "predicate": { "custom_model_data": 10001}, "model": "item/netherite_sword"},
    { "predicate": { "custom_model_data": 10002}, "model": "item/weapon/sword/1"},
    { "predicate": { "custom_model_data": 10003}, "model": "item/weapon/sword/2"},
    { "predicate": { "custom_model_data": 10004}, "model": "item/weapon/sword/3"},
    { "predicate": { "custom_model_data": 10005}, "model": "item/weapon/sword/4"},
    { "predicate": { "custom_model_data": 10006}, "model": "item/weapon/sword/5"},
    { "predicate": { "custom_model_data": 10007}, "model": "item/weapon/sword/6"},
    { "predicate": { "custom_model_data": 10008}, "model": "item/weapon/sword/7"},
    { "predicate": { "custom_model_data": 10009}, "model": "item/weapon/sword/8"},
    { "predicate": { "custom_model_data": 10010}, "model": "item/weapon/sword/9"},
    { "predicate": { "custom_model_data": 10011}, "model": "item/weapon/sword/10"},
    { "predicate": { "custom_model_data": 10012}, "model": "item/weapon/sword/11"},
    { "predicate": { "custom_model_data": 10013}, "model": "item/weapon/sword/12"},
    { "predicate": { "custom_model_data": 10014}, "model": "item/weapon/sword/13"},
    { "predicate": { "custom_model_data": 10015}, "model": "item/weapon/sword/14"},
    { "predicate": { "custom_model_data": 10016}, "model": "item/weapon/sword/15"},
    { "predicate": { "custom_model_data": 10017}, "model": "item/weapon/sword/16"},
    { "predicate": { "custom_model_data": 10018}, "model": "item/weapon/lance/1"},
    { "predicate": { "custom_model_data": 10019}, "model": "item/weapon/lance/2"},
    { "predicate": { "custom_model_data": 10020}, "model": "item/weapon/lance/3"},
    { "predicate": { "custom_model_data": 10021}, "model": "item/weapon/lance/4"},
    { "predicate": { "custom_model_data": 10022}, "model": "item/weapon/lance/5"},
    { "predicate": { "custom_model_data": 10023}, "model": "item/weapon/lance/6"},
    { "predicate": { "custom_model_data": 10024}, "model": "item/weapon/lance/7"},
    { "predicate": { "custom_model_data": 10025}, "model": "item/weapon/lance/8"},
    { "predicate": { "custom_model_data": 10026}, "model": "item/weapon/lance/9"},
    { "predicate": { "custom_model_data": 10027}, "model": "item/weapon/lance/10"},
    { "predicate": { "custom_model_data": 10028}, "model": "item/weapon/lance/11"},
    { "predicate": { "custom_model_data": 10029}, "model": "item/weapon/lance/12"},
    { "predicate": { "custom_model_data": 10030}, "model": "item/weapon/lance/13_1"},
    { "predicate": { "custom_model_data": 10031}, "model": "item/weapon/lance/14"},
    { "predicate": { "custom_model_data": 10032}, "model": "item/weapon/lance/15"},
    { "predicate": { "custom_model_data": 10033}, "model": "item/weapon/lance/16"},
    { "predicate": { "custom_model_data": 10034}, "model": "item/weapon/lance/17"},
    { "predicate": { "custom_model_data": 10035}, "model": "item/weapon/lance/13_4_a"},
    { "predicate": { "custom_model_data": 10036}, "model": "item/weapon/lance/13_4_b"},
    { "predicate": { "custom_model_data": 10037}, "model": "item/weapon/hammer/1"},
    { "predicate": { "custom_model_data": 10038}, "model": "item/weapon/hammer/2"},
    { "predicate": { "custom_model_data": 10039}, "model": "item/weapon/hammer/3"},
    { "predicate": { "custom_model_data": 10040}, "model": "item/weapon/hammer/4"},
    { "predicate": { "custom_model_data": 10041}, "model": "item/weapon/hammer/5"},
    { "predicate": { "custom_model_data": 10042}, "model": "item/weapon/hammer/6"},
    { "predicate": { "custom_model_data": 10043}, "model": "item/weapon/hammer/7"},
    { "predicate": { "custom_model_data": 10044}, "model": "item/weapon/hammer/8"},
    { "predicate": { "custom_model_data": 10045}, "model": "item/weapon/hammer/9"},
    { "predicate": { "custom_model_data": 10046}, "model": "item/weapon/hammer/10"},
    { "predicate": { "custom_model_data": 10047}, "model": "item/weapon/hammer/11"},
    { "predicate": { "custom_model_data": 10048}, "model": "item/weapon/hammer/12"},
    { "predicate": { "custom_model_data": 10049}, "model": "item/weapon/hammer/13"},
    { "predicate": { "custom_model_data": 10050}, "model": "item/weapon/hammer/14"},
    { "predicate": { "custom_model_data": 10051}, "model": "item/weapon/hammer/15"},
    { "predicate": { "custom_model_data": 10052}, "model": "item/weapon/hammer/16"},
    { "predicate": { "custom_model_data": 10053}, "model": "item/weapon/gantlen/1"},
    { "predicate": { "custom_model_data": 10054}, "model": "item/weapon/gantlen/2"},
    { "predicate": { "custom_model_data": 10055}, "model": "item/weapon/gantlen/3"},
    { "predicate": { "custom_model_data": 10056}, "model": "item/weapon/gantlen/4"},
    { "predicate": { "custom_model_data": 10057}, "model": "item/weapon/gantlen/5"},
    { "predicate": { "custom_model_data": 10058}, "model": "item/weapon/gantlen/6"},
    { "predicate": { "custom_model_data": 10059}, "model": "item/weapon/gantlen/7"},
    { "predicate": { "custom_model_data": 10060}, "model": "item/weapon/gantlen/8"},
    { "predicate": { "custom_model_data": 10061}, "model": "item/weapon/gantlen/9"},
    { "predicate": { "custom_model_data": 10062}, "model": "item/weapon/gantlen/10"},
    { "predicate": { "custom_model_data": 10063}, "model": "item/weapon/gantlen/11"},
    { "predicate": { "custom_model_data": 10064}, "model": "item/weapon/gantlen/12"},
    { "predicate": { "custom_model_data": 10065}, "model": "item/weapon/gantlen/13"},
    { "predicate": { "custom_model_data": 10066}, "model": "item/weapon/gantlen/14"},
    { "predicate": { "custom_model_data": 10067}, "model": "item/weapon/gantlen/15"},
    { "predicate": { "custom_model_data": 10068}, "model": "item/weapon/gantlen/16"},
    { "predicate": { "custom_model_data": 10069}, "model": "item/weapon/wand/1"},
    { "predicate": { "custom_model_data": 10070}, "model": "item/weapon/wand/2"},
    { "predicate": { "custom_model_data": 10071}, "model": "item/weapon/wand/3"},
    { "predicate": { "custom_model_data": 10072}, "model": "item/weapon/wand/4"},
    { "predicate": { "custom_model_data": 10073}, "model": "item/weapon/wand/5"},
    { "predicate": { "custom_model_data": 10074}, "model": "item/weapon/wand/6"},
    { "predicate": { "custom_model_data": 10075}, "model": "item/weapon/wand/7"},
    { "predicate": { "custom_model_data": 10076}, "model": "item/weapon/wand/8"},
    { "predicate": { "custom_model_data": 10077}, "model": "item/weapon/wand/9"},
    { "predicate": { "custom_model_data": 10078}, "model": "item/weapon/wand/10"},
    { "predicate": { "custom_model_data": 10079}, "model": "item/weapon/wand/11"},
    { "predicate": { "custom_model_data": 10080}, "model": "item/weapon/wand/12"},
    { "predicate": { "custom_model_data": 10081}, "model": "item/weapon/wand/13"},
    { "predicate": { "custom_model_data": 10082}, "model": "item/weapon/wand/14"},
    { "predicate": { "custom_model_data": 10083}, "model": "item/weapon/wand/15"},
    { "predicate": { "custom_model_data": 10084}, "model": "item/weapon/wand/16"},
    { "predicate": { "custom_model_data": 10085}, "model": "item/weapon/wand/17"},
    { "predicate": { "custom_model_data": 10086}, "model": "item/weapon/wand/18"},
    { "predicate": { "custom_model_data": 10087}, "model": "item/weapon/wand/19"},
    { "predicate": { "custom_model_data": 10088}, "model": "item/weapon/wand/20"},
    { "predicate": { "custom_model_data": 10089}, "model": "item/weapon/wand/21"},
    { "predicate": { "custom_model_data": 10090}, "model": "item/weapon/wand/22"},
    { "predicate": { "custom_model_data": 10091}, "model": "item/weapon/wand/23"},
    { "predicate": { "custom_model_data": 10092}, "model": "item/weapon/wand/24"},
    { "predicate": { "custom_model_data": 10093}, "model": "item/weapon/wand/25"},
    { "predicate": { "custom_model_data": 10094}, "model": "item/weapon/wand/26"},
    { "predicate": { "custom_model_data": 10095}, "model": "item/weapon/wand/27"},
    { "predicate": { "custom_model_data": 10096}, "model": "item/weapon/wand/28"},
    { "predicate": { "custom_model_data": 10097}, "model": "item/weapon/sword/17"},

    { "predicate": { "custom_model_data": 11001}, "model": "item/kit/1"},
    { "predicate": { "custom_model_data": 11002}, "model": "item/kit/2"},
    { "predicate": { "custom_model_data": 11003}, "model": "item/kit/3"},
    { "predicate": { "custom_model_data": 11004}, "model": "item/kit/4"},
    { "predicate": { "custom_model_data": 11005}, "model": "item/kit/5"},
    { "predicate": { "custom_model_data": 11006}, "model": "item/kit/6"},
    { "predicate": { "custom_model_data": 11007}, "model": "item/kit/7"},
    { "predicate": { "custom_model_data": 11008}, "model": "item/kit/8"},
    
    { "predicate": { "custom_model_data": 12001}, "model": "item/lobby/challenge_cup_silver"},
    { "predicate": { "custom_model_data": 12002}, "model": "item/lobby/challenge_cup_gold"},
    { "predicate": { "custom_model_data": 12003}, "model": "item/lobby/challenge_cup_diamond"},

    { "predicate": { "custom_model_data": 100001}, "model": "item/treasure_active/2"},
    { "predicate": { "custom_model_data": 100002}, "model": "item/treasure_active/7"},
    { "predicate": { "custom_model_data": 100003}, "model": "item/treasure_active/13"},

    { "predicate": { "custom_model_data": 200001}, "model": "item/treasure_active/3"},
    { "predicate": { "custom_model_data": 200002}, "model": "item/treasure_active/6"},
    { "predicate": { "custom_model_data": 200003}, "model": "item/treasure_active/8"},
    { "predicate": { "custom_model_data": 200004}, "model": "item/treasure_active/9"},
    { "predicate": { "custom_model_data": 200005}, "model": "item/treasure_active/10"},
    { "predicate": { "custom_model_data": 200006}, "model": "item/treasure_active/12"},

    { "predicate": { "custom_model_data": 300001}, "model": "item/treasure_active/1"},
    { "predicate": { "custom_model_data": 300002}, "model": "item/treasure_active/11"},
    { "predicate": { "custom_model_data": 300003}, "model": "item/treasure_active/15"},
    { "predicate": { "custom_model_data": 300004}, "model": "item/treasure_active/16"},
    { "predicate": { "custom_model_data": 300005}, "model": "item/treasure_active/17"},
    { "predicate": { "custom_model_data": 300006}, "model": "item/treasure_active/18"},

    { "predicate": { "custom_model_data": 400001}, "model": "item/treasure_active/4"},
    { "predicate": { "custom_model_data": 400002}, "model": "item/treasure_active/5"},
    { "predicate": { "custom_model_data": 400003}, "model": "item/treasure_active/14"},

    { "predicate": { "custom_model_data": 500001}, "model": "item/treasure_active/20"},
    { "predicate": { "custom_model_data": 500002}, "model": "item/treasure_active/19"},

    { "predicate": { "custom_model_data": 1000001}, "model": "item/others/stick"},
    { "predicate": { "custom_model_data": 1000002}, "model": "item/others/stick_"},
    { "predicate": { "custom_model_data": 1000003}, "model": "item/others/pen"}
  ]
}