{
  "parent": "minecraft:item/generated",
  "textures": {
    "layer0": "minecraft:item/stick"
  },
  "overrides": [

    { "predicate": { "custom_model_data": 249}, "model": "item/food/greedy_bottle"},
    { "predicate": { "custom_model_data": 250}, "model": "item/food/instable_golden_ingot"},
    
    { "predicate": { "custom_model_data": 270}, "model": "item/levels/award/1"},
    { "predicate": { "custom_model_data": 271}, "model": "item/levels/award/2"},
    { "predicate": { "custom_model_data": 272}, "model": "item/levels/award/3"},
    { "predicate": { "custom_model_data": 273}, "model": "item/levels/award/4"},
    { "predicate": { "custom_model_data": 274}, "model": "item/levels/award/5"},
    { "predicate": { "custom_model_data": 275}, "model": "item/levels/award/6"},
    { "predicate": { "custom_model_data": 276}, "model": "item/levels/award/7"}
  ]
}