{
    "credit": "Made with Blockbench",
    "texture_size": [
        48,
        48
    ],
    "textures": {
        "0": "minecraft:item/weapon/hammer/16",
        "particle": "minecraft:item/weapon/hammer/16"
    },
    "elements": [
        {
            "from": [
                5,
                14,
                8
            ],
            "to": [
                11,
                20,
                14
            ],
            "rotation": {
                "angle": 0,
                "axis": "y",
                "origin": [
                    8,
                    14,
                    11
                ]
            },
            "faces": {
                "north": {
                    "uv": [
                        2,
                        2,
                        4,
                        4
                    ],
                    "texture": "#0"
                },
                "east": {
                    "uv": [
                        0,
                        2,
                        2,
                        4
                    ],
                    "texture": "#0"
                },
                "south": {
                    "uv": [
                        6,
                        2,
                        8,
                        4
                    ],
                    "texture": "#0"
                },
                "west": {
                    "uv": [
                        4,
                        2,
                        6,
                        4
                    ],
                    "texture": "#0"
                },
                "up": {
                    "uv": [
                        4,
                        2,
                        2,
                        0
                    ],
                    "texture": "#0"
                },
                "down": {
                    "uv": [
                        6,
                        0,
                        4,
                        2
                    ],
                    "texture": "#0"
                }
            }
        },
        {
            "from": [
                4.5,
                15,
                9
            ],
            "to": [
                5.5,
                19,
                13
            ],
            "rotation": {
                "angle": 0,
                "axis": "y",
                "origin": [
                    8,
                    14,
                    11
                ]
            },
            "faces": {
                "north": {
                    "uv": [
                        7,
                        5.66667,
                        7.33333,
                        7
                    ],
                    "texture": "#0"
                },
                "east": {
                    "uv": [
                        5.66667,
                        5.66667,
                        7,
                        7
                    ],
                    "texture": "#0"
                },
                "south": {
                    "uv": [
                        8.66667,
                        5.66667,
                        9,
                        7
                    ],
                    "texture": "#0"
                },
                "west": {
                    "uv": [
                        7.33333,
                        5.66667,
                        8.66667,
                        7
                    ],
                    "texture": "#0"
                },
                "up": {
                    "uv": [
                        7.33333,
                        5.66667,
                        7,
                        4.33333
                    ],
                    "texture": "#0"
                },
                "down": {
                    "uv": [
                        7.66667,
                        4.33333,
                        7.33333,
                        5.66667
                    ],
                    "texture": "#0"
                }
            }
        },
        {
            "from": [
                6,
                19.5,
                9
            ],
            "to": [
                10,
                20.5,
                13
            ],
            "rotation": {
                "angle": 0,
                "axis": "y",
                "origin": [
                    8,
                    14,
                    11
                ]
            },
            "faces": {
                "north": {
                    "uv": [
                        1.33333,
                        5.66667,
                        2.66667,
                        6
                    ],
                    "texture": "#0"
                },
                "east": {
                    "uv": [
                        0,
                        5.66667,
                        1.33333,
                        6
                    ],
                    "texture": "#0"
                },
                "south": {
                    "uv": [
                        4,
                        5.66667,
                        5.33333,
                        6
                    ],
                    "texture": "#0"
                },
                "west": {
                    "uv": [
                        2.66667,
                        5.66667,
                        4,
                        6
                    ],
                    "texture": "#0"
                },
                "up": {
                    "uv": [
                        2.66667,
                        5.66667,
                        1.33333,
                        4.33333
                    ],
                    "texture": "#0"
                },
                "down": {
                    "uv": [
                        4,
                        4.33333,
                        2.66667,
                        5.66667
                    ],
                    "texture": "#0"
                }
            }
        },
        {
            "from": [
                10.5,
                15,
                9
            ],
            "to": [
                11.5,
                19,
                13
            ],
            "rotation": {
                "angle": 0,
                "axis": "y",
                "origin": [
                    8,
                    14,
                    11
                ]
            },
            "faces": {
                "north": {
                    "uv": [
                        9.66667,
                        1.33333,
                        10,
                        2.66667
                    ],
                    "texture": "#0"
                },
                "east": {
                    "uv": [
                        8.33333,
                        1.33333,
                        9.66667,
                        2.66667
                    ],
                    "texture": "#0"
                },
                "south": {
                    "uv": [
                        11.33333,
                        1.33333,
                        11.66667,
                        2.66667
                    ],
                    "texture": "#0"
                },
                "west": {
                    "uv": [
                        10,
                        1.33333,
                        11.33333,
                        2.66667
                    ],
                    "texture": "#0"
                },
                "up": {
                    "uv": [
                        10,
                        1.33333,
                        9.66667,
                        0
                    ],
                    "texture": "#0"
                },
                "down": {
                    "uv": [
                        10.33333,
                        0,
                        10,
                        1.33333
                    ],
                    "texture": "#0"
                }
            }
        },
        {
            "from": [
                6,
                15,
                7.5
            ],
            "to": [
                10,
                19,
                8.5
            ],
            "rotation": {
                "angle": 0,
                "axis": "y",
                "origin": [
                    8,
                    14,
                    11
                ]
            },
            "faces": {
                "north": {
                    "uv": [
                        0.66667,
                        7.66667,
                        2,
                        9
                    ],
                    "texture": "#0"
                },
                "east": {
                    "uv": [
                        0.33333,
                        7.66667,
                        0.66667,
                        9
                    ],
                    "texture": "#0"
                },
                "south": {
                    "uv": [
                        2.33333,
                        7.66667,
                        3.66667,
                        9
                    ],
                    "texture": "#0"
                },
                "west": {
                    "uv": [
                        2,
                        7.66667,
                        2.33333,
                        9
                    ],
                    "texture": "#0"
                },
                "up": {
                    "uv": [
                        2,
                        7.66667,
                        0.66667,
                        7.33333
                    ],
                    "texture": "#0"
                },
                "down": {
                    "uv": [
                        3.33333,
                        7.33333,
                        2,
                        7.66667
                    ],
                    "texture": "#0"
                }
            }
        },
        {
            "from": [
                6,
                15,
                13.5
            ],
            "to": [
                10,
                19,
                14.5
            ],
            "rotation": {
                "angle": 0,
                "axis": "y",
                "origin": [
                    8,
                    14,
                    11
                ]
            },
            "faces": {
                "north": {
                    "uv": [
                        4,
                        7.66667,
                        5.33333,
                        9
                    ],
                    "texture": "#0"
                },
                "east": {
                    "uv": [
                        3.66667,
                        7.66667,
                        4,
                        9
                    ],
                    "texture": "#0"
                },
                "south": {
                    "uv": [
                        5.66667,
                        7.66667,
                        7,
                        9
                    ],
                    "texture": "#0"
                },
                "west": {
                    "uv": [
                        5.33333,
                        7.66667,
                        5.66667,
                        9
                    ],
                    "texture": "#0"
                },
                "up": {
                    "uv": [
                        5.33333,
                        7.66667,
                        4,
                        7.33333
                    ],
                    "texture": "#0"
                },
                "down": {
                    "uv": [
                        6.66667,
                        7.33333,
                        5.33333,
                        7.66667
                    ],
                    "texture": "#0"
                }
            }
        },
        {
            "from": [
                7.3,
                4.6,
                10.3
            ],
            "to": [
                8.7,
                14,
                11.7
            ],
            "rotation": {
                "angle": 0,
                "axis": "y",
                "origin": [
                    8,
                    14,
                    11
                ]
            },
            "faces": {
                "north": {
                    "uv": [
                        0.66667,
                        10,
                        1.33333,
                        13.33333
                    ],
                    "texture": "#0"
                },
                "east": {
                    "uv": [
                        0,
                        10,
                        0.66667,
                        13.33333
                    ],
                    "texture": "#0"
                },
                "south": {
                    "uv": [
                        2,
                        10,
                        2.66667,
                        13.33333
                    ],
                    "texture": "#0"
                },
                "west": {
                    "uv": [
                        1.33333,
                        10,
                        2,
                        13.33333
                    ],
                    "texture": "#0"
                },
                "up": {
                    "uv": [
                        1.33333,
                        10,
                        0.66667,
                        9.33333
                    ],
                    "texture": "#0"
                },
                "down": {
                    "uv": [
                        2,
                        9.33333,
                        1.33333,
                        10
                    ],
                    "texture": "#0"
                }
            }
        },
        {
            "from": [
                6.5,
                1.6,
                9.5
            ],
            "to": [
                9.5,
                4.6,
                12.5
            ],
            "rotation": {
                "angle": 0,
                "axis": "y",
                "origin": [
                    8,
                    14,
                    11
                ]
            },
            "faces": {
                "north": {
                    "uv": [
                        13,
                        4.66667,
                        14,
                        5.66667
                    ],
                    "texture": "#0"
                },
                "east": {
                    "uv": [
                        12,
                        4.66667,
                        13,
                        5.66667
                    ],
                    "texture": "#0"
                },
                "south": {
                    "uv": [
                        15,
                        4.66667,
                        16,
                        5.66667
                    ],
                    "texture": "#0"
                },
                "west": {
                    "uv": [
                        14,
                        4.66667,
                        15,
                        5.66667
                    ],
                    "texture": "#0"
                },
                "up": {
                    "uv": [
                        14,
                        4.66667,
                        13,
                        3.66667
                    ],
                    "texture": "#0"
                },
                "down": {
                    "uv": [
                        15,
                        3.66667,
                        14,
                        4.66667
                    ],
                    "texture": "#0"
                }
            }
        }
    ],
    "display": {
        "thirdperson_righthand": {
            "translation": [
                0,
                -2.75,
                -2.75
            ],
            "scale": [
                1.3,
                1.3,
                1.3
            ]
        },
        "thirdperson_lefthand": {
            "translation": [
                0,
                -2.75,
                -2.75
            ],
            "scale": [
                1.3,
                1.3,
                1.3
            ]
        },
        "firstperson_righthand": {
            "rotation": [
                12,
                25,
                -46
            ],
            "translation": [
                -6.5,
                -0.25,
                -2
            ]
        },
        "firstperson_lefthand": {
            "rotation": [
                12,
                25,
                -46
            ],
            "translation": [
                -6.5,
                -0.25,
                -2
            ]
        },
        "ground": {
            "rotation": [
                0,
                0,
                45
            ],
            "translation": [
                0,
                2.5,
                -1.5
            ]
        },
        "gui": {
            "rotation": [
                33,
                33,
                -55
            ],
            "translation": [
                -4,
                -1.25,
                0
            ],
            "scale": [
                0.9,
                0.9,
                0.9
            ]
        },
        "head": {
            "translation": [
                0,
                0,
                -12.75
            ]
        },
        "fixed": {
            "rotation": [
                0,
                0,
                35
            ],
            "translation": [
                2.25,
                -3,
                -5.5
            ],
            "scale": [
                1.5,
                1.5,
                1.5
            ]
        }
    },
    "groups": [
        {
            "name": "group",
            "origin": [
                8,
                8,
                8
            ],
            "color": 0,
            "children": [
                {
                    "name": "group",
                    "origin": [
                        8,
                        8,
                        8
                    ],
                    "color": 0,
                    "children": [
                        0,
                        1,
                        2,
                        3,
                        4,
                        5
                    ]
                },
                {
                    "name": "group",
                    "origin": [
                        8,
                        8,
                        8
                    ],
                    "color": 0,
                    "children": [
                        6,
                        7
                    ]
                }
            ]
        }
    ]
}