{
	"credit": "Made with Blockbench",
	"textures": {
		"1": "item/titan/iron_block",
		"2": "item/titan/green_concrete",
		"3": "item/titan/black_concrete",
		"4": "item/titan/white_concrete",
		"5": "item/titan/cobbled_deepslate",
		"particle": "item/titan/green_concrete"
	},
	"elements": [
		{
			"from": [13, -3.22833, 4.92475],
			"to": [22, 6.77167, 14.92475],
			"rotation": {"angle": 22.5, "axis": "x", "origin": [14, 6, 9.1]},
			"faces": {
				"north": {"uv": [0, 0, 16, 16], "texture": "#1"},
				"east": {"uv": [0, 0, 16, 16], "texture": "#1"},
				"south": {"uv": [0, 0, 16, 16], "texture": "#1"},
				"west": {"uv": [0, 0, 16, 16], "texture": "#1"},
				"up": {"uv": [0, 0, 16, 16], "texture": "#1"},
				"down": {"uv": [0, 0, 16, 16], "texture": "#1"}
			}
		},
		{
			"from": [13, -7, 1.75],
			"to": [22, -1, 11.75],
			"rotation": {"angle": 0, "axis": "x", "origin": [14, 6, 9.1]},
			"faces": {
				"north": {"uv": [0, 0, 16, 16], "texture": "#1"},
				"east": {"uv": [0, 0, 16, 16], "texture": "#1"},
				"south": {"uv": [0, 0, 16, 16], "texture": "#1"},
				"west": {"uv": [0, 0, 16, 16], "texture": "#1"},
				"up": {"uv": [0, 0, 16, 16], "texture": "#1"},
				"down": {"uv": [0, 0, 16, 16], "texture": "#1"}
			}
		},
		{
			"from": [13.1, -9.8645, -5.17835],
			"to": [22.1, 2.1355, 2.82165],
			"rotation": {"angle": -45, "axis": "x", "origin": [14, 6, 9.1]},
			"faces": {
				"north": {"uv": [0, 0, 16, 16], "texture": "#1"},
				"east": {"uv": [0, 0, 16, 16], "texture": "#1"},
				"south": {"uv": [0, 0, 16, 16], "texture": "#1"},
				"west": {"uv": [0, 0, 16, 16], "texture": "#1"},
				"up": {"uv": [0, 0, 16, 16], "texture": "#1"},
				"down": {"uv": [0, 0, 16, 16], "texture": "#1"}
			}
		},
		{
			"from": [12, -15.35, 2.5],
			"to": [23, -13.35, 17.5],
			"rotation": {"angle": 0, "axis": "x", "origin": [14, 6, 9.1]},
			"faces": {
				"north": {"uv": [3.9375, 1.625, 4.625, 1.75], "texture": "#1"},
				"east": {"uv": [8.125, 4.9375, 9.0625, 5.0625], "texture": "#3"},
				"south": {"uv": [8.5, 1.125, 9.1875, 1.25], "texture": "#3"},
				"west": {"uv": [8.125, 5.4375, 9.0625, 5.5625], "texture": "#3"},
				"up": {"uv": [0.6875, 4.1875, 0, 3.25], "texture": "#3"},
				"down": {"uv": [4.5, 2.4375, 3.8125, 3.375], "texture": "#3"}
			}
		},
		{
			"from": [13.1, -14.75, 11.9],
			"to": [22.1, -9.75, 15.9],
			"rotation": {"angle": 0, "axis": "x", "origin": [14, 6, 9.1]},
			"faces": {
				"north": {"uv": [0, 0, 16, 16], "texture": "#1"},
				"east": {"uv": [0, 0, 16, 16], "texture": "#1"},
				"south": {"uv": [0, 0, 16, 16], "texture": "#1"},
				"west": {"uv": [0, 0, 16, 16], "texture": "#1"},
				"up": {"uv": [0, 0, 16, 16], "texture": "#1"},
				"down": {"uv": [0, 0, 16, 16], "texture": "#1"}
			}
		},
		{
			"from": [21, -15.35, 9.5],
			"to": [23, -11.35, 14.5],
			"rotation": {"angle": 0, "axis": "x", "origin": [14, 6, 9.1]},
			"faces": {
				"north": {"uv": [0.125, 0.0625, 16.0625, 15.1875], "texture": "#3"},
				"east": {"uv": [0.125, 0.0625, 16.0625, 15.1875], "texture": "#3"},
				"south": {"uv": [0.125, 0.0625, 16.0625, 15.1875], "texture": "#3"},
				"west": {"uv": [0.125, 0.0625, 16.0625, 15.1875], "texture": "#3"},
				"up": {"uv": [0.125, 0.0625, 16.0625, 15.1875], "texture": "#3"},
				"down": {"uv": [0.125, 0.0625, 16.0625, 15.1875], "texture": "#3"}
			}
		},
		{
			"from": [12, -15.35, 9.5],
			"to": [14, -11.35, 14.5],
			"rotation": {"angle": 0, "axis": "x", "origin": [14, 6, 9.1]},
			"faces": {
				"north": {"uv": [8.4375, 9.375, 8.5625, 9.625], "texture": "#3"},
				"east": {"uv": [1.9375, 8.8125, 2.25, 9.0625], "texture": "#1"},
				"south": {"uv": [9.375, 9.0625, 9.5, 9.3125], "texture": "#3"},
				"west": {"uv": [3.5, 8.8125, 3.8125, 9.0625], "texture": "#3"},
				"up": {"uv": [0.5625, 5.25, 0.4375, 4.9375], "texture": "#3"},
				"down": {"uv": [5.875, 6.1875, 5.75, 6.5], "texture": "#3"}
			}
		},
		{
			"from": [15, -13.35, 2.5],
			"to": [20, -11.35, 8.5],
			"rotation": {"angle": 0, "axis": "x", "origin": [14, 6, 9.1]},
			"faces": {
				"north": {"uv": [0, 0, 16, 16], "texture": "#4"},
				"east": {"uv": [0, 0, 16, 16], "texture": "#4"},
				"south": {"uv": [0, 0, 16, 16], "texture": "#4"},
				"west": {"uv": [0, 0, 16, 16], "texture": "#4"},
				"up": {"uv": [0, 0, 16, 16], "texture": "#4"},
				"down": {"uv": [0, 0, 16, 16], "texture": "#4"}
			}
		},
		{
			"from": [15, -9.57527, -7.48561],
			"to": [20, -7.57527, -3.48561],
			"rotation": {"angle": -22.5, "axis": "x", "origin": [14, 6, 9.1]},
			"faces": {
				"north": {"uv": [6.1875, 9.3125, 6.5, 9.4375], "texture": "#3"},
				"east": {"uv": [0, 9.4375, 0.25, 9.5625], "texture": "#3"},
				"south": {"uv": [9.3125, 6.25, 9.625, 6.375], "texture": "#3"},
				"west": {"uv": [9.4375, 0, 9.6875, 0.125], "texture": "#3"},
				"up": {"uv": [6, 9.0625, 5.6875, 8.8125], "texture": "#3"},
				"down": {"uv": [6.3125, 8.8125, 6, 9.0625], "texture": "#3"}
			}
		},
		{
			"from": [15, -15.35, -1],
			"to": [20, -12.85, 5],
			"rotation": {"angle": 0, "axis": "x", "origin": [14, 6, 9.1]},
			"faces": {
				"north": {"uv": [4.8125, 2.25, 5.125, 2.40625], "texture": "#3"},
				"east": {"uv": [6.1875, 9.125, 6.5625, 9.28125], "texture": "#3"},
				"south": {"uv": [1.875, 5.8125, 2.1875, 5.96875], "texture": "#1"},
				"west": {"uv": [6.5625, 9.125, 6.9375, 9.28125], "texture": "#3"},
				"up": {"uv": [8.125, 8.5, 7.8125, 8.125], "texture": "#3"},
				"down": {"uv": [8.4375, 8.125, 8.125, 8.5], "texture": "#3"}
			}
		},
		{
			"from": [20, -13.35, 3.5],
			"to": [23, -12.35, 9.5],
			"rotation": {"angle": 0, "axis": "x", "origin": [14, 6, 9.1]},
			"faces": {
				"north": {"uv": [2.6875, 6.625, 2.875, 6.6875], "texture": "#3"},
				"east": {"uv": [7.9375, 7.1875, 8.3125, 7.25], "texture": "#3"},
				"south": {"uv": [7.75, 6.9375, 7.9375, 7], "texture": "#1"},
				"west": {"uv": [3.0625, 8, 3.4375, 8.0625], "texture": "#1"},
				"up": {"uv": [1.1875, 5.8125, 1, 5.4375], "texture": "#3"},
				"down": {"uv": [4.8125, 9, 4.625, 9.375], "texture": "#1"}
			}
		},
		{
			"from": [20, -9.95796, -6.56173],
			"to": [23, -8.95796, -2.56173],
			"rotation": {"angle": -22.5, "axis": "x", "origin": [14, 6, 9.1]},
			"faces": {
				"north": {"uv": [8.5, 6.1875, 8.6875, 6.25], "texture": "#3"},
				"east": {"uv": [1.1875, 7.875, 1.4375, 7.9375], "texture": "#3"},
				"south": {"uv": [8.5, 7.6875, 8.6875, 7.75], "texture": "#1"},
				"west": {"uv": [8.125, 4.0625, 8.375, 4.125], "texture": "#1"},
				"up": {"uv": [9.4375, 3.3125, 9.25, 3.0625], "texture": "#3"},
				"down": {"uv": [9.4375, 3.3125, 9.25, 3.5625], "texture": "#1"}
			}
		},
		{
			"from": [20, -15.35, 0],
			"to": [23, -13.85, 6],
			"rotation": {"angle": 0, "axis": "x", "origin": [14, 6, 9.1]},
			"faces": {
				"north": {"uv": [9.4375, 5.625, 9.625, 5.71875], "texture": "#3"},
				"east": {"uv": [9.375, 1.9375, 9.75, 2.03125], "texture": "#3"},
				"south": {"uv": [9.4375, 5.75, 9.625, 5.84375], "texture": "#1"},
				"west": {"uv": [2.375, 9.375, 2.75, 9.46875], "texture": "#1"},
				"up": {"uv": [9.1875, 5.9375, 9, 5.5625], "texture": "#3"},
				"down": {"uv": [9.1875, 6.6875, 9, 7.0625], "texture": "#3"}
			}
		},
		{
			"from": [12, -13.35, 3.5],
			"to": [15, -12.35, 9.5],
			"rotation": {"angle": 0, "axis": "x", "origin": [14, 6, 9.1]},
			"faces": {
				"north": {"uv": [8.6875, 2.4375, 8.875, 2.5], "texture": "#3"},
				"east": {"uv": [8.125, 6.1875, 8.5, 6.25], "texture": "#1"},
				"south": {"uv": [8.8125, 7.625, 9, 7.6875], "texture": "#1"},
				"west": {"uv": [8.3125, 2.4375, 8.6875, 2.5], "texture": "#3"},
				"up": {"uv": [7.4375, 9.375, 7.25, 9], "texture": "#3"},
				"down": {"uv": [7.625, 9, 7.4375, 9.375], "texture": "#1"}
			}
		},
		{
			"from": [12, -9.95796, -6.56173],
			"to": [15, -8.95796, -2.56173],
			"rotation": {"angle": -22.5, "axis": "x", "origin": [14, 6, 9.1]},
			"faces": {
				"north": {"uv": [8.5, 3.625, 8.75, 3.6875], "texture": "#3"},
				"east": {"uv": [8.5, 3.625, 8.75, 3.6875], "texture": "#3"},
				"south": {"uv": [7.625, 9.4375, 7.8125, 9.5], "texture": "#1"},
				"west": {"uv": [8.5, 3.625, 8.75, 3.6875], "texture": "#3"},
				"up": {"uv": [8.5, 3.625, 8.75, 3.6875], "texture": "#3"},
				"down": {"uv": [8.5, 3.625, 8.75, 3.6875], "texture": "#3"}
			}
		},
		{
			"from": [12, -15.35, 0],
			"to": [15, -13.85, 6],
			"rotation": {"angle": 0, "axis": "x", "origin": [14, 6, 9.1]},
			"faces": {
				"north": {"uv": [6.1875, 9.4375, 6.375, 9.53125], "texture": "#3"},
				"east": {"uv": [2.75, 9.375, 3.125, 9.46875], "texture": "#1"},
				"south": {"uv": [6.375, 9.4375, 6.5625, 9.53125], "texture": "#1"},
				"west": {"uv": [3.8125, 9.375, 4.1875, 9.46875], "texture": "#3"},
				"up": {"uv": [9.1875, 8, 9, 7.625], "texture": "#3"},
				"down": {"uv": [8.625, 9, 8.4375, 9.375], "texture": "#3"}
			}
		},
		{
			"from": [13.1, -14.75, 12.9],
			"to": [22.1, -12.75, 16.9],
			"rotation": {"angle": 0, "axis": "x", "origin": [14, 6, 9.1]},
			"faces": {
				"north": {"uv": [0.125, 0.0625, 16.0625, 15.1875], "texture": "#3"},
				"east": {"uv": [0.125, 0.0625, 16.0625, 15.1875], "texture": "#3"},
				"south": {"uv": [0.125, 0.0625, 16.0625, 15.1875], "texture": "#3"},
				"west": {"uv": [0.125, 0.0625, 16.0625, 15.1875], "texture": "#3"},
				"up": {"uv": [0.125, 0.0625, 16.0625, 15.1875], "texture": "#3"},
				"down": {"uv": [0.125, 0.0625, 16.0625, 15.1875], "texture": "#3"}
			}
		},
		{
			"from": [15, -13.35, 4.5],
			"to": [20, -9.35, 8.5],
			"rotation": {"angle": 0, "axis": "x", "origin": [14, 6, 9.1]},
			"faces": {
				"north": {"uv": [0, 0, 16, 16], "texture": "#4"},
				"east": {"uv": [0, 0, 16, 16], "texture": "#4"},
				"south": {"uv": [0, 0, 16, 16], "texture": "#4"},
				"west": {"uv": [0, 0, 16, 16], "texture": "#4"},
				"up": {"uv": [0, 0, 16, 16], "texture": "#4"},
				"down": {"uv": [0, 0, 16, 16], "texture": "#4"}
			}
		},
		{
			"from": [22, -1.92177, 5.46595],
			"to": [23, 6.07823, 13.46595],
			"rotation": {"angle": 22.5, "axis": "x", "origin": [14, 6, 9.1]},
			"faces": {
				"north": {"uv": [0, 0, 16, 16], "texture": "#4"},
				"east": {"uv": [0, 0, 16, 16], "texture": "#4"},
				"south": {"uv": [0, 0, 16, 16], "texture": "#4"},
				"west": {"uv": [0, 0, 16, 16], "texture": "#4"},
				"up": {"uv": [0, 0, 16, 16], "texture": "#4"},
				"down": {"uv": [0, 0, 16, 16], "texture": "#4"}
			}
		},
		{
			"from": [0, 8, 2],
			"to": [16, 24, 16],
			"rotation": {"angle": 0, "axis": "y", "origin": [0, 8, 2]},
			"faces": {
				"north": {"uv": [0, 0, 16, 16], "texture": "#1"},
				"east": {"uv": [0, 0, 16, 16], "texture": "#1"},
				"south": {"uv": [0, 0, 16, 16], "texture": "#1"},
				"west": {"uv": [0, 0, 16, 16], "texture": "#1"},
				"up": {"uv": [0, 0, 16, 16], "texture": "#1"},
				"down": {"uv": [0, 0, 16, 16], "texture": "#1"}
			}
		},
		{
			"from": [16, 10, 2],
			"to": [20, 24, 17],
			"rotation": {"angle": 0, "axis": "y", "origin": [16, 10, 0]},
			"faces": {
				"north": {"uv": [0, 0, 15.875, 15.875], "texture": "#1"},
				"east": {"uv": [0, 0, 15.875, 15.875], "texture": "#1"},
				"south": {"uv": [0, 0, 15.875, 15.875], "texture": "#1"},
				"west": {"uv": [0, 0, 15.875, 15.875], "texture": "#1"},
				"up": {"uv": [0, 0, 15.875, 15.875], "texture": "#1"},
				"down": {"uv": [0, 0, 15.875, 15.875], "texture": "#1"}
			}
		},
		{
			"from": [-4, 10, 2],
			"to": [0, 24, 17],
			"rotation": {"angle": 0, "axis": "y", "origin": [-4, 10, 2]},
			"faces": {
				"north": {"uv": [0, 0, 15.875, 15.875], "texture": "#1"},
				"east": {"uv": [0, 0, 15.875, 15.875], "texture": "#1"},
				"south": {"uv": [0, 0, 15.875, 15.875], "texture": "#1"},
				"west": {"uv": [0, 0, 15.875, 15.875], "texture": "#1"},
				"up": {"uv": [0, 0, 15.875, 15.875], "texture": "#1"},
				"down": {"uv": [0, 0, 15.875, 15.875], "texture": "#1"}
			}
		},
		{
			"from": [0, 24, 6],
			"to": [16, 28, 17],
			"rotation": {"angle": 0, "axis": "y", "origin": [0, 24, 6]},
			"faces": {
				"north": {"uv": [0, 0, 15.875, 15.875], "texture": "#1"},
				"east": {"uv": [0, 0, 15.875, 15.875], "texture": "#1"},
				"south": {"uv": [0, 0, 15.875, 15.875], "texture": "#1"},
				"west": {"uv": [0, 0, 15.875, 15.875], "texture": "#1"},
				"up": {"uv": [0, 0, 15.875, 15.875], "texture": "#1"},
				"down": {"uv": [0, 0, 15.875, 15.875], "texture": "#1"}
			}
		},
		{
			"from": [0, 8, 16],
			"to": [16, 28, 18],
			"rotation": {"angle": 0, "axis": "y", "origin": [0, 8, 16]},
			"faces": {
				"north": {"uv": [0, 0, 16, 16], "texture": "#1"},
				"east": {"uv": [0, 0, 16, 16], "texture": "#1"},
				"south": {"uv": [0, 0, 16, 16], "texture": "#1"},
				"west": {"uv": [0, 0, 16, 16], "texture": "#1"},
				"up": {"uv": [0, 0, 16, 16], "texture": "#1"},
				"down": {"uv": [0, 0, 16, 16], "texture": "#1"}
			}
		},
		{
			"from": [0, 19.275, 0.2],
			"to": [16, 28.275, 3.2],
			"rotation": {"angle": 22.5, "axis": "x", "origin": [0, 19.775, 1]},
			"faces": {
				"north": {"uv": [0, 0, 15.9375, 15.5625], "texture": "#1"},
				"east": {"uv": [5.8125, 8, 6, 8.5625], "texture": "#1"},
				"south": {"uv": [3.9375, 0.5625, 4.9375, 1.125], "texture": "#1"},
				"west": {"uv": [6.125, 8, 6.3125, 8.5625], "texture": "#1"},
				"up": {"uv": [8.125, 2.25, 7.125, 2.0625], "texture": "#1"},
				"down": {"uv": [8.125, 3.9375, 7.125, 4.125], "texture": "#1"}
			}
		},
		{
			"from": [0, 26, 3.55],
			"to": [16, 28, 6.55],
			"rotation": {"angle": 0, "axis": "y", "origin": [0, 26, 3.55]},
			"faces": {
				"north": {"uv": [0, 0, 15.875, 15.875], "texture": "#1"},
				"east": {"uv": [0, 0, 15.875, 15.875], "texture": "#1"},
				"south": {"uv": [0, 0, 15.875, 15.875], "texture": "#1"},
				"west": {"uv": [0, 0, 15.875, 15.875], "texture": "#1"},
				"up": {"uv": [0, 0, 15.875, 15.875], "texture": "#1"},
				"down": {"uv": [0, 0, 15.875, 15.875], "texture": "#1"}
			}
		},
		{
			"from": [-1, 9, 18],
			"to": [6, 23, 24],
			"rotation": {"angle": 0, "axis": "y", "origin": [-1, 9, 18]},
			"faces": {
				"north": {"uv": [0, 0, 15.875, 15.875], "texture": "#1"},
				"east": {"uv": [0, 0, 15.875, 15.875], "texture": "#1"},
				"south": {"uv": [0, 0, 15.875, 15.875], "texture": "#1"},
				"west": {"uv": [0, 0, 15.875, 15.875], "texture": "#1"},
				"up": {"uv": [0, 0, 15.875, 15.875], "texture": "#1"},
				"down": {"uv": [0, 0, 15.875, 15.875], "texture": "#1"}
			}
		},
		{
			"from": [0, 11, 24],
			"to": [3, 21, 26],
			"rotation": {"angle": 0, "axis": "y", "origin": [0, 11, 24]},
			"faces": {
				"north": {"uv": [16, 0.375, 0.5, 16], "texture": "#3"},
				"east": {"uv": [16, 0.375, 0.5, 16], "texture": "#3"},
				"south": {"uv": [16, 0.375, 0.5, 16], "texture": "#3"},
				"west": {"uv": [16, 0.375, 0.5, 16], "texture": "#3"},
				"up": {"uv": [16, 0.375, 0.5, 16], "texture": "#3"},
				"down": {"uv": [16, 0.375, 0.5, 16], "texture": "#3"}
			}
		},
		{
			"from": [13, 11, 24],
			"to": [16, 21, 26],
			"rotation": {"angle": 0, "axis": "y", "origin": [13, 11, 24]},
			"faces": {
				"north": {"uv": [16, 0.375, 0.5, 16], "texture": "#3"},
				"east": {"uv": [16, 0.375, 0.5, 16], "texture": "#3"},
				"south": {"uv": [16, 0.375, 0.5, 16], "texture": "#3"},
				"west": {"uv": [16, 0.375, 0.5, 16], "texture": "#3"},
				"up": {"uv": [16, 0.375, 0.5, 16], "texture": "#3"},
				"down": {"uv": [16, 0.375, 0.5, 16], "texture": "#3"}
			}
		},
		{
			"from": [10, 9, 18],
			"to": [17, 23, 24],
			"rotation": {"angle": 0, "axis": "y", "origin": [10, 9, 18]},
			"faces": {
				"north": {"uv": [0, 0, 15.875, 15.875], "texture": "#1"},
				"east": {"uv": [0, 0, 15.875, 15.875], "texture": "#1"},
				"south": {"uv": [0, 0, 15.875, 15.875], "texture": "#1"},
				"west": {"uv": [0, 0, 15.875, 15.875], "texture": "#1"},
				"up": {"uv": [0, 0, 15.875, 15.875], "texture": "#1"},
				"down": {"uv": [0, 0, 15.875, 15.875], "texture": "#1"}
			}
		},
		{
			"from": [0, 24.8, 14.25],
			"to": [16, 27.8, 22.25],
			"rotation": {"angle": 45, "axis": "x", "origin": [0, 24, 16]},
			"faces": {
				"north": {"uv": [0, 0, 15.875, 15.875], "texture": "#1"},
				"east": {"uv": [0, 0, 15.875, 15.875], "texture": "#1"},
				"south": {"uv": [0, 0, 15.875, 15.875], "texture": "#1"},
				"west": {"uv": [0, 0, 15.875, 15.875], "texture": "#1"},
				"up": {"uv": [0, 0, 15.875, 15.875], "texture": "#1"},
				"down": {"uv": [0, 0, 15.875, 15.875], "texture": "#1"}
			}
		},
		{
			"from": [6, 11, 18],
			"to": [10, 22, 23],
			"rotation": {"angle": 0, "axis": "y", "origin": [6, 11, 18]},
			"faces": {
				"north": {"uv": [16, 0.375, 0.5, 16], "texture": "#3"},
				"east": {"uv": [16, 0.375, 0.5, 16], "texture": "#3"},
				"south": {"uv": [16, 0.375, 0.5, 16], "texture": "#3"},
				"west": {"uv": [16, 0.375, 0.5, 16], "texture": "#3"},
				"up": {"uv": [16, 0.375, 0.5, 16], "texture": "#3"},
				"down": {"uv": [16, 0.375, 0.5, 16], "texture": "#3"}
			}
		},
		{
			"from": [2, 28, 11],
			"to": [14, 31, 18],
			"rotation": {"angle": 0, "axis": "y", "origin": [2, 28, 11]},
			"faces": {
				"north": {"uv": [0, 0, 15.875, 15.875], "texture": "#4"},
				"east": {"uv": [0, 0, 15.875, 15.875], "texture": "#4"},
				"south": {"uv": [0, 0, 15.875, 15.875], "texture": "#4"},
				"west": {"uv": [0, 0, 15.875, 15.875], "texture": "#4"},
				"up": {"uv": [0, 0, 15.875, 15.875], "texture": "#4"},
				"down": {"uv": [0, 0, 15.875, 15.875], "texture": "#4"}
			}
		},
		{
			"from": [2, 27.5, 8.2],
			"to": [14, 31.5, 11.2],
			"rotation": {"angle": 45, "axis": "x", "origin": [2, 28, 9]},
			"faces": {
				"north": {"uv": [0, 0, 15.875, 15.875], "texture": "#4"},
				"east": {"uv": [0, 0, 15.875, 15.875], "texture": "#4"},
				"south": {"uv": [0, 0, 15.875, 15.875], "texture": "#4"},
				"west": {"uv": [0, 0, 15.875, 15.875], "texture": "#4"},
				"up": {"uv": [0, 0, 15.875, 15.875], "texture": "#4"},
				"down": {"uv": [0, 0, 15.875, 15.875], "texture": "#4"}
			}
		},
		{
			"from": [12.75, 28.2, 11],
			"to": [18.75, 31.2, 18],
			"rotation": {"angle": -22.5, "axis": "z", "origin": [12.75, 28.2, 11]},
			"faces": {
				"north": {"uv": [0, 0, 15.875, 15.875], "texture": "#4"},
				"east": {"uv": [0, 0, 15.875, 15.875], "texture": "#4"},
				"south": {"uv": [0, 0, 15.875, 15.875], "texture": "#4"},
				"west": {"uv": [0, 0, 15.875, 15.875], "texture": "#4"},
				"up": {"uv": [0, 0, 15.875, 15.875], "texture": "#4"},
				"down": {"uv": [0, 0, 15.875, 15.875], "texture": "#4"}
			}
		},
		{
			"from": [16, 24, 7],
			"to": [19.5, 29, 18],
			"rotation": {"angle": 0, "axis": "y", "origin": [16, 26, 7]},
			"faces": {
				"north": {"uv": [0, 0, 15.875, 15.875], "texture": "#4"},
				"east": {"uv": [0, 0, 15.875, 15.875], "texture": "#4"},
				"south": {"uv": [0, 0, 15.875, 15.875], "texture": "#4"},
				"west": {"uv": [0, 0, 15.875, 15.875], "texture": "#4"},
				"up": {"uv": [0, 0, 15.875, 15.875], "texture": "#4"},
				"down": {"uv": [0, 0, 15.875, 15.875], "texture": "#4"}
			}
		},
		{
			"from": [16, 21.25, -6],
			"to": [19.5, 25.25, 8],
			"rotation": {"angle": -45, "axis": "x", "origin": [16, 26, 3]},
			"faces": {
				"north": {"uv": [0, 0, 15.875, 15.875], "texture": "#4"},
				"east": {"uv": [0, 0, 15.875, 15.875], "texture": "#4"},
				"south": {"uv": [0, 0, 15.875, 15.875], "texture": "#4"},
				"west": {"uv": [0, 0, 15.875, 15.875], "texture": "#4"},
				"up": {"uv": [0, 0, 15.875, 15.875], "texture": "#4"},
				"down": {"uv": [0, 0, 15.875, 15.875], "texture": "#4"}
			}
		},
		{
			"from": [16, 14.1, -2.9],
			"to": [19.5, 19.1, 3.1],
			"rotation": {"angle": 0, "axis": "y", "origin": [16, 14.1, -4.9]},
			"faces": {
				"north": {"uv": [0, 0, 15.875, 15.875], "texture": "#4"},
				"east": {"uv": [0, 0, 15.875, 15.875], "texture": "#4"},
				"south": {"uv": [0, 0, 15.875, 15.875], "texture": "#4"},
				"west": {"uv": [0, 0, 15.875, 15.875], "texture": "#4"},
				"up": {"uv": [0, 0, 15.875, 15.875], "texture": "#4"},
				"down": {"uv": [0, 0, 15.875, 15.875], "texture": "#4"}
			}
		},
		{
			"from": [8.35, 8.7, -2.9],
			"to": [17.35, 11.7, 0.1],
			"rotation": {"angle": 45, "axis": "z", "origin": [12, 14, -3]},
			"faces": {
				"north": {"uv": [0, 0, 15.875, 15.875], "texture": "#4"},
				"east": {"uv": [0, 0, 15.875, 15.875], "texture": "#4"},
				"south": {"uv": [0, 0, 15.875, 15.875], "texture": "#4"},
				"west": {"uv": [0, 0, 15.875, 15.875], "texture": "#4"},
				"up": {"uv": [0, 0, 15.875, 15.875], "texture": "#4"},
				"down": {"uv": [0, 0, 15.875, 15.875], "texture": "#4"}
			}
		},
		{
			"from": [-3.5, 24, 7],
			"to": [0, 29, 18],
			"rotation": {"angle": 0, "axis": "y", "origin": [0, 26, 18]},
			"faces": {
				"north": {"uv": [0, 0, 15.875, 15.875], "texture": "#4"},
				"east": {"uv": [0, 0, 15.875, 15.875], "texture": "#4"},
				"south": {"uv": [0, 0, 15.875, 15.875], "texture": "#4"},
				"west": {"uv": [0, 0, 15.875, 15.875], "texture": "#4"},
				"up": {"uv": [0, 0, 15.875, 15.875], "texture": "#4"},
				"down": {"uv": [0, 0, 15.875, 15.875], "texture": "#4"}
			}
		},
		{
			"from": [-2.75, 28.2, 11],
			"to": [3.25, 31.2, 18],
			"rotation": {"angle": 22.5, "axis": "z", "origin": [3.25, 28.2, 18]},
			"faces": {
				"north": {"uv": [0, 0, 15.875, 15.875], "texture": "#4"},
				"east": {"uv": [0, 0, 15.875, 15.875], "texture": "#4"},
				"south": {"uv": [0, 0, 15.875, 15.875], "texture": "#4"},
				"west": {"uv": [0, 0, 15.875, 15.875], "texture": "#4"},
				"up": {"uv": [0, 0, 15.875, 15.875], "texture": "#4"},
				"down": {"uv": [0, 0, 15.875, 15.875], "texture": "#4"}
			}
		},
		{
			"from": [-3.5, 21.25, -6],
			"to": [0, 25.25, 8],
			"rotation": {"angle": -45, "axis": "x", "origin": [-3.5, 26, 3]},
			"faces": {
				"north": {"uv": [0, 0, 15.875, 15.875], "texture": "#4"},
				"east": {"uv": [0, 0, 15.875, 15.875], "texture": "#4"},
				"south": {"uv": [0, 0, 15.875, 15.875], "texture": "#4"},
				"west": {"uv": [0, 0, 15.875, 15.875], "texture": "#4"},
				"up": {"uv": [0, 0, 15.875, 15.875], "texture": "#4"},
				"down": {"uv": [0, 0, 15.875, 15.875], "texture": "#4"}
			}
		},
		{
			"from": [-3.5, 14.1, -2.9],
			"to": [0, 19.1, 3.1],
			"rotation": {"angle": 0, "axis": "y", "origin": [-3.5, 14.1, -4.9]},
			"faces": {
				"north": {"uv": [0, 0, 15.875, 15.875], "texture": "#4"},
				"east": {"uv": [0, 0, 15.875, 15.875], "texture": "#4"},
				"south": {"uv": [0, 0, 15.875, 15.875], "texture": "#4"},
				"west": {"uv": [0, 0, 15.875, 15.875], "texture": "#4"},
				"up": {"uv": [0, 0, 15.875, 15.875], "texture": "#4"},
				"down": {"uv": [0, 0, 15.875, 15.875], "texture": "#4"}
			}
		},
		{
			"from": [-6.2, 12.15, -2.9],
			"to": [2.8, 15.15, 0.1],
			"rotation": {"angle": -45, "axis": "z", "origin": [-2.55, 9.85, 0.2]},
			"faces": {
				"north": {"uv": [0, 0, 15.875, 15.875], "texture": "#4"},
				"east": {"uv": [0, 0, 15.875, 15.875], "texture": "#4"},
				"south": {"uv": [0, 0, 15.875, 15.875], "texture": "#4"},
				"west": {"uv": [0, 0, 15.875, 15.875], "texture": "#4"},
				"up": {"uv": [0, 0, 15.875, 15.875], "texture": "#4"},
				"down": {"uv": [0, 0, 15.875, 15.875], "texture": "#4"}
			}
		},
		{
			"from": [0, 8, 0.1],
			"to": [16, 20, 2],
			"rotation": {"angle": 0, "axis": "y", "origin": [0, 8, 0.1]},
			"faces": {
				"north": {"uv": [0, 0, 16, 16], "texture": "#1"},
				"east": {"uv": [0, 0, 16, 16], "texture": "#1"},
				"south": {"uv": [0, 0, 16, 16], "texture": "#1"},
				"west": {"uv": [0, 0, 16, 16], "texture": "#1"},
				"up": {"uv": [0, 0, 16, 16], "texture": "#1"},
				"down": {"uv": [0, 0, 16, 16], "texture": "#1"}
			}
		},
		{
			"from": [1, 7, 2.1],
			"to": [15, 8, 16.1],
			"rotation": {"angle": 0, "axis": "y", "origin": [1, 7, 2.1]},
			"faces": {
				"north": {"uv": [0, 0, 16, 16], "texture": "#3"},
				"east": {"uv": [0, 0, 16, 16], "texture": "#3"},
				"south": {"uv": [0, 0, 16, 16], "texture": "#3"},
				"west": {"uv": [0, 0, 16, 16], "texture": "#3"},
				"up": {"uv": [0, 0, 16, 16], "texture": "#3"},
				"down": {"uv": [0, 0, 16, 16], "texture": "#3"}
			}
		},
		{
			"from": [3, 4, 4.1],
			"to": [13, 7, 14.1],
			"rotation": {"angle": 0, "axis": "y", "origin": [3, 4, 4.1]},
			"faces": {
				"north": {"uv": [0, 0, 16, 16], "texture": "#3"},
				"east": {"uv": [0, 0, 16, 16], "texture": "#3"},
				"south": {"uv": [0, 0, 16, 16], "texture": "#3"},
				"west": {"uv": [0, 0, 16, 16], "texture": "#3"},
				"up": {"uv": [0, 0, 16, 16], "texture": "#3"},
				"down": {"uv": [0, 0, 16, 16], "texture": "#3"}
			}
		},
		{
			"from": [6, 4.5, 3.6],
			"to": [10, 8.5, 6.6],
			"rotation": {"angle": -22.5, "axis": "x", "origin": [6, 3.5, 6.6]},
			"faces": {
				"north": {"uv": [16, 16, 0, 0], "texture": "#4"},
				"east": {"uv": [16, 16, 0, 0], "texture": "#4"},
				"south": {"uv": [16, 16, 0, 0], "texture": "#4"},
				"west": {"uv": [16, 16, 0, 0], "texture": "#4"},
				"up": {"uv": [16, 16, 0, 0], "texture": "#4"},
				"down": {"uv": [16, 16, 0, 0], "texture": "#4"}
			}
		},
		{
			"from": [6, 3.25, 11.3],
			"to": [10, 7.25, 14.3],
			"rotation": {"angle": 22.5, "axis": "x", "origin": [6, 2.25, 14.3]},
			"faces": {
				"north": {"uv": [16, 16, 0, 0], "texture": "#4"},
				"east": {"uv": [16, 16, 0, 0], "texture": "#4"},
				"south": {"uv": [16, 16, 0, 0], "texture": "#4"},
				"west": {"uv": [16, 16, 0, 0], "texture": "#4"},
				"up": {"uv": [16, 16, 0, 0], "texture": "#4"},
				"down": {"uv": [16, 16, 0, 0], "texture": "#4"}
			}
		},
		{
			"from": [6, 3, 4.1],
			"to": [10, 4, 14.1],
			"rotation": {"angle": 0, "axis": "y", "origin": [6, 3, 4.1]},
			"faces": {
				"north": {"uv": [16, 16, 0, 0], "texture": "#4"},
				"east": {"uv": [16, 16, 0, 0], "texture": "#4"},
				"south": {"uv": [16, 16, 0, 0], "texture": "#4"},
				"west": {"uv": [16, 16, 0, 0], "texture": "#4"},
				"up": {"uv": [16, 16, 0, 0], "texture": "#4"},
				"down": {"uv": [16, 16, 0, 0], "texture": "#4"}
			}
		},
		{
			"from": [-6, -2.8408, 4.77541],
			"to": [3, 7.1592, 14.77541],
			"rotation": {"angle": 22.5, "axis": "x", "origin": [3.25, 5.81836, 8.05119]},
			"faces": {
				"north": {"uv": [0, 0, 16, 16], "texture": "#1"},
				"east": {"uv": [0, 0, 16, 16], "texture": "#1"},
				"south": {"uv": [0, 0, 16, 16], "texture": "#1"},
				"west": {"uv": [0, 0, 16, 16], "texture": "#1"},
				"up": {"uv": [0, 0, 16, 16], "texture": "#1"},
				"down": {"uv": [0, 0, 16, 16], "texture": "#1"}
			}
		},
		{
			"from": [-7, -1.53423, 5.3166],
			"to": [-6, 6.46577, 13.3166],
			"rotation": {"angle": 22.5, "axis": "x", "origin": [3.25, 5.81836, 8.05119]},
			"faces": {
				"north": {"uv": [0, 0, 16, 16], "texture": "#4"},
				"east": {"uv": [0, 0, 16, 16], "texture": "#4"},
				"south": {"uv": [0, 0, 16, 16], "texture": "#4"},
				"west": {"uv": [0, 0, 16, 16], "texture": "#4"},
				"up": {"uv": [0, 0, 16, 16], "texture": "#4"},
				"down": {"uv": [0, 0, 16, 16], "texture": "#4"}
			}
		},
		{
			"from": [-6, -7, 1.75],
			"to": [3, -1, 11.75],
			"rotation": {"angle": 0, "axis": "x", "origin": [3.25, 5.81836, 8.05119]},
			"faces": {
				"north": {"uv": [0, 0, 16, 16], "texture": "#1"},
				"east": {"uv": [0, 0, 16, 16], "texture": "#1"},
				"south": {"uv": [0, 0, 16, 16], "texture": "#1"},
				"west": {"uv": [0, 0, 16, 16], "texture": "#1"},
				"up": {"uv": [0, 0, 16, 16], "texture": "#1"},
				"down": {"uv": [0, 0, 16, 16], "texture": "#1"}
			}
		},
		{
			"from": [-5.9, -10.65932, -5.3571],
			"to": [3.1, 1.34068, 2.6429],
			"rotation": {"angle": -45, "axis": "x", "origin": [3.25, 5.81836, 8.05119]},
			"faces": {
				"north": {"uv": [0, 0, 16, 16], "texture": "#1"},
				"east": {"uv": [0, 0, 16, 16], "texture": "#1"},
				"south": {"uv": [0, 0, 16, 16], "texture": "#1"},
				"west": {"uv": [0, 0, 16, 16], "texture": "#1"},
				"up": {"uv": [0, 0, 16, 16], "texture": "#1"},
				"down": {"uv": [0, 0, 16, 16], "texture": "#1"}
			}
		},
		{
			"from": [-5.9, -14.75, 11.9],
			"to": [3.1, -9.75, 15.9],
			"rotation": {"angle": 0, "axis": "x", "origin": [3.25, 5.81836, 8.05119]},
			"faces": {
				"north": {"uv": [0, 0, 16, 16], "texture": "#1"},
				"east": {"uv": [0, 0, 16, 16], "texture": "#1"},
				"south": {"uv": [0, 0, 16, 16], "texture": "#1"},
				"west": {"uv": [0, 0, 16, 16], "texture": "#1"},
				"up": {"uv": [0, 0, 16, 16], "texture": "#1"},
				"down": {"uv": [0, 0, 16, 16], "texture": "#1"}
			}
		},
		{
			"from": [-5.9, -14.75, 12.9],
			"to": [3.1, -12.75, 16.9],
			"rotation": {"angle": 0, "axis": "x", "origin": [3.25, 5.81836, 8.05119]},
			"faces": {
				"north": {"uv": [0.125, 0.0625, 16.0625, 15.1875], "texture": "#3"},
				"east": {"uv": [0.125, 0.0625, 16.0625, 15.1875], "texture": "#3"},
				"south": {"uv": [0.125, 0.0625, 16.0625, 15.1875], "texture": "#3"},
				"west": {"uv": [0.125, 0.0625, 16.0625, 15.1875], "texture": "#3"},
				"up": {"uv": [0.125, 0.0625, 16.0625, 15.1875], "texture": "#3"},
				"down": {"uv": [0.125, 0.0625, 16.0625, 15.1875], "texture": "#3"}
			}
		},
		{
			"from": [-7, -15.35, 2.5],
			"to": [4, -13.35, 17.5],
			"rotation": {"angle": 0, "axis": "x", "origin": [3.25, 5.81836, 8.05119]},
			"faces": {
				"north": {"uv": [0.125, 0.0625, 16.0625, 15.1875], "texture": "#3"},
				"east": {"uv": [0.125, 0.0625, 16.0625, 15.1875], "texture": "#3"},
				"south": {"uv": [0.125, 0.0625, 16.0625, 15.1875], "texture": "#3"},
				"west": {"uv": [0.125, 0.0625, 16.0625, 15.1875], "texture": "#3"},
				"up": {"uv": [0.125, 0.0625, 16.0625, 15.1875], "texture": "#3"},
				"down": {"uv": [0.125, 0.0625, 16.0625, 15.1875], "texture": "#3"}
			}
		},
		{
			"from": [2, -15.35, 9.5],
			"to": [4, -11.35, 14.5],
			"rotation": {"angle": 0, "axis": "x", "origin": [3.25, 5.81836, 8.05119]},
			"faces": {
				"north": {"uv": [9.4375, 0.5, 9.5625, 0.75], "texture": "#3"},
				"east": {"uv": [8.8125, 7.375, 9.125, 7.625], "texture": "#3"},
				"south": {"uv": [0.625, 9.4375, 0.75, 9.6875], "texture": "#3"},
				"west": {"uv": [7.8125, 8.8125, 8.125, 9.0625], "texture": "#3"},
				"up": {"uv": [1.8125, 7.375, 1.6875, 7.0625], "texture": "#3"},
				"down": {"uv": [7.1875, 7.6875, 7.0625, 8], "texture": "#3"}
			}
		},
		{
			"from": [1, -13.35, 3.5],
			"to": [4, -12.35, 9.5],
			"rotation": {"angle": 0, "axis": "x", "origin": [3.25, 5.81836, 8.05119]},
			"faces": {
				"north": {"uv": [0.125, 0.0625, 16.0625, 15.1875], "texture": "#3"},
				"east": {"uv": [0.125, 0.0625, 16.0625, 15.1875], "texture": "#3"},
				"south": {"uv": [0.125, 0.0625, 16.0625, 15.1875], "texture": "#3"},
				"west": {"uv": [0.125, 0.0625, 16.0625, 15.1875], "texture": "#3"},
				"up": {"uv": [0.125, 0.0625, 16.0625, 15.1875], "texture": "#3"},
				"down": {"uv": [0.125, 0.0625, 16.0625, 15.1875], "texture": "#3"}
			}
		},
		{
			"from": [1, -15.35, 0],
			"to": [4, -13.85, 6],
			"rotation": {"angle": 0, "axis": "x", "origin": [3.25, 5.81836, 8.05119]},
			"faces": {
				"north": {"uv": [0.125, 0.0625, 16.0625, 15.1875], "texture": "#3"},
				"east": {"uv": [0.125, 0.0625, 16.0625, 15.1875], "texture": "#3"},
				"south": {"uv": [0.125, 0.0625, 16.0625, 15.1875], "texture": "#3"},
				"west": {"uv": [0.125, 0.0625, 16.0625, 15.1875], "texture": "#3"},
				"up": {"uv": [0.125, 0.0625, 16.0625, 15.1875], "texture": "#3"},
				"down": {"uv": [0.125, 0.0625, 16.0625, 15.1875], "texture": "#3"}
			}
		},
		{
			"from": [1, -10.37315, -6.57205],
			"to": [4, -9.37315, -2.57205],
			"rotation": {"angle": -22.5, "axis": "x", "origin": [3.25, 5.81836, 8.05119]},
			"faces": {
				"north": {"uv": [0.125, 0.0625, 16.0625, 15.1875], "texture": "#3"},
				"east": {"uv": [0.125, 0.0625, 16.0625, 15.1875], "texture": "#3"},
				"south": {"uv": [0.125, 0.0625, 16.0625, 15.1875], "texture": "#3"},
				"west": {"uv": [0.125, 0.0625, 16.0625, 15.1875], "texture": "#3"},
				"up": {"uv": [0.125, 0.0625, 16.0625, 15.1875], "texture": "#3"},
				"down": {"uv": [0.125, 0.0625, 16.0625, 15.1875], "texture": "#3"}
			}
		},
		{
			"from": [-4, -13.35, 2.5],
			"to": [1, -11.35, 8.5],
			"rotation": {"angle": 0, "axis": "x", "origin": [3.25, 5.81836, 8.05119]},
			"faces": {
				"north": {"uv": [0, 0, 16, 16], "texture": "#4"},
				"east": {"uv": [0, 0, 16, 16], "texture": "#4"},
				"south": {"uv": [0, 0, 16, 16], "texture": "#4"},
				"west": {"uv": [0, 0, 16, 16], "texture": "#4"},
				"up": {"uv": [0, 0, 16, 16], "texture": "#4"},
				"down": {"uv": [0, 0, 16, 16], "texture": "#4"}
			}
		},
		{
			"from": [-4, -9.99046, -7.49593],
			"to": [1, -7.99046, -3.49593],
			"rotation": {"angle": -22.5, "axis": "x", "origin": [3.25, 5.81836, 8.05119]},
			"faces": {
				"north": {"uv": [0.125, 0.0625, 16.0625, 15.1875], "texture": "#3"},
				"east": {"uv": [0.125, 0.0625, 16.0625, 15.1875], "texture": "#3"},
				"south": {"uv": [0.125, 0.0625, 16.0625, 15.1875], "texture": "#3"},
				"west": {"uv": [0.125, 0.0625, 16.0625, 15.1875], "texture": "#3"},
				"up": {"uv": [0.125, 0.0625, 16.0625, 15.1875], "texture": "#3"},
				"down": {"uv": [0.125, 0.0625, 16.0625, 15.1875], "texture": "#3"}
			}
		},
		{
			"from": [-4, -15.35, -1],
			"to": [1, -12.85, 5],
			"rotation": {"angle": 0, "axis": "x", "origin": [3.25, 5.81836, 8.05119]},
			"faces": {
				"north": {"uv": [0.125, 0.0625, 16.0625, 15.1875], "texture": "#3"},
				"east": {"uv": [0.125, 0.0625, 16.0625, 15.1875], "texture": "#3"},
				"south": {"uv": [0.125, 0.0625, 16.0625, 15.1875], "texture": "#3"},
				"west": {"uv": [0.125, 0.0625, 16.0625, 15.1875], "texture": "#3"},
				"up": {"uv": [0.125, 0.0625, 16.0625, 15.1875], "texture": "#3"},
				"down": {"uv": [0.125, 0.0625, 16.0625, 15.1875], "texture": "#3"}
			}
		},
		{
			"from": [-7, -15.35, 0],
			"to": [-4, -13.85, 6],
			"rotation": {"angle": 0, "axis": "x", "origin": [3.25, 5.81836, 8.05119]},
			"faces": {
				"north": {"uv": [0.125, 0.0625, 16.0625, 15.1875], "texture": "#3"},
				"east": {"uv": [0.125, 0.0625, 16.0625, 15.1875], "texture": "#3"},
				"south": {"uv": [0.125, 0.0625, 16.0625, 15.1875], "texture": "#3"},
				"west": {"uv": [0.125, 0.0625, 16.0625, 15.1875], "texture": "#3"},
				"up": {"uv": [0.125, 0.0625, 16.0625, 15.1875], "texture": "#3"},
				"down": {"uv": [0.125, 0.0625, 16.0625, 15.1875], "texture": "#3"}
			}
		},
		{
			"from": [-7, -10.37315, -6.57205],
			"to": [-4, -9.37315, -2.57205],
			"rotation": {"angle": -22.5, "axis": "x", "origin": [3.25, 5.81836, 8.05119]},
			"faces": {
				"north": {"uv": [0.125, 0.0625, 16.0625, 15.1875], "texture": "#3"},
				"east": {"uv": [0.125, 0.0625, 16.0625, 15.1875], "texture": "#3"},
				"south": {"uv": [0.125, 0.0625, 16.0625, 15.1875], "texture": "#3"},
				"west": {"uv": [0.125, 0.0625, 16.0625, 15.1875], "texture": "#3"},
				"up": {"uv": [0.125, 0.0625, 16.0625, 15.1875], "texture": "#3"},
				"down": {"uv": [0.125, 0.0625, 16.0625, 15.1875], "texture": "#3"}
			}
		},
		{
			"from": [-7, -13.35, 3.5],
			"to": [-4, -12.35, 9.5],
			"rotation": {"angle": 0, "axis": "x", "origin": [3.25, 5.81836, 8.05119]},
			"faces": {
				"north": {"uv": [0.125, 0.0625, 16.0625, 15.1875], "texture": "#3"},
				"east": {"uv": [0.125, 0.0625, 16.0625, 15.1875], "texture": "#3"},
				"south": {"uv": [0.125, 0.0625, 16.0625, 15.1875], "texture": "#3"},
				"west": {"uv": [0.125, 0.0625, 16.0625, 15.1875], "texture": "#3"},
				"up": {"uv": [0.125, 0.0625, 16.0625, 15.1875], "texture": "#3"},
				"down": {"uv": [0.125, 0.0625, 16.0625, 15.1875], "texture": "#3"}
			}
		},
		{
			"from": [-7, -15.35, 9.5],
			"to": [-5, -11.35, 14.5],
			"rotation": {"angle": 0, "axis": "x", "origin": [3.25, 5.81836, 8.05119]},
			"faces": {
				"north": {"uv": [1.125, 9.4375, 1.25, 9.6875], "texture": "#3"},
				"east": {"uv": [8.875, 2.25, 9.1875, 2.5], "texture": "#3"},
				"south": {"uv": [1.25, 9.4375, 1.375, 9.6875], "texture": "#3"},
				"west": {"uv": [2.5625, 8.875, 2.875, 9.125], "texture": "#3"},
				"up": {"uv": [5.1875, 9, 5.0625, 8.6875], "texture": "#3"},
				"down": {"uv": [6.9375, 9.3125, 6.8125, 9.625], "texture": "#3"}
			}
		},
		{
			"from": [-4, -13.35, 4.5],
			"to": [1, -9.35, 8.5],
			"rotation": {"angle": 0, "axis": "x", "origin": [3.25, 5.81836, 8.05119]},
			"faces": {
				"north": {"uv": [0, 0, 16, 16], "texture": "#4"},
				"east": {"uv": [0, 0, 16, 16], "texture": "#4"},
				"south": {"uv": [0, 0, 16, 16], "texture": "#4"},
				"west": {"uv": [0, 0, 16, 16], "texture": "#4"},
				"up": {"uv": [0, 0, 16, 16], "texture": "#4"},
				"down": {"uv": [0, 0, 16, 16], "texture": "#4"}
			}
		},
		{
			"from": [-10, 0.25, 13],
			"to": [4, 5.25, 19],
			"rotation": {"angle": 22.5, "axis": "x", "origin": [-11, 0, 14]},
			"faces": {
				"north": {"uv": [15.4375, 1.375, 0, 15.9375], "texture": "#2"},
				"east": {"uv": [15.4375, 1.375, 0, 15.9375], "texture": "#2"},
				"south": {"uv": [15.4375, 1.375, 0, 15.9375], "texture": "#2"},
				"west": {"uv": [15.4375, 1.375, 0, 15.9375], "texture": "#2"},
				"up": {"uv": [15.4375, 1.375, 0, 15.9375], "texture": "#2"},
				"down": {"uv": [15.4375, 1.375, 0, 15.9375], "texture": "#2"}
			}
		},
		{
			"from": [-15, 21, 10],
			"to": [-4, 25, 16],
			"rotation": {"angle": 0, "axis": "y", "origin": [-15, 21, 10]},
			"faces": {
				"north": {"uv": [0, 0, 16, 16], "texture": "#1"},
				"east": {"uv": [0, 0, 16, 16], "texture": "#1"},
				"south": {"uv": [0, 0, 16, 16], "texture": "#1"},
				"west": {"uv": [0, 0, 16, 16], "texture": "#1"},
				"up": {"uv": [0, 0, 16, 16], "texture": "#1"},
				"down": {"uv": [0, 0, 16, 16], "texture": "#1"}
			}
		},
		{
			"from": [-13, 21.6, 7.8],
			"to": [-5, 26.6, 10.8],
			"rotation": {"angle": 22.5, "axis": "x", "origin": [-15, 21, 7]},
			"faces": {
				"north": {"uv": [0, 0, 16, 16], "texture": "#1"},
				"east": {"uv": [0, 0, 16, 16], "texture": "#1"},
				"south": {"uv": [0, 0, 16, 16], "texture": "#1"},
				"west": {"uv": [0, 0, 16, 16], "texture": "#1"},
				"up": {"uv": [0, 0, 16, 16], "texture": "#1"},
				"down": {"uv": [0, 0, 16, 16], "texture": "#1"}
			}
		},
		{
			"from": [-15.2, 21.95, 10],
			"to": [-7.2, 24.95, 16],
			"rotation": {"angle": 22.5, "axis": "z", "origin": [-15.5, 25.25, 10]},
			"faces": {
				"north": {"uv": [0, 0, 16, 16], "texture": "#1"},
				"east": {"uv": [0, 0, 16, 16], "texture": "#1"},
				"south": {"uv": [0, 0, 16, 16], "texture": "#1"},
				"west": {"uv": [0, 0, 16, 16], "texture": "#1"},
				"up": {"uv": [0, 0, 16, 16], "texture": "#1"},
				"down": {"uv": [0, 0, 16, 16], "texture": "#1"}
			}
		},
		{
			"from": [-15, 20, 10],
			"to": [-8, 21, 16],
			"rotation": {"angle": 0, "axis": "y", "origin": [-15, 20, 10]},
			"faces": {
				"north": {"uv": [0, 0, 16, 16], "texture": "#1"},
				"east": {"uv": [0, 0, 16, 16], "texture": "#1"},
				"south": {"uv": [0, 0, 16, 16], "texture": "#1"},
				"west": {"uv": [0, 0, 16, 16], "texture": "#1"},
				"up": {"uv": [0, 0, 16, 16], "texture": "#1"},
				"down": {"uv": [0, 0, 16, 16], "texture": "#1"}
			}
		},
		{
			"from": [-15, 7, 10],
			"to": [-10, 20, 15],
			"rotation": {"angle": 0, "axis": "y", "origin": [-15, 7, 10]},
			"faces": {
				"north": {"uv": [0, 0, 16, 16], "texture": "#1"},
				"east": {"uv": [0, 0, 16, 16], "texture": "#1"},
				"south": {"uv": [0, 0, 16, 16], "texture": "#1"},
				"west": {"uv": [0, 0, 16, 16], "texture": "#1"},
				"up": {"uv": [0, 0, 16, 16], "texture": "#1"},
				"down": {"uv": [0, 0, 16, 16], "texture": "#1"}
			}
		},
		{
			"from": [-15, 6.5, 1],
			"to": [-10, 11.5, 15],
			"rotation": {"angle": -22.5, "axis": "x", "origin": [-15, 6.5, 14]},
			"faces": {
				"north": {"uv": [0, 0, 16, 16], "texture": "#1"},
				"east": {"uv": [0, 0, 16, 16], "texture": "#1"},
				"south": {"uv": [0, 0, 16, 16], "texture": "#1"},
				"west": {"uv": [0, 0, 16, 16], "texture": "#1"},
				"up": {"uv": [0, 0, 16, 16], "texture": "#1"},
				"down": {"uv": [0, 0, 16, 16], "texture": "#1"}
			}
		},
		{
			"from": [-15, 1.5, -4],
			"to": [-10, 6, 2],
			"rotation": {"angle": 0, "axis": "x", "origin": [-15, 1.5, 3]},
			"faces": {
				"north": {"uv": [0, 0, 16, 16], "texture": "#1"},
				"east": {"uv": [0, 0, 16, 16], "texture": "#1"},
				"south": {"uv": [0, 0, 16, 16], "texture": "#1"},
				"west": {"uv": [0, 0, 16, 16], "texture": "#1"},
				"up": {"uv": [0, 0, 16, 16], "texture": "#1"},
				"down": {"uv": [0, 0, 16, 16], "texture": "#1"}
			}
		},
		{
			"from": [-16, 12, 12],
			"to": [-15, 19, 15],
			"rotation": {"angle": 0, "axis": "y", "origin": [-16, 10, 12]},
			"faces": {
				"north": {"uv": [16, 16, 0, 0], "texture": "#4"},
				"east": {"uv": [16, 16, 0, 0], "texture": "#4"},
				"south": {"uv": [16, 16, 0, 0], "texture": "#4"},
				"west": {"uv": [16, 16, 0, 0], "texture": "#4"},
				"up": {"uv": [16, 16, 0, 0], "texture": "#4"},
				"down": {"uv": [16, 16, 0, 0], "texture": "#4"}
			}
		},
		{
			"from": [-16, 18, 13],
			"to": [-15, 20, 15.5],
			"rotation": {"angle": 0, "axis": "y", "origin": [-16, 18, 13]},
			"faces": {
				"north": {"uv": [16, 16, 0, 0], "texture": "#4"},
				"east": {"uv": [16, 16, 0, 0], "texture": "#4"},
				"south": {"uv": [16, 16, 0, 0], "texture": "#4"},
				"west": {"uv": [16, 16, 0, 0], "texture": "#4"},
				"up": {"uv": [16, 16, 0, 0], "texture": "#4"},
				"down": {"uv": [16, 16, 0, 0], "texture": "#4"}
			}
		},
		{
			"from": [-15, 18, 15],
			"to": [-10, 20, 15.5],
			"rotation": {"angle": 0, "axis": "y", "origin": [-15, 18, 15]},
			"faces": {
				"north": {"uv": [16, 16, 0, 0], "texture": "#4"},
				"east": {"uv": [16, 16, 0, 0], "texture": "#4"},
				"south": {"uv": [16, 16, 0, 0], "texture": "#4"},
				"west": {"uv": [16, 16, 0, 0], "texture": "#4"},
				"up": {"uv": [16, 16, 0, 0], "texture": "#4"},
				"down": {"uv": [16, 16, 0, 0], "texture": "#4"}
			}
		},
		{
			"from": [-16, 15.75, 14.55],
			"to": [-10, 17.75, 15.05],
			"rotation": {"angle": 22.5, "axis": "x", "origin": [-17, 16.75, 15.75]},
			"faces": {
				"north": {"uv": [16, 16, 0, 0], "texture": "#4"},
				"east": {"uv": [16, 16, 0, 0], "texture": "#4"},
				"south": {"uv": [16, 16, 0, 0], "texture": "#4"},
				"west": {"uv": [16, 16, 0, 0], "texture": "#4"},
				"up": {"uv": [16, 16, 0, 0], "texture": "#4"},
				"down": {"uv": [16, 16, 0, 0], "texture": "#4"}
			}
		},
		{
			"from": [-16, 6, 11],
			"to": [-15, 10, 15],
			"rotation": {"angle": -22.5, "axis": "x", "origin": [-16, 5, 12]},
			"faces": {
				"north": {"uv": [16, 16, 0, 0], "texture": "#4"},
				"east": {"uv": [16, 16, 0, 0], "texture": "#4"},
				"south": {"uv": [16, 16, 0, 0], "texture": "#4"},
				"west": {"uv": [16, 16, 0, 0], "texture": "#4"},
				"up": {"uv": [16, 16, 0, 0], "texture": "#4"},
				"down": {"uv": [16, 16, 0, 0], "texture": "#4"}
			}
		},
		{
			"from": [-14.5, 2.5, -10],
			"to": [-14, 5, -4],
			"rotation": {"angle": 0, "axis": "y", "origin": [-14.5, 2.5, -3]},
			"faces": {
				"north": {"uv": [15.59375, 15.875, 0, 0.5], "texture": "#3"},
				"east": {"uv": [15.59375, 15.875, 0, 0.5], "texture": "#3"},
				"south": {"uv": [15.59375, 15.875, 0, 0.5], "texture": "#3"},
				"west": {"uv": [15.59375, 15.875, 0, 0.5], "texture": "#3"},
				"up": {"uv": [15.59375, 15.875, 0, 0.5], "texture": "#3"},
				"down": {"uv": [15.59375, 15.875, 0, 0.5], "texture": "#3"}
			}
		},
		{
			"from": [-13.5, 2.75, -16],
			"to": [-11.5, 4.75, -13],
			"rotation": {"angle": 0, "axis": "y", "origin": [-13.5, 2.75, -15]},
			"faces": {
				"north": {"uv": [15.8125, 15, 0, 0.4375], "texture": "#5"},
				"east": {"uv": [15.8125, 15, 0, 0.4375], "texture": "#5"},
				"south": {"uv": [15.8125, 15, 0, 0.4375], "texture": "#5"},
				"west": {"uv": [15.8125, 15, 0, 0.4375], "texture": "#5"},
				"up": {"uv": [15.8125, 15, 0, 0.4375], "texture": "#5"},
				"down": {"uv": [15.8125, 15, 0, 0.4375], "texture": "#5"}
			}
		},
		{
			"from": [-14, 2.5, -13],
			"to": [-11, 5.5, -4],
			"rotation": {"angle": 0, "axis": "y", "origin": [-14, 2.5, -12]},
			"faces": {
				"north": {"uv": [15.8125, 15, 0, 0.4375], "texture": "#5"},
				"east": {"uv": [15.8125, 15, 0, 0.4375], "texture": "#5"},
				"south": {"uv": [15.8125, 15, 0, 0.4375], "texture": "#5"},
				"west": {"uv": [15.8125, 15, 0, 0.4375], "texture": "#5"},
				"up": {"uv": [15.8125, 15, 0, 0.4375], "texture": "#5"},
				"down": {"uv": [15.8125, 15, 0, 0.4375], "texture": "#5"}
			}
		},
		{
			"from": [-14, 4.25, -5.25],
			"to": [-11, 5.25, -3.25],
			"rotation": {"angle": 22.5, "axis": "x", "origin": [-12.5, 4.25, -10]},
			"faces": {
				"north": {"uv": [2.375, 9.5, 2.5625, 9.5625], "texture": "#1"},
				"east": {"uv": [1.6875, 7.375, 1.8125, 7.4375], "texture": "#1"},
				"south": {"uv": [9.5, 2.4375, 9.6875, 2.5], "texture": "#1"},
				"west": {"uv": [8, 3.0625, 8.125, 3.125], "texture": "#1"},
				"up": {"uv": [9.625, 4.3125, 9.4375, 4.1875], "texture": "#1"},
				"down": {"uv": [9.625, 4.3125, 9.4375, 4.4375], "texture": "#1"}
			}
		},
		{
			"from": [-11, 2.5, -10],
			"to": [-10.5, 5, -4],
			"rotation": {"angle": 0, "axis": "y", "origin": [-11, 2.5, -3]},
			"faces": {
				"north": {"uv": [15.59375, 15.875, 0, 0.5], "texture": "#3"},
				"east": {"uv": [15.59375, 15.875, 0, 0.5], "texture": "#3"},
				"south": {"uv": [15.59375, 15.875, 0, 0.5], "texture": "#3"},
				"west": {"uv": [15.59375, 15.875, 0, 0.5], "texture": "#3"},
				"up": {"uv": [15.59375, 15.875, 0, 0.5], "texture": "#3"},
				"down": {"uv": [15.59375, 15.875, 0, 0.5], "texture": "#3"}
			}
		},
		{
			"from": [-10, 7.5, 1],
			"to": [-9, 10.5, 13],
			"rotation": {"angle": -22.5, "axis": "x", "origin": [-10, 7.5, 14]},
			"faces": {
				"north": {"uv": [16, 16, 0, 0], "texture": "#4"},
				"east": {"uv": [16, 16, 0, 0], "texture": "#4"},
				"south": {"uv": [16, 16, 0, 0], "texture": "#4"},
				"west": {"uv": [16, 16, 0, 0], "texture": "#4"},
				"up": {"uv": [16, 16, 0, 0], "texture": "#4"},
				"down": {"uv": [16, 16, 0, 0], "texture": "#4"}
			}
		},
		{
			"from": [-8, 25, 10],
			"to": [-4, 28, 16],
			"rotation": {"angle": 0, "axis": "y", "origin": [-8, 25, 10]},
			"faces": {
				"north": {"uv": [0, 0, 16, 16], "texture": "#1"},
				"east": {"uv": [0, 0, 16, 16], "texture": "#1"},
				"south": {"uv": [0, 0, 16, 16], "texture": "#1"},
				"west": {"uv": [0, 0, 16, 16], "texture": "#1"},
				"up": {"uv": [0, 0, 16, 16], "texture": "#1"},
				"down": {"uv": [0, 0, 16, 16], "texture": "#1"}
			}
		},
		{
			"from": [-11, 0.90866, 7.80029],
			"to": [-10, 9.90866, 10.80029],
			"rotation": {"angle": 45, "axis": "x", "origin": [-10.5, -1.00425, 4.93198]},
			"faces": {
				"north": {"uv": [15.4375, 1.375, 0, 15.9375], "texture": "#2"},
				"east": {"uv": [15.4375, 1.375, 0, 15.9375], "texture": "#2"},
				"south": {"uv": [15.4375, 1.375, 0, 15.9375], "texture": "#2"},
				"west": {"uv": [15.4375, 1.375, 0, 15.9375], "texture": "#2"},
				"up": {"uv": [15.4375, 1.375, 0, 15.9375], "texture": "#2"},
				"down": {"uv": [15.4375, 1.375, 0, 15.9375], "texture": "#2"}
			}
		},
		{
			"from": [-12, -6.96876, -5.88473],
			"to": [-11, -3.96876, 3.11527],
			"rotation": {"angle": 45, "axis": "x", "origin": [-11.5, -1.00425, 4.93198]},
			"faces": {
				"north": {"uv": [15.4375, 1.375, 0, 15.9375], "texture": "#2"},
				"east": {"uv": [15.4375, 1.375, 0, 15.9375], "texture": "#2"},
				"south": {"uv": [15.4375, 1.375, 0, 15.9375], "texture": "#2"},
				"west": {"uv": [15.4375, 1.375, 0, 15.9375], "texture": "#2"},
				"up": {"uv": [15.4375, 1.375, 0, 15.9375], "texture": "#2"},
				"down": {"uv": [15.4375, 1.375, 0, 15.9375], "texture": "#2"}
			}
		},
		{
			"from": [-11.5, -3.95, -0.65],
			"to": [-10.5, -0.95, 10.35],
			"rotation": {"angle": 0, "axis": "y", "origin": [-11, -1.00425, 4.93198]},
			"faces": {
				"north": {"uv": [15.4375, 1.375, 0, 15.9375], "texture": "#2"},
				"east": {"uv": [15.4375, 1.375, 0, 15.9375], "texture": "#2"},
				"south": {"uv": [15.4375, 1.375, 0, 15.9375], "texture": "#2"},
				"west": {"uv": [15.4375, 1.375, 0, 15.9375], "texture": "#2"},
				"up": {"uv": [15.4375, 1.375, 0, 15.9375], "texture": "#2"},
				"down": {"uv": [15.4375, 1.375, 0, 15.9375], "texture": "#2"}
			}
		},
		{
			"from": [12, 0.25, 13],
			"to": [26, 5.25, 19],
			"rotation": {"angle": 22.5, "axis": "x", "origin": [11, 0, 14]},
			"faces": {
				"north": {"uv": [15.4375, 1.375, 0, 15.9375], "texture": "#2"},
				"east": {"uv": [15.4375, 1.375, 0, 15.9375], "texture": "#2"},
				"south": {"uv": [15.4375, 1.375, 0, 15.9375], "texture": "#2"},
				"west": {"uv": [15.4375, 1.375, 0, 15.9375], "texture": "#2"},
				"up": {"uv": [15.4375, 1.375, 0, 15.9375], "texture": "#2"},
				"down": {"uv": [15.4375, 1.375, 0, 15.9375], "texture": "#2"}
			}
		},
		{
			"from": [20, 21, 10],
			"to": [31, 25, 16],
			"rotation": {"angle": 0, "axis": "y", "origin": [20, 21, 10]},
			"faces": {
				"north": {"uv": [16, 16, 0, 0], "texture": "#1"},
				"east": {"uv": [16, 16, 0, 0], "texture": "#1"},
				"south": {"uv": [16, 16, 0, 0], "texture": "#1"},
				"west": {"uv": [16, 16, 0, 0], "texture": "#1"},
				"up": {"uv": [16, 16, 0, 0], "texture": "#1"},
				"down": {"uv": [16, 16, 0, 0], "texture": "#1"}
			}
		},
		{
			"from": [22.5, 25.25, 10],
			"to": [30.5, 28.25, 16],
			"rotation": {"angle": -22.5, "axis": "z", "origin": [22.5, 25.25, 10]},
			"faces": {
				"north": {"uv": [16, 16, 0, 0], "texture": "#1"},
				"east": {"uv": [16, 16, 0, 0], "texture": "#1"},
				"south": {"uv": [16, 16, 0, 0], "texture": "#1"},
				"west": {"uv": [16, 16, 0, 0], "texture": "#1"},
				"up": {"uv": [16, 16, 0, 0], "texture": "#1"},
				"down": {"uv": [16, 16, 0, 0], "texture": "#1"}
			}
		},
		{
			"from": [25.5, 27.25, 10],
			"to": [29.5, 28.25, 16],
			"rotation": {"angle": -22.5, "axis": "z", "origin": [25.5, 27.25, 10]},
			"faces": {
				"north": {"uv": [9.4375, 7.0625, 9.6875, 7.125], "texture": "#1"},
				"east": {"uv": [9.375, 5.375, 9.75, 5.4375], "texture": "#1"},
				"south": {"uv": [9.4375, 7.125, 9.6875, 7.1875], "texture": "#1"},
				"west": {"uv": [9.4375, 1.375, 9.8125, 1.4375], "texture": "#1"},
				"up": {"uv": [8.875, 8.6875, 8.625, 8.3125], "texture": "#1"},
				"down": {"uv": [8.9375, 0, 8.6875, 0.375], "texture": "#1"}
			}
		},
		{
			"from": [25.75, 25, 10],
			"to": [29.55, 28.2, 16],
			"rotation": {"angle": 0, "axis": "y", "origin": [25.75, 25, 10]},
			"faces": {
				"north": {"uv": [16, 16, 0, 0], "texture": "#1"},
				"east": {"uv": [16, 16, 0, 0], "texture": "#1"},
				"south": {"uv": [16, 16, 0, 0], "texture": "#1"},
				"west": {"uv": [16, 16, 0, 0], "texture": "#1"},
				"up": {"uv": [16, 16, 0, 0], "texture": "#1"},
				"down": {"uv": [16, 16, 0, 0], "texture": "#1"}
			}
		},
		{
			"from": [24, 20, 10],
			"to": [31, 21, 16],
			"rotation": {"angle": 0, "axis": "y", "origin": [24, 20, 10]},
			"faces": {
				"north": {"uv": [16, 16, 0, 0], "texture": "#1"},
				"east": {"uv": [16, 16, 0, 0], "texture": "#1"},
				"south": {"uv": [16, 16, 0, 0], "texture": "#1"},
				"west": {"uv": [16, 16, 0, 0], "texture": "#1"},
				"up": {"uv": [16, 16, 0, 0], "texture": "#1"},
				"down": {"uv": [16, 16, 0, 0], "texture": "#1"}
			}
		},
		{
			"from": [25, 7, 10],
			"to": [30, 20, 15],
			"rotation": {"angle": 0, "axis": "y", "origin": [25, 7, 10]},
			"faces": {
				"north": {"uv": [16, 16, 0, 0], "texture": "#1"},
				"east": {"uv": [16, 16, 0, 0], "texture": "#1"},
				"south": {"uv": [16, 16, 0, 0], "texture": "#1"},
				"west": {"uv": [16, 16, 0, 0], "texture": "#1"},
				"up": {"uv": [16, 16, 0, 0], "texture": "#1"},
				"down": {"uv": [16, 16, 0, 0], "texture": "#1"}
			}
		},
		{
			"from": [25, 6.5, 1],
			"to": [30, 11.5, 15],
			"rotation": {"angle": -22.5, "axis": "x", "origin": [25, 6.5, 14]},
			"faces": {
				"north": {"uv": [16, 16, 0, 0], "texture": "#1"},
				"east": {"uv": [16, 16, 0, 0], "texture": "#1"},
				"south": {"uv": [16, 16, 0, 0], "texture": "#1"},
				"west": {"uv": [16, 16, 0, 0], "texture": "#1"},
				"up": {"uv": [16, 16, 0, 0], "texture": "#1"},
				"down": {"uv": [16, 16, 0, 0], "texture": "#1"}
			}
		},
		{
			"from": [25, 1.5, -4],
			"to": [30, 6, 2],
			"rotation": {"angle": 0, "axis": "y", "origin": [25, 1.5, 3]},
			"faces": {
				"north": {"uv": [16, 16, 0, 0], "texture": "#1"},
				"east": {"uv": [16, 16, 0, 0], "texture": "#1"},
				"south": {"uv": [16, 16, 0, 0], "texture": "#1"},
				"west": {"uv": [16, 16, 0, 0], "texture": "#1"},
				"up": {"uv": [16, 16, 0, 0], "texture": "#1"},
				"down": {"uv": [16, 16, 0, 0], "texture": "#1"}
			}
		},
		{
			"from": [26, 2.5, -13],
			"to": [29, 5.5, -4],
			"rotation": {"angle": 0, "axis": "y", "origin": [26, 2.5, -12]},
			"faces": {
				"north": {"uv": [15.8125, 15, 0, 0.4375], "texture": "#5"},
				"east": {"uv": [15.8125, 15, 0, 0.4375], "texture": "#5"},
				"south": {"uv": [15.8125, 15, 0, 0.4375], "texture": "#5"},
				"west": {"uv": [15.8125, 15, 0, 0.4375], "texture": "#5"},
				"up": {"uv": [15.8125, 15, 0, 0.4375], "texture": "#5"},
				"down": {"uv": [15.8125, 15, 0, 0.4375], "texture": "#5"}
			}
		},
		{
			"from": [26, 4.25, -5.25],
			"to": [29, 5.25, -3.25],
			"rotation": {"angle": 22.5, "axis": "x", "origin": [27.5, 4.25, -10]},
			"faces": {
				"north": {"uv": [8.625, 9.4375, 8.8125, 9.5], "texture": "#1"},
				"east": {"uv": [7, 3.5625, 7.125, 3.625], "texture": "#1"},
				"south": {"uv": [8.8125, 9.4375, 9, 9.5], "texture": "#1"},
				"west": {"uv": [0.25, 7.3125, 0.375, 7.375], "texture": "#1"},
				"up": {"uv": [9.625, 3.1875, 9.4375, 3.0625], "texture": "#1"},
				"down": {"uv": [9.625, 3.1875, 9.4375, 3.3125], "texture": "#1"}
			}
		},
		{
			"from": [26.5, 2.75, -16],
			"to": [28.5, 4.75, -13],
			"rotation": {"angle": 0, "axis": "y", "origin": [26.5, 2.75, -15]},
			"faces": {
				"north": {"uv": [15.8125, 15, 0, 0.4375], "texture": "#5"},
				"east": {"uv": [15.8125, 15, 0, 0.4375], "texture": "#5"},
				"south": {"uv": [15.8125, 15, 0, 0.4375], "texture": "#5"},
				"west": {"uv": [15.8125, 15, 0, 0.4375], "texture": "#5"},
				"up": {"uv": [15.8125, 15, 0, 0.4375], "texture": "#5"},
				"down": {"uv": [15.8125, 15, 0, 0.4375], "texture": "#5"}
			}
		},
		{
			"from": [30, 12, 12],
			"to": [31, 19, 15],
			"rotation": {"angle": 0, "axis": "y", "origin": [30, 10, 12]},
			"faces": {
				"north": {"uv": [16, 16, 0, 0], "texture": "#4"},
				"east": {"uv": [16, 16, 0, 0], "texture": "#4"},
				"south": {"uv": [16, 16, 0, 0], "texture": "#4"},
				"west": {"uv": [16, 16, 0, 0], "texture": "#4"},
				"up": {"uv": [16, 16, 0, 0], "texture": "#4"},
				"down": {"uv": [16, 16, 0, 0], "texture": "#4"}
			}
		},
		{
			"from": [30, 18, 13],
			"to": [31, 20, 15.5],
			"rotation": {"angle": 0, "axis": "y", "origin": [30, 18, 13]},
			"faces": {
				"north": {"uv": [16, 16, 0, 0], "texture": "#4"},
				"east": {"uv": [16, 16, 0, 0], "texture": "#4"},
				"south": {"uv": [16, 16, 0, 0], "texture": "#4"},
				"west": {"uv": [16, 16, 0, 0], "texture": "#4"},
				"up": {"uv": [16, 16, 0, 0], "texture": "#4"},
				"down": {"uv": [16, 16, 0, 0], "texture": "#4"}
			}
		},
		{
			"from": [25, 18, 15],
			"to": [30, 20, 15.5],
			"rotation": {"angle": 0, "axis": "y", "origin": [25, 18, 15]},
			"faces": {
				"north": {"uv": [16, 16, 0, 0], "texture": "#4"},
				"east": {"uv": [16, 16, 0, 0], "texture": "#4"},
				"south": {"uv": [16, 16, 0, 0], "texture": "#4"},
				"west": {"uv": [16, 16, 0, 0], "texture": "#4"},
				"up": {"uv": [16, 16, 0, 0], "texture": "#4"},
				"down": {"uv": [16, 16, 0, 0], "texture": "#4"}
			}
		},
		{
			"from": [25, 15.75, 14.55],
			"to": [31, 17.75, 15.05],
			"rotation": {"angle": 22.5, "axis": "x", "origin": [24, 16.75, 15.75]},
			"faces": {
				"north": {"uv": [16, 16, 0, 0], "texture": "#4"},
				"east": {"uv": [16, 16, 0, 0], "texture": "#4"},
				"south": {"uv": [16, 16, 0, 0], "texture": "#4"},
				"west": {"uv": [16, 16, 0, 0], "texture": "#4"},
				"up": {"uv": [16, 16, 0, 0], "texture": "#4"},
				"down": {"uv": [16, 16, 0, 0], "texture": "#4"}
			}
		},
		{
			"from": [30, 6, 11],
			"to": [31, 10, 15],
			"rotation": {"angle": -22.5, "axis": "x", "origin": [30, 5, 12]},
			"faces": {
				"north": {"uv": [16, 16, 0, 0], "texture": "#4"},
				"east": {"uv": [16, 16, 0, 0], "texture": "#4"},
				"south": {"uv": [16, 16, 0, 0], "texture": "#4"},
				"west": {"uv": [16, 16, 0, 0], "texture": "#4"},
				"up": {"uv": [16, 16, 0, 0], "texture": "#4"},
				"down": {"uv": [16, 16, 0, 0], "texture": "#4"}
			}
		},
		{
			"from": [29, 2.5, -10],
			"to": [29.5, 5, -4],
			"rotation": {"angle": 0, "axis": "y", "origin": [29, 2.5, -3]},
			"faces": {
				"north": {"uv": [15.8125, 15, 0, 0.4375], "texture": "#3"},
				"east": {"uv": [15.8125, 15, 0, 0.4375], "texture": "#3"},
				"south": {"uv": [15.8125, 15, 0, 0.4375], "texture": "#3"},
				"west": {"uv": [15.8125, 15, 0, 0.4375], "texture": "#3"},
				"up": {"uv": [15.8125, 15, 0, 0.4375], "texture": "#3"},
				"down": {"uv": [15.8125, 15, 0, 0.4375], "texture": "#3"}
			}
		},
		{
			"from": [25.5, 2.5, -10],
			"to": [26, 5, -4],
			"rotation": {"angle": 0, "axis": "y", "origin": [25.5, 2.5, -3]},
			"faces": {
				"north": {"uv": [15.8125, 15, 0, 0.4375], "texture": "#3"},
				"east": {"uv": [15.8125, 15, 0, 0.4375], "texture": "#3"},
				"south": {"uv": [15.8125, 15, 0, 0.4375], "texture": "#3"},
				"west": {"uv": [15.8125, 15, 0, 0.4375], "texture": "#3"},
				"up": {"uv": [15.8125, 15, 0, 0.4375], "texture": "#3"},
				"down": {"uv": [15.8125, 15, 0, 0.4375], "texture": "#3"}
			}
		},
		{
			"from": [26.5, -6.96876, -5.88473],
			"to": [27.5, -3.96876, 3.11527],
			"rotation": {"angle": 45, "axis": "x", "origin": [27, -1.00425, 4.93198]},
			"faces": {
				"north": {"uv": [15.4375, 1.375, 0, 15.9375], "texture": "#2"},
				"east": {"uv": [15.4375, 1.375, 0, 15.9375], "texture": "#2"},
				"south": {"uv": [15.4375, 1.375, 0, 15.9375], "texture": "#2"},
				"west": {"uv": [15.4375, 1.375, 0, 15.9375], "texture": "#2"},
				"up": {"uv": [15.4375, 1.375, 0, 15.9375], "texture": "#2"},
				"down": {"uv": [15.4375, 1.375, 0, 15.9375], "texture": "#2"}
			}
		},
		{
			"from": [26.25, -3.95, -0.65],
			"to": [27.25, -0.95, 10.35],
			"rotation": {"angle": 0, "axis": "z", "origin": [26.75, -1.00425, 4.93198]},
			"faces": {
				"north": {"uv": [15.4375, 1.375, 0, 15.9375], "texture": "#2"},
				"east": {"uv": [15.4375, 1.375, 0, 15.9375], "texture": "#2"},
				"south": {"uv": [15.4375, 1.375, 0, 15.9375], "texture": "#2"},
				"west": {"uv": [15.4375, 1.375, 0, 15.9375], "texture": "#2"},
				"up": {"uv": [15.4375, 1.375, 0, 15.9375], "texture": "#2"},
				"down": {"uv": [15.4375, 1.375, 0, 15.9375], "texture": "#2"}
			}
		},
		{
			"from": [26, 0.90866, 7.80029],
			"to": [27, 9.90866, 10.80029],
			"rotation": {"angle": 45, "axis": "x", "origin": [26.5, -1.00425, 4.93198]},
			"faces": {
				"north": {"uv": [15.4375, 1.375, 0, 15.9375], "texture": "#2"},
				"east": {"uv": [15.4375, 1.375, 0, 15.9375], "texture": "#2"},
				"south": {"uv": [15.4375, 1.375, 0, 15.9375], "texture": "#2"},
				"west": {"uv": [15.4375, 1.375, 0, 15.9375], "texture": "#2"},
				"up": {"uv": [15.4375, 1.375, 0, 15.9375], "texture": "#2"},
				"down": {"uv": [15.4375, 1.375, 0, 15.9375], "texture": "#2"}
			}
		},
		{
			"from": [24.75, 28, 9],
			"to": [32, 32, 19],
			"rotation": {"angle": 0, "axis": "y", "origin": [24.75, 28, 9]},
			"faces": {
				"north": {"uv": [0.625, 8.25, 1.07813, 8.5], "texture": "#3"},
				"east": {"uv": [0, 0, 16, 16], "texture": "#1"},
				"south": {"uv": [0, 0, 16, 16], "texture": "#1"},
				"west": {"uv": [0, 0, 16, 16], "texture": "#1"},
				"up": {"uv": [0, 0, 16, 16], "texture": "#1"},
				"down": {"uv": [0, 0, 16, 16], "texture": "#1"}
			}
		},
		{
			"from": [20, 25, 10],
			"to": [24, 28, 16],
			"rotation": {"angle": 0, "axis": "y", "origin": [20, 25, 10]},
			"faces": {
				"north": {"uv": [16, 16, 0, 0], "texture": "#1"},
				"east": {"uv": [16, 16, 0, 0], "texture": "#1"},
				"south": {"uv": [16, 16, 0, 0], "texture": "#1"},
				"west": {"uv": [16, 16, 0, 0], "texture": "#1"},
				"up": {"uv": [16, 16, 0, 0], "texture": "#1"},
				"down": {"uv": [16, 16, 0, 0], "texture": "#1"}
			}
		},
		{
			"from": [24, 7.5, 1],
			"to": [25, 10.5, 13],
			"rotation": {"angle": -22.5, "axis": "x", "origin": [24, 7.5, 14]},
			"faces": {
				"north": {"uv": [16, 16, 0, 0], "texture": "#4"},
				"east": {"uv": [16, 16, 0, 0], "texture": "#4"},
				"south": {"uv": [16, 16, 0, 0], "texture": "#4"},
				"west": {"uv": [16, 16, 0, 0], "texture": "#4"},
				"up": {"uv": [16, 16, 0, 0], "texture": "#4"},
				"down": {"uv": [16, 16, 0, 0], "texture": "#4"}
			}
		},
		{
			"from": [26.5, 30.25, 8.75],
			"to": [27.5, 31.25, 9.25],
			"rotation": {"angle": 0, "axis": "y", "origin": [26.5, 30.25, 8.75]},
			"faces": {
				"north": {"uv": [0.3125, 0, 16, 16], "texture": "#4"},
				"east": {"uv": [7.125, 8, 7.15625, 8.0625], "texture": "#1"},
				"south": {"uv": [4.5, 3.3125, 4.5625, 3.375], "texture": "#1"},
				"west": {"uv": [7.8125, 8.0625, 7.84375, 8.125], "texture": "#1"},
				"up": {"uv": [7.9375, 8.09375, 7.875, 8.0625], "texture": "#1"},
				"down": {"uv": [8.1875, 5.0625, 8.125, 5.09375], "texture": "#1"}
			}
		},
		{
			"from": [28, 30.25, 8.75],
			"to": [29, 31.25, 9.25],
			"rotation": {"angle": 0, "axis": "y", "origin": [28, 30.25, 8.75]},
			"faces": {
				"north": {"uv": [0.3125, 0, 16, 16], "texture": "#4"},
				"east": {"uv": [0.3125, 0, 16, 16], "texture": "#4"},
				"south": {"uv": [0.3125, 0, 16, 16], "texture": "#4"},
				"west": {"uv": [0.3125, 0, 16, 16], "texture": "#4"},
				"up": {"uv": [0.3125, 0, 16, 16], "texture": "#4"},
				"down": {"uv": [0.3125, 0, 16, 16], "texture": "#4"}
			}
		},
		{
			"from": [29.5, 30.25, 8.75],
			"to": [30.5, 31.25, 9.25],
			"rotation": {"angle": 0, "axis": "y", "origin": [29.5, 30.25, 8.75]},
			"faces": {
				"north": {"uv": [0.3125, 0, 16, 16], "texture": "#4"},
				"east": {"uv": [0.3125, 0, 16, 16], "texture": "#4"},
				"south": {"uv": [0.3125, 0, 16, 16], "texture": "#4"},
				"west": {"uv": [0.3125, 0, 16, 16], "texture": "#4"},
				"up": {"uv": [0.3125, 0, 16, 16], "texture": "#4"},
				"down": {"uv": [0.3125, 0, 16, 16], "texture": "#4"}
			}
		},
		{
			"from": [30.75, 30.25, 8.75],
			"to": [31.75, 31.25, 9.25],
			"rotation": {"angle": 0, "axis": "y", "origin": [30.75, 30.25, 8.75]},
			"faces": {
				"north": {"uv": [0.3125, 0, 16, 16], "texture": "#4"},
				"east": {"uv": [0.3125, 0, 16, 16], "texture": "#4"},
				"south": {"uv": [0.3125, 0, 16, 16], "texture": "#4"},
				"west": {"uv": [0.3125, 0, 16, 16], "texture": "#4"},
				"up": {"uv": [0.3125, 0, 16, 16], "texture": "#4"},
				"down": {"uv": [0.3125, 0, 16, 16], "texture": "#4"}
			}
		},
		{
			"from": [25, 30.25, 8.75],
			"to": [26, 31.25, 9.25],
			"rotation": {"angle": 0, "axis": "y", "origin": [25, 30.25, 8.75]},
			"faces": {
				"north": {"uv": [0.3125, 0, 16, 16], "texture": "#4"},
				"east": {"uv": [2.1875, 9.0625, 2.21875, 9.125], "texture": "#1"},
				"south": {"uv": [6.8125, 7.625, 6.875, 7.6875], "texture": "#1"},
				"west": {"uv": [9.0625, 4.5625, 9.09375, 4.625], "texture": "#1"},
				"up": {"uv": [6.25, 9.09375, 6.1875, 9.0625], "texture": "#1"},
				"down": {"uv": [6.3125, 9.0625, 6.25, 9.09375], "texture": "#1"}
			}
		},
		{
			"from": [30, 28.75, 8.75],
			"to": [31, 29.75, 9.25],
			"rotation": {"angle": 0, "axis": "y", "origin": [30, 28.75, 8.75]},
			"faces": {
				"north": {"uv": [0.3125, 0, 16, 16], "texture": "#4"},
				"east": {"uv": [0.3125, 0, 16, 16], "texture": "#4"},
				"south": {"uv": [0.3125, 0, 16, 16], "texture": "#4"},
				"west": {"uv": [0.3125, 0, 16, 16], "texture": "#4"},
				"up": {"uv": [0.3125, 0, 16, 16], "texture": "#4"},
				"down": {"uv": [0.3125, 0, 16, 16], "texture": "#4"}
			}
		},
		{
			"from": [25.75, 28.75, 8.75],
			"to": [26.75, 29.75, 9.25],
			"rotation": {"angle": 0, "axis": "y", "origin": [25.75, 28.75, 8.75]},
			"faces": {
				"north": {"uv": [0.3125, 0, 16, 16], "texture": "#4"},
				"east": {"uv": [7, 9.125, 7.03125, 9.1875], "texture": "#1"},
				"south": {"uv": [5.9375, 7.9375, 6, 8], "texture": "#1"},
				"west": {"uv": [9.125, 7.5625, 9.15625, 7.625], "texture": "#1"},
				"up": {"uv": [9.25, 2.46875, 9.1875, 2.4375], "texture": "#1"},
				"down": {"uv": [9.25, 5.875, 9.1875, 5.90625], "texture": "#1"}
			}
		},
		{
			"from": [28.75, 28.75, 8.75],
			"to": [29.75, 29.75, 9.25],
			"rotation": {"angle": 0, "axis": "y", "origin": [28.75, 28.75, 8.75]},
			"faces": {
				"north": {"uv": [0.3125, 0, 16, 16], "texture": "#4"},
				"east": {"uv": [0.3125, 0, 16, 16], "texture": "#4"},
				"south": {"uv": [0.3125, 0, 16, 16], "texture": "#4"},
				"west": {"uv": [0.3125, 0, 16, 16], "texture": "#4"},
				"up": {"uv": [0.3125, 0, 16, 16], "texture": "#4"},
				"down": {"uv": [0.3125, 0, 16, 16], "texture": "#4"}
			}
		},
		{
			"from": [27.25, 28.75, 8.75],
			"to": [28.25, 29.75, 9.25],
			"rotation": {"angle": 0, "axis": "y", "origin": [27.25, 28.75, 8.75]},
			"faces": {
				"north": {"uv": [0.3125, 0, 16, 16], "texture": "#4"},
				"east": {"uv": [5.625, 9.3125, 5.65625, 9.375], "texture": "#1"},
				"south": {"uv": [7.0625, 8, 7.125, 8.0625], "texture": "#1"},
				"west": {"uv": [9.3125, 9.0625, 9.34375, 9.125], "texture": "#1"},
				"up": {"uv": [4.875, 9.53125, 4.8125, 9.5], "texture": "#1"},
				"down": {"uv": [4.9375, 9.5, 4.875, 9.53125], "texture": "#1"}
			}
		}
	],
	"display": {
		"head": {
			"translation": [0, -10, 0],
			"scale": [1.5, 1.5, 1.5]
		}
	},
	"groups": [
		{
			"name": "group",
			"origin": [-8, 25, 10],
			"color": 0,
			"children": [
				{
					"name": "right_leg",
					"origin": [22, -2, 5.1],
					"color": 0,
					"children": [0, 1, 2, 3, 4, 5, 6, 7, 8, 9, 10, 11, 12, 13, 14, 15, 16, 17, 18]
				},
				{
					"name": "body",
					"origin": [6, 3, 4.1],
					"color": 0,
					"children": [19, 20, 21, 22, 23, 24, 25, 26, 27, 28, 29, 30, 31, 32, 33, 34, 35, 36, 37, 38, 39, 40, 41, 42, 43, 44, 45, 46, 47, 48, 49]
				},
				{
					"name": "left_leg",
					"origin": [-4, -8.35, 3.5],
					"color": 0,
					"children": [50, 51, 52, 53, 54, 55, 56, 57, 58, 59, 60, 61, 62, 63, 64, 65, 66, 67, 68]
				},
				{
					"name": "left_arm",
					"origin": [-11, -1.00425, 4.93198],
					"color": 0,
					"children": [69, 70, 71, 72, 73, 74, 75, 76, 77, 78, 79, 80, 81, 82, 83, 84, 85, 86, 87, 88, 89, 90, 91]
				},
				{
					"name": "right_arm",
					"origin": [24, 7.5, 14],
					"color": 0,
					"children": [92, 93, 94, 95, 96, 97, 98, 99, 100, 101, 102, 103, 104, 105, 106, 107, 108, 109, 110, 111, 112, 113, 114, 115, 116, 117, 118, 119, 120, 121, 122, 123, 124, 125]
				}
			]
		}
	]
}