{
	"credit": "Made with Blockbench",
	"texture_size": [32, 32],
	"textures": {
		"0": "minecraft:item/weapon/sword/17",
		"particle": "minecraft:item/weapon/sword/17"
	},
	"elements": [
		{
			"from": [-3, 0.55, 6.8],
			"to": [14, 1.45, 9.2],
			"rotation": {"angle": 0, "axis": "y", "origin": [18, 0, 7]},
			"faces": {
				"north": {"uv": [0, 0.75, 15.5, 2], "texture": "#0"},
				"east": {"uv": [6, 8.5, 8, 9.75], "texture": "#0"},
				"south": {"uv": [0, 0, 15.5, 1.25], "texture": "#0"},
				"west": {"uv": [4.5, 11, 6.5, 12.25], "texture": "#0"},
				"up": {"uv": [15.5, 2, 0, 0], "texture": "#0"},
				"down": {"uv": [15.5, 0, 0, 2], "texture": "#0"}
			}
		},
		{
			"from": [-9, 0, 7],
			"to": [-5, 2, 9],
			"rotation": {"angle": 0, "axis": "y", "origin": [2, 0, 7]},
			"faces": {
				"north": {"uv": [1, 10, 4.5, 11], "texture": "#0"},
				"east": {"uv": [2, 13.5, 3, 14.5], "texture": "#0"},
				"south": {"uv": [4.5, 10, 8, 11], "texture": "#0"},
				"west": {"uv": [3, 13.5, 4, 14.5], "texture": "#0"},
				"up": {"uv": [12.5, 11, 9, 10], "texture": "#0"},
				"down": {"uv": [4.5, 11, 1, 12], "texture": "#0"}
			}
		},
		{
			"from": [-5, 0, 6.5],
			"to": [-3, 2, 9.5],
			"rotation": {"angle": 0, "axis": "y", "origin": [9, 0, 7]},
			"faces": {
				"north": {"uv": [6, 14, 7, 15], "texture": "#0"},
				"east": {"uv": [12.5, 10, 14, 11], "texture": "#0"},
				"south": {"uv": [7, 14, 8, 15], "texture": "#0"},
				"west": {"uv": [12, 12.5, 13.5, 13.5], "texture": "#0"},
				"up": {"uv": [14, 8.5, 13, 7], "texture": "#0"},
				"down": {"uv": [14, 8.5, 13, 10], "texture": "#0"}
			}
		},
		{
			"from": [-4, 0, 9.5],
			"to": [-2, 2, 10.5],
			"rotation": {"angle": 0, "axis": "y", "origin": [10, 0, 11]},
			"faces": {
				"north": {"uv": [14, 7, 15, 8], "texture": "#0"},
				"east": {"uv": [6, 12.5, 6.5, 13.5], "texture": "#0"},
				"south": {"uv": [14, 8, 15, 9], "texture": "#0"},
				"west": {"uv": [14.5, 11.5, 15, 12.5], "texture": "#0"},
				"up": {"uv": [15.5, 14, 14.5, 13.5], "texture": "#0"},
				"down": {"uv": [15.5, 14, 14.5, 14.5], "texture": "#0"}
			}
		},
		{
			"from": [-4, 0, 5.5],
			"to": [-2, 2, 6.5],
			"rotation": {"angle": 0, "axis": "y", "origin": [10, 0, 7]},
			"faces": {
				"north": {"uv": [14, 9, 15, 10], "texture": "#0"},
				"east": {"uv": [14.5, 14.5, 15, 15.5], "texture": "#0"},
				"south": {"uv": [9.5, 14, 10.5, 15], "texture": "#0"},
				"west": {"uv": [0, 15, 0.5, 16], "texture": "#0"},
				"up": {"uv": [1.5, 15.5, 0.5, 15], "texture": "#0"},
				"down": {"uv": [3.5, 15, 2.5, 15.5], "texture": "#0"}
			}
		},
		{
			"from": [-11, -0.25, 6.75],
			"to": [-8.5, 2.25, 9.25],
			"rotation": {"angle": 0, "axis": "y", "origin": [-10, 1, 14]},
			"faces": {
				"north": {"uv": [10.5, 11, 11.75, 12.25], "texture": "#0"},
				"east": {"uv": [11.5, 7, 12.75, 8.25], "texture": "#0"},
				"south": {"uv": [11.5, 8.5, 12.75, 9.75], "texture": "#0"},
				"west": {"uv": [1, 12, 2.25, 13.25], "texture": "#0"},
				"up": {"uv": [3.75, 13.25, 2.5, 12], "texture": "#0"},
				"down": {"uv": [7.75, 12, 6.5, 13.25], "texture": "#0"}
			}
		},
		{
			"from": [13.75, 1.5, 8.2],
			"to": [16.05, 1.5, 8.9],
			"rotation": {"angle": 22.5, "axis": "y", "origin": [14.55, 1.5, 8.55]},
			"faces": {
				"north": {"uv": [10, 12, 10.5, 12.5], "texture": "#0"},
				"east": {"uv": [14.5, 11, 15.75, 11.5], "texture": "#0"},
				"south": {"uv": [4, 12, 4.5, 12.5], "texture": "#0"},
				"west": {"uv": [2.5, 14.5, 3.75, 15], "texture": "#0"},
				"up": {"uv": [9, 15.75, 8.5, 14.5], "rotation": 180, "texture": "#0"},
				"down": {"uv": [9.5, 14.5, 9, 15.75], "rotation": 180, "texture": "#0"}
			}
		},
		{
			"from": [13.75, 1.5, 7.1],
			"to": [16.05, 1.5, 7.8],
			"rotation": {"angle": -22.5, "axis": "y", "origin": [14.55, 1.5, 7.45]},
			"faces": {
				"north": {"uv": [10, 12, 10.5, 12.5], "texture": "#0"},
				"east": {"uv": [14.5, 11, 15.75, 11.5], "texture": "#0"},
				"south": {"uv": [4, 12, 4.5, 12.5], "texture": "#0"},
				"west": {"uv": [2.5, 14.5, 3.75, 15], "texture": "#0"},
				"up": {"uv": [9, 15.75, 8.5, 14.5], "rotation": 180, "texture": "#0"},
				"down": {"uv": [9.5, 14.5, 9, 15.75], "rotation": 180, "texture": "#0"}
			}
		},
		{
			"from": [13.65, 1.5, 7.4],
			"to": [15.05, 1.5, 8.7],
			"rotation": {"angle": 0, "axis": "y", "origin": [13.55, 1.5, 7.95]},
			"faces": {
				"north": {"uv": [10, 12, 10.5, 12.5], "texture": "#0"},
				"east": {"uv": [14.5, 11, 15.75, 11.5], "texture": "#0"},
				"south": {"uv": [4, 12, 4.5, 12.5], "texture": "#0"},
				"west": {"uv": [2.5, 14.5, 3.75, 15], "texture": "#0"},
				"up": {"uv": [9, 15.75, 8.5, 14.5], "rotation": 180, "texture": "#0"},
				"down": {"uv": [9.5, 14.5, 9, 15.75], "rotation": 180, "texture": "#0"}
			}
		},
		{
			"from": [13.65, 0.5, 7.4],
			"to": [15.05, 0.5, 8.7],
			"rotation": {"angle": 0, "axis": "y", "origin": [13.55, 0.5, 7.95]},
			"faces": {
				"north": {"uv": [10, 12, 10.5, 12.5], "texture": "#0"},
				"east": {"uv": [14.5, 11, 15.75, 11.5], "texture": "#0"},
				"south": {"uv": [4, 12, 4.5, 12.5], "texture": "#0"},
				"west": {"uv": [2.5, 14.5, 3.75, 15], "texture": "#0"},
				"up": {"uv": [9, 15.75, 8.5, 14.5], "rotation": 180, "texture": "#0"},
				"down": {"uv": [9.5, 14.5, 9, 15.75], "rotation": 180, "texture": "#0"}
			}
		},
		{
			"from": [15.72336, 1.5, 7.73394],
			"to": [16.52336, 1.5, 8.13394],
			"rotation": {"angle": -22.5, "axis": "y", "origin": [16.12336, 1.5, 7.93394]},
			"faces": {
				"north": {"uv": [2.5, 14.5, 3.75, 15], "texture": "#0"},
				"east": {"uv": [10, 12, 10.5, 12.5], "texture": "#0"},
				"south": {"uv": [14.5, 11, 15.75, 11.5], "texture": "#0"},
				"west": {"uv": [4, 12, 4.5, 12.5], "texture": "#0"},
				"up": {"uv": [9, 15.75, 8.5, 14.5], "rotation": 270, "texture": "#0"},
				"down": {"uv": [9.5, 14.5, 9, 15.75], "rotation": 90, "texture": "#0"}
			}
		},
		{
			"from": [15.82336, 1.5, 7.83394],
			"to": [16.52336, 1.5, 8.23394],
			"rotation": {"angle": 22.5, "axis": "y", "origin": [16.22336, 1.5, 8.03394]},
			"faces": {
				"north": {"uv": [2.5, 14.5, 3.75, 15], "texture": "#0"},
				"east": {"uv": [10, 12, 10.5, 12.5], "texture": "#0"},
				"south": {"uv": [14.5, 11, 15.75, 11.5], "texture": "#0"},
				"west": {"uv": [4, 12, 4.5, 12.5], "texture": "#0"},
				"up": {"uv": [9, 15.75, 8.5, 14.5], "rotation": 270, "texture": "#0"},
				"down": {"uv": [9.5, 14.5, 9, 15.75], "rotation": 90, "texture": "#0"}
			}
		},
		{
			"from": [13.75, 0.5, 8.2],
			"to": [16.05, 0.5, 8.9],
			"rotation": {"angle": 22.5, "axis": "y", "origin": [14.55, 0.5, 8.55]},
			"faces": {
				"north": {"uv": [10, 12, 10.5, 12.5], "texture": "#0"},
				"east": {"uv": [14.5, 11, 15.75, 11.5], "texture": "#0"},
				"south": {"uv": [4, 12, 4.5, 12.5], "texture": "#0"},
				"west": {"uv": [2.5, 14.5, 3.75, 15], "texture": "#0"},
				"up": {"uv": [9, 15.75, 8.5, 14.5], "rotation": 180, "texture": "#0"},
				"down": {"uv": [9.5, 14.5, 9, 15.75], "rotation": 180, "texture": "#0"}
			}
		},
		{
			"from": [13.75, 0.5, 7.1],
			"to": [16.05, 0.5, 7.8],
			"rotation": {"angle": -22.5, "axis": "y", "origin": [14.55, 0.5, 7.45]},
			"faces": {
				"north": {"uv": [10, 12, 10.5, 12.5], "texture": "#0"},
				"east": {"uv": [14.5, 11, 15.75, 11.5], "texture": "#0"},
				"south": {"uv": [4, 12, 4.5, 12.5], "texture": "#0"},
				"west": {"uv": [2.5, 14.5, 3.75, 15], "texture": "#0"},
				"up": {"uv": [9, 15.75, 8.5, 14.5], "rotation": 180, "texture": "#0"},
				"down": {"uv": [9.5, 14.5, 9, 15.75], "rotation": 180, "texture": "#0"}
			}
		},
		{
			"from": [15.72336, 0.5, 7.73394],
			"to": [16.52336, 0.5, 8.13394],
			"rotation": {"angle": -22.5, "axis": "y", "origin": [16.12336, 0.5, 7.93394]},
			"faces": {
				"north": {"uv": [2.5, 14.5, 3.75, 15], "texture": "#0"},
				"east": {"uv": [10, 12, 10.5, 12.5], "texture": "#0"},
				"south": {"uv": [14.5, 11, 15.75, 11.5], "texture": "#0"},
				"west": {"uv": [4, 12, 4.5, 12.5], "texture": "#0"},
				"up": {"uv": [9, 15.75, 8.5, 14.5], "rotation": 270, "texture": "#0"},
				"down": {"uv": [9.5, 14.5, 9, 15.75], "rotation": 90, "texture": "#0"}
			}
		},
		{
			"from": [15.82336, 0.5, 7.83394],
			"to": [16.52336, 0.5, 8.23394],
			"rotation": {"angle": 22.5, "axis": "y", "origin": [16.22336, 0.5, 8.03394]},
			"faces": {
				"north": {"uv": [2.5, 14.5, 3.75, 15], "texture": "#0"},
				"east": {"uv": [10, 12, 10.5, 12.5], "texture": "#0"},
				"south": {"uv": [14.5, 11, 15.75, 11.5], "texture": "#0"},
				"west": {"uv": [4, 12, 4.5, 12.5], "texture": "#0"},
				"up": {"uv": [9, 15.75, 8.5, 14.5], "rotation": 270, "texture": "#0"},
				"down": {"uv": [9.5, 14.5, 9, 15.75], "rotation": 90, "texture": "#0"}
			}
		},
		{
			"from": [14.08, 0.5, 7.45],
			"to": [17.08, 1.5, 7.45],
			"rotation": {"angle": -22.5, "axis": "y", "origin": [15.5, 0.95, 6.95]},
			"faces": {
				"north": {"uv": [14.5, 11, 15.75, 11.5], "texture": "#0"},
				"east": {"uv": [4, 12, 4.5, 12.5], "texture": "#0"},
				"south": {"uv": [2.5, 14.5, 3.75, 15], "texture": "#0"},
				"west": {"uv": [10, 12, 10.5, 12.5], "texture": "#0"},
				"up": {"uv": [9, 15.75, 8.5, 14.5], "rotation": 90, "texture": "#0"},
				"down": {"uv": [9.5, 14.5, 9, 15.75], "rotation": 270, "texture": "#0"}
			}
		},
		{
			"from": [13.68, 0.5, 8.68],
			"to": [16.78, 1.5, 8.68],
			"rotation": {"angle": 22.5, "axis": "y", "origin": [15.1, 0.95, 8.25]},
			"faces": {
				"north": {"uv": [14.5, 11, 15.75, 11.5], "texture": "#0"},
				"east": {"uv": [4, 12, 4.5, 12.5], "texture": "#0"},
				"south": {"uv": [2.5, 14.5, 3.75, 15], "texture": "#0"},
				"west": {"uv": [10, 12, 10.5, 12.5], "texture": "#0"},
				"up": {"uv": [9, 15.75, 8.5, 14.5], "rotation": 90, "texture": "#0"},
				"down": {"uv": [9.5, 14.5, 9, 15.75], "rotation": 270, "texture": "#0"}
			}
		}
	],
	"display": {
		"thirdperson_righthand": {
			"rotation": [-3, 0, 94],
			"translation": [-8.25, 12.75, 1]
		},
		"thirdperson_lefthand": {
			"rotation": [2, 0, -94],
			"translation": [8.75, 12, 2.25]
		},
		"firstperson_righthand": {
			"rotation": [-3, 0, 94],
			"translation": [-8.25, 13, 1]
		},
		"firstperson_lefthand": {
			"rotation": [2, 0, -94],
			"translation": [8.75, 12, 2.25]
		},
		"ground": {
			"rotation": [0, 0, 45],
			"translation": [0, 14.25, 0]
		},
		"gui": {
			"rotation": [90, 135, 0],
			"translation": [-3, 2.75, 0],
			"scale": [0.7, 0.7, 0.7]
		},
		"fixed": {
			"rotation": [90, 45, 0],
			"translation": [2.75, 2.75, 4.25],
			"scale": [0.8, 0.8, 0.8]
		}
	},
	"groups": [
		{
			"name": "group",
			"origin": [8, 8, 8],
			"color": 0,
			"children": [
				{
					"name": "剑身",
					"origin": [18, 0, 7],
					"color": 0,
					"children": [0]
				},
				{
					"name": "剑柄",
					"origin": [7, 0, 7],
					"color": 0,
					"children": [1, 2, 3, 4, 5]
				},
				{
					"name": "剑尖",
					"origin": [28, 0, 7],
					"color": 0,
					"children": [
						{
							"name": "剑尖上面",
							"origin": [28, 0, 7],
							"color": 0,
							"children": [6, 7, 8, 9, 10, 11]
						},
						{
							"name": "剑尖下面",
							"origin": [28, 0, 7],
							"color": 0,
							"children": [12, 13, 14, 15]
						},
						16,
						17
					]
				}
			]
		}
	]
}