{
  "parent": "minecraft:item/generated",
  "textures": {
    "layer0": "minecraft:item/flint"
  },
  "overrides": [
		{"predicate": {"custom_model_data": 1},"model": "item/nlong"},
    {"predicate": {"custom_model_data": 2},"model": "item/respawn"},
    {"predicate": {"custom_model_data": 3},"model": "item/love"},
    {"predicate": {"custom_model_data": 4},"model": "item/tang"},
    {"predicate": {"custom_model_data": 5},"model": "item/crown"},
    {"predicate": {"custom_model_data": 10001},"model": "item/advancements/advancement1"},
    {"predicate": {"custom_model_data": 10002},"model": "item/advancements/advancement2"},
    {"predicate": {"custom_model_data": 10003},"model": "item/advancements/advancement3"},
    {"predicate": {"custom_model_data": 10004},"model": "item/advancements/advancement4"},
    {"predicate": {"custom_model_data": 10005},"model": "item/advancements/advancement5"},
    {"predicate": {"custom_model_data": 10006},"model": "item/advancements/advancement6"},
    {"predicate": {"custom_model_data": 10007},"model": "item/advancements/advancement7"},
    {"predicate": {"custom_model_data": 10008},"model": "item/advancements/advancement8"},
    {"predicate": {"custom_model_data": 10009},"model": "item/advancements/advancement9"},
    {"predicate": {"custom_model_data": 10010},"model": "item/advancements/advancement10"},
    {"predicate": {"custom_model_data": 10011},"model": "item/advancements/advancement11"},
    {"predicate": {"custom_model_data": 10012},"model": "item/advancements/advancement12"},
    {"predicate": {"custom_model_data": 10013},"model": "item/advancements/advancement13"},
    {"predicate": {"custom_model_data": 10014},"model": "item/advancements/advancement14"},
    {"predicate": {"custom_model_data": 10015},"model": "item/advancements/advancement15"},
    {"predicate": {"custom_model_data": 10016},"model": "item/advancements/advancement16"},
    {"predicate": {"custom_model_data": 10017},"model": "item/advancements/advancement17"},
    {"predicate": {"custom_model_data": 10018},"model": "item/advancements/advancement18"},
    {"predicate": {"custom_model_data": 10019},"model": "item/advancements/advancement19"}
	]
}