{
	"credit": "Made with Blockbench",
	"texture_size": [64, 64],
	"textures": {
		"0": "item/m_launcher/green_shulker_box",
		"1": "item/m_launcher/green_terracotta",
		"2": "item/m_launcher/yellow_wool",
		"3": "item/m_launcher/black_shulker_box",
		"4": "item/m_launcher/horse",
		"particle": "item/m_launcher/green_shulker_box"
	},
	"elements": [
		{
			"from": [5, 1, 0],
			"to": [11, 7, 31],
			"rotation": {"angle": 0, "axis": "y", "origin": [5, 1, 32]},
			"faces": {
				"north": {"uv": [0, 0, 6, 6], "texture": "#1"},
				"east": {"uv": [0, 0, 16, 6], "texture": "#1"},
				"south": {"uv": [0, 0, 6, 6], "texture": "#1"},
				"west": {"uv": [0, 0, 16, 6], "texture": "#1"},
				"up": {"uv": [0, 0, 16, 6], "rotation": 270, "texture": "#1"},
				"down": {"uv": [0, 0, 16, 6], "rotation": 90, "texture": "#1"}
			}
		},
		{
			"from": [3.75, -0.25, 31],
			"to": [12.75, 8.75, 32],
			"rotation": {"angle": 0, "axis": "y", "origin": [3.75, -0.25, 31]},
			"faces": {
				"north": {"uv": [0, 0, 16, 16], "texture": "#0"},
				"east": {"uv": [0, 0, 1, 16], "texture": "#0"},
				"south": {"uv": [0, 0, 16, 16], "texture": "#0"},
				"west": {"uv": [0, 0, 1, 16], "texture": "#0"},
				"up": {"uv": [0, 0, 16, 1], "texture": "#0"},
				"down": {"uv": [0, 0, 16, 1], "texture": "#0"}
			}
		},
		{
			"from": [5.5, 7, 17],
			"to": [10.5, 7.5, 21],
			"rotation": {"angle": 0, "axis": "x", "origin": [5.5, 7, 24]},
			"faces": {
				"north": {"uv": [0, 0, 5, 0.5], "rotation": 180, "texture": "#0"},
				"east": {"uv": [0, 0, 0.5, 4], "rotation": 90, "texture": "#0"},
				"south": {"uv": [0, 0, 5, 0.5], "texture": "#0"},
				"west": {"uv": [0, 0, 0.5, 4], "rotation": 270, "texture": "#0"},
				"up": {"uv": [0, 0, 5, 4], "texture": "#0"},
				"down": {"uv": [0, 0, 5, 4], "rotation": 180, "texture": "#0"}
			}
		},
		{
			"from": [8, -5, 7],
			"to": [10, 1, 9],
			"rotation": {"angle": 0, "axis": "y", "origin": [8, -5, 7]},
			"faces": {
				"north": {"uv": [0, 0, 2, 6], "texture": "#3"},
				"east": {"uv": [0, 0, 2, 6], "texture": "#3"},
				"south": {"uv": [0, 0, 2, 6], "texture": "#3"},
				"west": {"uv": [0, 0, 2, 6], "texture": "#3"},
				"up": {"uv": [0, 0, 2, 2], "texture": "#3"},
				"down": {"uv": [0, 0, 2, 2], "texture": "#3"}
			}
		},
		{
			"from": [11, 1, 6],
			"to": [11.5, 7, 7],
			"rotation": {"angle": 0, "axis": "y", "origin": [11.5, 1, 6]},
			"faces": {
				"north": {"uv": [0, 0, 6, 0.5], "rotation": 90, "texture": "#2"},
				"east": {"uv": [0, 0, 6, 1], "rotation": 270, "texture": "#2"},
				"south": {"uv": [0, 0, 6, 0.5], "rotation": 270, "texture": "#2"},
				"west": {"uv": [0, 0, 6, 1], "rotation": 270, "texture": "#2"},
				"up": {"uv": [0, 0, 1, 0.5], "rotation": 270, "texture": "#2"},
				"down": {"uv": [0, 0, 1, 0.5], "rotation": 270, "texture": "#2"}
			}
		},
		{
			"from": [4.5, 0.5, 6],
			"to": [11.5, 1, 7],
			"rotation": {"angle": 0, "axis": "y", "origin": [4.5, 0.5, 6]},
			"faces": {
				"north": {"uv": [0, 0, 7, 0.5], "texture": "#2"},
				"east": {"uv": [0, 0, 1, 0.5], "texture": "#2"},
				"south": {"uv": [0, 0, 7, 0.5], "texture": "#2"},
				"west": {"uv": [0, 0, 1, 0.5], "texture": "#2"},
				"up": {"uv": [0, 0, 7, 1], "texture": "#2"},
				"down": {"uv": [0, 0, 7, 1], "texture": "#2"}
			}
		},
		{
			"from": [4.5, 1, 6],
			"to": [5, 7, 7],
			"rotation": {"angle": 0, "axis": "z", "origin": [5, 1, 6]},
			"faces": {
				"north": {"uv": [0, 0, 6, 0.5], "rotation": 90, "texture": "#2"},
				"east": {"uv": [0, 0, 6, 1], "rotation": 270, "texture": "#2"},
				"south": {"uv": [0, 0, 6, 0.5], "rotation": 270, "texture": "#2"},
				"west": {"uv": [0, 0, 6, 1], "rotation": 270, "texture": "#2"},
				"up": {"uv": [0, 0, 1, 0.5], "rotation": 270, "texture": "#2"},
				"down": {"uv": [0, 0, 1, 0.5], "rotation": 270, "texture": "#2"}
			}
		},
		{
			"from": [4.5, 7, 6],
			"to": [11.5, 7.5, 7],
			"rotation": {"angle": 0, "axis": "y", "origin": [4.5, 7, 6]},
			"faces": {
				"north": {"uv": [0, 0, 7, 0.5], "texture": "#2"},
				"east": {"uv": [0, 0, 1, 0.5], "texture": "#2"},
				"south": {"uv": [0, 0, 7, 0.5], "texture": "#2"},
				"west": {"uv": [0, 0, 1, 0.5], "texture": "#2"},
				"up": {"uv": [0, 0, 7, 1], "texture": "#2"},
				"down": {"uv": [0, 0, 7, 1], "texture": "#2"}
			}
		},
		{
			"from": [11, 1, 2],
			"to": [11.5, 7, 3],
			"rotation": {"angle": 0, "axis": "y", "origin": [11.5, 1, 2]},
			"faces": {
				"north": {"uv": [0, 0, 6, 0.5], "rotation": 90, "texture": "#2"},
				"east": {"uv": [0, 0, 6, 1], "rotation": 270, "texture": "#2"},
				"south": {"uv": [0, 0, 6, 0.5], "rotation": 270, "texture": "#2"},
				"west": {"uv": [0, 0, 6, 1], "rotation": 270, "texture": "#2"},
				"up": {"uv": [0, 0, 1, 0.5], "rotation": 270, "texture": "#2"},
				"down": {"uv": [0, 0, 1, 0.5], "rotation": 270, "texture": "#2"}
			}
		},
		{
			"from": [4.5, 0.5, 2],
			"to": [11.5, 1, 3],
			"rotation": {"angle": 0, "axis": "y", "origin": [4.5, 0.5, 2]},
			"faces": {
				"north": {"uv": [0, 0, 7, 0.5], "texture": "#2"},
				"east": {"uv": [0, 0, 1, 0.5], "texture": "#2"},
				"south": {"uv": [0, 0, 7, 0.5], "texture": "#2"},
				"west": {"uv": [0, 0, 1, 0.5], "texture": "#2"},
				"up": {"uv": [0, 0, 7, 1], "texture": "#2"},
				"down": {"uv": [0, 0, 7, 1], "texture": "#2"}
			}
		},
		{
			"from": [4.5, 1, 2],
			"to": [5, 7, 3],
			"rotation": {"angle": 0, "axis": "y", "origin": [5, 1, 2]},
			"faces": {
				"north": {"uv": [0, 0, 6, 0.5], "rotation": 90, "texture": "#2"},
				"east": {"uv": [0, 0, 6, 1], "rotation": 270, "texture": "#2"},
				"south": {"uv": [0, 0, 6, 0.5], "rotation": 270, "texture": "#2"},
				"west": {"uv": [0, 0, 6, 1], "rotation": 270, "texture": "#2"},
				"up": {"uv": [0, 0, 1, 0.5], "rotation": 270, "texture": "#2"},
				"down": {"uv": [0, 0, 1, 0.5], "rotation": 270, "texture": "#2"}
			}
		},
		{
			"from": [4.5, 7, 2],
			"to": [11.5, 7.5, 3],
			"rotation": {"angle": 0, "axis": "y", "origin": [4.5, 7, 2]},
			"faces": {
				"north": {"uv": [0, 0, 7, 0.5], "texture": "#2"},
				"east": {"uv": [0, 0, 1, 0.5], "texture": "#2"},
				"south": {"uv": [0, 0, 7, 0.5], "texture": "#2"},
				"west": {"uv": [0, 0, 1, 0.5], "texture": "#2"},
				"up": {"uv": [0, 0, 7, 1], "texture": "#2"},
				"down": {"uv": [0, 0, 7, 1], "texture": "#2"}
			}
		},
		{
			"from": [11, 1, 15],
			"to": [11.5, 7, 16],
			"rotation": {"angle": 0, "axis": "y", "origin": [11.5, 1, 15]},
			"faces": {
				"north": {"uv": [0, 0, 6, 0.5], "rotation": 90, "texture": "#2"},
				"east": {"uv": [0, 0, 6, 1], "rotation": 270, "texture": "#2"},
				"south": {"uv": [0, 0, 6, 0.5], "rotation": 270, "texture": "#2"},
				"west": {"uv": [0, 0, 6, 1], "rotation": 270, "texture": "#2"},
				"up": {"uv": [0, 0, 1, 0.5], "rotation": 270, "texture": "#2"},
				"down": {"uv": [0, 0, 1, 0.5], "rotation": 270, "texture": "#2"}
			}
		},
		{
			"from": [4.5, 0.5, 15],
			"to": [11.5, 1, 16],
			"rotation": {"angle": 0, "axis": "y", "origin": [4.5, 0.5, 15]},
			"faces": {
				"north": {"uv": [0, 0, 7, 0.5], "texture": "#2"},
				"east": {"uv": [0, 0, 1, 0.5], "texture": "#2"},
				"south": {"uv": [0, 0, 7, 0.5], "texture": "#2"},
				"west": {"uv": [0, 0, 1, 0.5], "texture": "#2"},
				"up": {"uv": [0, 0, 7, 1], "texture": "#2"},
				"down": {"uv": [0, 0, 7, 1], "texture": "#2"}
			}
		},
		{
			"from": [4.5, 1, 15],
			"to": [5, 7, 16],
			"rotation": {"angle": 0, "axis": "y", "origin": [5, 1, 15]},
			"faces": {
				"north": {"uv": [0, 0, 6, 0.5], "rotation": 90, "texture": "#2"},
				"east": {"uv": [0, 0, 6, 1], "rotation": 270, "texture": "#2"},
				"south": {"uv": [0, 0, 6, 0.5], "rotation": 270, "texture": "#2"},
				"west": {"uv": [0, 0, 6, 1], "rotation": 270, "texture": "#2"},
				"up": {"uv": [0, 0, 1, 0.5], "rotation": 270, "texture": "#2"},
				"down": {"uv": [0, 0, 1, 0.5], "rotation": 270, "texture": "#2"}
			}
		},
		{
			"from": [4.5, 7, 15],
			"to": [11.5, 7.5, 16],
			"rotation": {"angle": 0, "axis": "y", "origin": [4.5, 7, 15]},
			"faces": {
				"north": {"uv": [0, 0, 7, 0.5], "texture": "#2"},
				"east": {"uv": [0, 0, 1, 0.5], "texture": "#2"},
				"south": {"uv": [0, 0, 7, 0.5], "texture": "#2"},
				"west": {"uv": [0, 0, 1, 0.5], "texture": "#2"},
				"up": {"uv": [0, 0, 7, 1], "texture": "#2"},
				"down": {"uv": [0, 0, 7, 1], "texture": "#2"}
			}
		},
		{
			"from": [6.5, 7, 22],
			"to": [9.5, 7.5, 26],
			"rotation": {"angle": 0, "axis": "y", "origin": [6.5, 7, 29]},
			"faces": {
				"north": {"uv": [0, 0, 3, 0.5], "rotation": 180, "texture": "#0"},
				"east": {"uv": [0, 0, 0.5, 4], "rotation": 90, "texture": "#0"},
				"south": {"uv": [0, 0, 3, 0.5], "texture": "#0"},
				"west": {"uv": [0, 0, 0.5, 4], "rotation": 270, "texture": "#0"},
				"up": {"uv": [0, 0, 3, 4], "texture": "#0"},
				"down": {"uv": [0, 0, 3, 4], "rotation": 180, "texture": "#0"}
			}
		},
		{
			"from": [6.5, 7, 26],
			"to": [7, 7.5, 30],
			"rotation": {"angle": 0, "axis": "y", "origin": [6.5, 7, 33]},
			"faces": {
				"north": {"uv": [0, 0, 0.5, 0.5], "rotation": 180, "texture": "#0"},
				"east": {"uv": [0, 0, 0.5, 4], "rotation": 90, "texture": "#0"},
				"south": {"uv": [0, 0, 0.5, 0.5], "texture": "#0"},
				"west": {"uv": [0, 0, 0.5, 4], "rotation": 270, "texture": "#0"},
				"up": {"uv": [0, 0, 0.5, 4], "texture": "#0"},
				"down": {"uv": [0, 0, 0.5, 4], "rotation": 180, "texture": "#0"}
			}
		},
		{
			"from": [9, 7, 26],
			"to": [9.5, 7.5, 30],
			"rotation": {"angle": 0, "axis": "y", "origin": [9, 7, 33]},
			"faces": {
				"north": {"uv": [0, 0, 0.5, 0.5], "rotation": 180, "texture": "#0"},
				"east": {"uv": [0, 0, 0.5, 4], "rotation": 90, "texture": "#0"},
				"south": {"uv": [0, 0, 0.5, 0.5], "texture": "#0"},
				"west": {"uv": [0, 0, 0.5, 4], "rotation": 270, "texture": "#0"},
				"up": {"uv": [0, 0, 0.5, 4], "texture": "#0"},
				"down": {"uv": [0, 0, 0.5, 4], "rotation": 180, "texture": "#0"}
			}
		},
		{
			"from": [7, 7, 29.5],
			"to": [9, 7.5, 30],
			"rotation": {"angle": 0, "axis": "y", "origin": [7, 7, 36.5]},
			"faces": {
				"north": {"uv": [0, 0, 2, 0.5], "rotation": 180, "texture": "#0"},
				"east": {"uv": [0, 0, 0.5, 0.5], "rotation": 90, "texture": "#0"},
				"south": {"uv": [0, 0, 2, 0.5], "texture": "#0"},
				"west": {"uv": [0, 0, 0.5, 0.5], "rotation": 270, "texture": "#0"},
				"up": {"uv": [0, 0, 2, 0.5], "texture": "#0"},
				"down": {"uv": [0, 0, 2, 0.5], "rotation": 180, "texture": "#0"}
			}
		},
		{
			"name": "Head",
			"from": [4, 0.75, -8],
			"to": [12, 8.75, 0],
			"rotation": {"angle": 0, "axis": "y", "origin": [8, -23.25, -4]},
			"faces": {
				"north": {"uv": [2, 2, 4, 4], "texture": "#4"},
				"east": {"uv": [0, 2, 2, 4], "texture": "#4"},
				"south": {"uv": [6, 2, 8, 4], "texture": "#4"},
				"west": {"uv": [4, 2, 6, 4], "texture": "#4"},
				"up": {"uv": [4, 2, 2, 0], "texture": "#4"},
				"down": {"uv": [6, 0, 4, 2], "texture": "#4"}
			}
		},
		{
			"name": "Hat Layer",
			"from": [3.5, -0.25, -8.5],
			"to": [12.5, 8.75, 0.5],
			"rotation": {"angle": 0, "axis": "y", "origin": [8, -23.25, -4]},
			"faces": {
				"north": {"uv": [10, 2, 12, 4], "texture": "#4"},
				"east": {"uv": [8, 2, 10, 4], "texture": "#4"},
				"south": {"uv": [14, 2, 16, 4], "texture": "#4"},
				"west": {"uv": [12, 2, 14, 4], "texture": "#4"},
				"up": {"uv": [12, 2, 10, 0], "texture": "#4"},
				"down": {"uv": [14, 0, 12, 2], "texture": "#4"}
			}
		}
	],
	"display": {
		"thirdperson_righthand": {
			"rotation": [0, 18, 0],
			"translation": [-0.25, 8.25, 2.25]
		},
		"thirdperson_lefthand": {
			"rotation": [0, 18, 0],
			"translation": [0.25, 8.25, 2.25]
		},
		"firstperson_righthand": {
			"translation": [1.25, 4.75, 0]
		},
		"firstperson_lefthand": {
			"translation": [1.25, 4.75, 0]
		},
		"gui": {
			"rotation": [90, -45, 90],
			"translation": [0, 2.75, 0],
			"scale": [0.5, 0.5, 0.5]
		}
	},
	"groups": [
		{
			"name": "group",
			"origin": [5, 1, 32],
			"color": 0,
			"children": [0]
		},
		{
			"name": "group",
			"origin": [3.75, -0.25, 31],
			"color": 0,
			"children": [1]
		},
		{
			"name": "group",
			"origin": [5.5, 7, 24],
			"color": 0,
			"children": [2]
		},
		{
			"name": "group",
			"origin": [6, -5, 7],
			"color": 0,
			"children": [3]
		},
		{
			"name": "group",
			"origin": [4.5, 7, 6],
			"color": 0,
			"children": [4, 5, 6, 7]
		},
		{
			"name": "group",
			"origin": [4.5, 7, 6],
			"color": 0,
			"children": [8, 9, 10, 11]
		},
		{
			"name": "group",
			"origin": [4.5, 7, 6],
			"color": 0,
			"children": [12, 13, 14, 15]
		},
		{
			"name": "group",
			"origin": [7, 7, 36.5],
			"color": 0,
			"children": [16, 17, 18, 19]
		},
		{
			"name": "head",
			"origin": [0, 0, 0],
			"color": 0,
			"configs": {
				"variants": {}
			},
			"children": [20, 21]
		}
	]
}