{
	"credit": "Made with Blockbench",
	"texture_size": [32, 32],
	"textures": {
		"3": "item/nlong",
		"4": "item/nlong1",
		"5": "item/nlong2"
	},
	"elements": [
		{
			"from": [0, 0, 0],
			"to": [16, 16.5, 16],
			"rotation": {"angle": 0, "axis": "y", "origin": [0, 0, 16]},
			"faces": {
				"north": {"uv": [4, 0, 2, 2], "texture": "#3"},
				"east": {"uv": [2, 2, 0, 4], "texture": "#3"},
				"south": {"uv": [2, 0, 0, 2], "texture": "#3"},
				"west": {"uv": [4, 2, 2, 4], "texture": "#3"},
				"up": {"uv": [2, 4, 0, 6], "texture": "#3"},
				"down": {"uv": [6, 2, 4, 0], "texture": "#3"}
			}
		},
		{
			"from": [1, 16, 1],
			"to": [15, 17.25, 15],
			"rotation": {"angle": 0, "axis": "y", "origin": [1, 16, 15]},
			"faces": {
				"north": {"uv": [9.25, 2.25, 7.5, 2.375], "texture": "#3"},
				"east": {"uv": [9.25, 2.125, 7.5, 2.25], "texture": "#3"},
				"south": {"uv": [9.25, 2, 7.5, 2.125], "texture": "#3"},
				"west": {"uv": [9.25, 2.375, 7.5, 2.5], "texture": "#3"},
				"up": {"uv": [5.5, 4, 3.75, 5.75], "texture": "#3"},
				"down": {"uv": [7.25, 5.625, 5.5, 3.875], "texture": "#3"}
			}
		},
		{
			"from": [2.65, 17, 2.25],
			"to": [13.65, 18.5, 13.25],
			"rotation": {"angle": 0, "axis": "y", "origin": [2.65, 17, 13.25]},
			"faces": {
				"north": {"uv": [9, 3, 7.5, 3.125], "texture": "#3"},
				"east": {"uv": [7.25, 3.75, 5.75, 3.875], "texture": "#3"},
				"south": {"uv": [5.5, 3.875, 4, 4], "texture": "#3"},
				"west": {"uv": [9, 3.125, 7.5, 3.25], "texture": "#3"},
				"up": {"uv": [8.75, 3.75, 7.25, 5.25], "texture": "#3"},
				"down": {"uv": [8.75, 6.75, 7.25, 5.25], "texture": "#3"}
			}
		},
		{
			"from": [4, 17.5, 4],
			"to": [12, 19, 12],
			"rotation": {"angle": 0, "axis": "y", "origin": [4, 17.5, 12]},
			"faces": {
				"north": {"uv": [9, 3, 7.5, 3.125], "texture": "#3"},
				"east": {"uv": [7.25, 3.75, 5.75, 3.875], "texture": "#3"},
				"south": {"uv": [5.5, 3.875, 4, 4], "texture": "#3"},
				"west": {"uv": [9, 3.125, 7.5, 3.25], "texture": "#3"},
				"up": {"uv": [8.75, 3.75, 7.25, 5.25], "texture": "#3"},
				"down": {"uv": [8.75, 6.75, 7.25, 5.25], "texture": "#3"}
			}
		},
		{
			"from": [5, 18, 5],
			"to": [11, 19.5, 11],
			"rotation": {"angle": 0, "axis": "y", "origin": [5, 18, 11]},
			"faces": {
				"north": {"uv": [9, 3, 7.5, 3.125], "texture": "#3"},
				"east": {"uv": [7.25, 3.75, 5.75, 3.875], "texture": "#3"},
				"south": {"uv": [5.5, 3.875, 4, 4], "texture": "#3"},
				"west": {"uv": [9, 3.125, 7.5, 3.25], "texture": "#3"},
				"up": {"uv": [8.75, 3.75, 7.25, 5.25], "texture": "#3"},
				"down": {"uv": [8.75, 6.75, 7.25, 5.25], "texture": "#3"}
			}
		},
		{
			"from": [1, -1, 0],
			"to": [15, 0, 15],
			"rotation": {"angle": 0, "axis": "y", "origin": [1, -1, 15]},
			"faces": {
				"north": {"uv": [9.25, 2.625, 7.5, 2.75], "texture": "#3"},
				"east": {"uv": [7.875, 1.75, 6, 1.875], "texture": "#3"},
				"south": {"uv": [9.25, 2.5, 7.5, 2.625], "texture": "#3"},
				"west": {"uv": [7.875, 1.875, 6, 2], "texture": "#3"},
				"up": {"uv": [3.75, 4, 2, 5.875], "texture": "#3"},
				"down": {"uv": [5.75, 3.875, 4, 2], "texture": "#3"}
			}
		},
		{
			"from": [1, 1, -1],
			"to": [15, 15, 0],
			"rotation": {"angle": 0, "axis": "y", "origin": [1, 1, 0]},
			"faces": {
				"north": {"uv": [7.5, 2, 5.75, 3.75], "texture": "#3"},
				"east": {"uv": [1.875, 6, 1.75, 7.75], "texture": "#3"},
				"south": {"uv": [7.25, 5.625, 5.5, 7.375], "texture": "#3"},
				"west": {"uv": [2, 6, 1.875, 7.75], "texture": "#3"},
				"up": {"uv": [9.25, 2.75, 7.5, 2.875], "texture": "#3"},
				"down": {"uv": [9.25, 3, 7.5, 2.875], "texture": "#3"}
			}
		},
		{
			"from": [-1, 1, 1],
			"to": [0, 15, 15],
			"rotation": {"angle": 0, "axis": "y", "origin": [0, 1, 15]},
			"faces": {
				"north": {"uv": [7.25, 7.375, 7.125, 9.125], "texture": "#3"},
				"east": {"uv": [5.5, 5.75, 3.75, 7.5], "texture": "#3"},
				"south": {"uv": [7.125, 7.375, 7, 9.125], "texture": "#3"},
				"west": {"uv": [3.75, 5.875, 2, 7.625], "texture": "#3"},
				"up": {"uv": [3.875, 7.5, 3.75, 9.25], "texture": "#3"},
				"down": {"uv": [4, 9.25, 3.875, 7.5], "texture": "#3"}
			}
		},
		{
			"from": [16, 1, 1],
			"to": [17, 15, 15],
			"rotation": {"angle": 0, "axis": "y", "origin": [17, 1, 15]},
			"faces": {
				"north": {"uv": [4.25, 7.5, 4.125, 9.25], "texture": "#3"},
				"east": {"uv": [1.75, 6, 0, 7.75], "texture": "#3"},
				"south": {"uv": [4.125, 7.5, 4, 9.25], "texture": "#3"},
				"west": {"uv": [7.75, 0, 6, 1.75], "texture": "#3"},
				"up": {"uv": [4.375, 7.5, 4.25, 9.25], "texture": "#3"},
				"down": {"uv": [4.5, 9.25, 4.375, 7.5], "texture": "#3"}
			}
		},
		{
			"from": [0.2, 0.2, 16],
			"to": [15.7, 15.8, 16.5],
			"rotation": {"angle": 0, "axis": "y", "origin": [0.2, 0.2, 16.5]},
			"faces": {
				"north": {"uv": [4, 0, 2, 2], "texture": "#3"},
				"east": {"uv": [2, 2, 0, 4], "texture": "#3"},
				"south": {"uv": [2, 0, 0, 2], "texture": "#3"},
				"west": {"uv": [4, 2, 2, 4], "texture": "#3"},
				"up": {"uv": [2, 4, 0, 6], "texture": "#3"},
				"down": {"uv": [6, 2, 4, 0], "texture": "#3"}
			}
		},
		{
			"from": [0.7, 0.2, 16.5],
			"to": [15.2, 14.8, 17],
			"rotation": {"angle": 0, "axis": "y", "origin": [0.7, 0.2, 17]},
			"faces": {
				"north": {"uv": [4, 0, 2, 2], "texture": "#3"},
				"east": {"uv": [2, 2, 0, 4], "texture": "#3"},
				"south": {"uv": [2, 0, 0, 2], "texture": "#3"},
				"west": {"uv": [4, 2, 2, 4], "texture": "#3"},
				"up": {"uv": [2, 4, 0, 6], "texture": "#3"},
				"down": {"uv": [6, 2, 4, 0], "texture": "#3"}
			}
		},
		{
			"from": [4, 4.4, 17],
			"to": [12, 4.9, 17.2],
			"rotation": {"angle": 0, "axis": "y", "origin": [4.25, 3.25, 17.2]},
			"faces": {
				"north": {"uv": [8, 1, 0, 2], "texture": "#4"},
				"east": {"uv": [3, 6, 2, 7], "texture": "#4"},
				"south": {"uv": [8, 0, 0, 1], "texture": "#4"},
				"west": {"uv": [4, 6, 3, 7], "texture": "#4"},
				"up": {"uv": [8, 2, 0, 3], "texture": "#4"},
				"down": {"uv": [8, 4, 0, 3], "texture": "#4"}
			}
		},
		{
			"from": [5.4, 1.65, 17],
			"to": [10.5, 2.15, 17.2],
			"rotation": {"angle": 0, "axis": "y", "origin": [5.65, 1.9, 17.2]},
			"faces": {
				"north": {"uv": [5, 5, 0, 6], "texture": "#4"},
				"east": {"uv": [1, 6, 0, 7], "texture": "#4"},
				"south": {"uv": [5, 4, 0, 5], "texture": "#4"},
				"west": {"uv": [2, 6, 1, 7], "texture": "#4"},
				"up": {"uv": [10, 4, 5, 5], "texture": "#4"},
				"down": {"uv": [10, 6, 5, 5], "texture": "#4"}
			}
		},
		{
			"from": [11.35, 3.2, 17],
			"to": [11.85, 4.45, 17.2],
			"rotation": {"angle": 0, "axis": "y", "origin": [8.85, 3, 17.2]},
			"faces": {
				"north": {"uv": [7, 6, 6, 7], "texture": "#4"},
				"east": {"uv": [6, 6, 5, 7], "texture": "#4"},
				"south": {"uv": [5, 6, 4, 7], "texture": "#4"},
				"west": {"uv": [1, 7, 0, 8], "texture": "#4"},
				"up": {"uv": [2, 7, 1, 8], "texture": "#4"},
				"down": {"uv": [3, 8, 2, 7], "texture": "#4"}
			}
		},
		{
			"from": [11.1, 2.2, 17],
			"to": [11.6, 3.2, 17.2],
			"rotation": {"angle": 0, "axis": "y", "origin": [14.1, 2, 16.95]},
			"faces": {
				"north": {"uv": [6, 7, 5, 8], "texture": "#4"},
				"east": {"uv": [5, 7, 4, 8], "texture": "#4"},
				"south": {"uv": [4, 7, 3, 8], "texture": "#4"},
				"west": {"uv": [7, 7, 6, 8], "texture": "#4"},
				"up": {"uv": [8, 6, 7, 7], "texture": "#4"},
				"down": {"uv": [8, 8, 7, 7], "texture": "#4"}
			}
		},
		{
			"from": [4.15, 3.2, 17],
			"to": [4.65, 4.45, 17.2],
			"rotation": {"angle": 0, "axis": "y", "origin": [7.15, 3, 17.2]},
			"faces": {
				"north": {"uv": [2, 8, 1, 9], "texture": "#4"},
				"east": {"uv": [9, 0, 8, 1], "texture": "#4"},
				"south": {"uv": [1, 8, 0, 9], "texture": "#4"},
				"west": {"uv": [9, 1, 8, 2], "texture": "#4"},
				"up": {"uv": [3, 8, 2, 9], "texture": "#4"},
				"down": {"uv": [9, 3, 8, 2], "texture": "#4"}
			}
		},
		{
			"from": [4.3, 1.95, 17],
			"to": [5.4, 2.2, 17.2],
			"rotation": {"angle": 0, "axis": "y", "origin": [2.15, 1.75, 17.3]},
			"faces": {
				"north": {"uv": [5, 8, 4, 9], "texture": "#4"},
				"east": {"uv": [9, 3, 8, 4], "texture": "#4"},
				"south": {"uv": [4, 8, 3, 9], "texture": "#4"},
				"west": {"uv": [6, 8, 5, 9], "texture": "#4"},
				"up": {"uv": [7, 8, 6, 9], "texture": "#4"},
				"down": {"uv": [9, 7, 8, 6], "texture": "#4"}
			}
		},
		{
			"from": [4.3, 2.2, 17],
			"to": [4.8, 3.2, 17.2],
			"rotation": {"angle": 0, "axis": "y", "origin": [1.8, 2, 16.95]},
			"faces": {
				"north": {"uv": [9, 8, 8, 9], "texture": "#4"},
				"east": {"uv": [9, 7, 8, 8], "texture": "#4"},
				"south": {"uv": [8, 8, 7, 9], "texture": "#4"},
				"west": {"uv": [1, 9, 0, 10], "texture": "#4"},
				"up": {"uv": [10, 0, 9, 1], "texture": "#4"},
				"down": {"uv": [2, 10, 1, 9], "texture": "#4"}
			}
		},
		{
			"from": [10.5, 1.95, 17],
			"to": [11.6, 2.2, 17.2],
			"rotation": {"angle": 0, "axis": "y", "origin": [13.75, 1.75, 17.3]},
			"faces": {
				"north": {"uv": [10, 2, 9, 3], "texture": "#4"},
				"east": {"uv": [3, 9, 2, 10], "texture": "#4"},
				"south": {"uv": [10, 1, 9, 2], "texture": "#4"},
				"west": {"uv": [4, 9, 3, 10], "texture": "#4"},
				"up": {"uv": [10, 3, 9, 4], "texture": "#4"},
				"down": {"uv": [5, 10, 4, 9], "texture": "#4"}
			}
		},
		{
			"from": [5.25, 2, 17],
			"to": [11.25, 3.9, 17.75],
			"rotation": {"angle": 0, "axis": "y", "origin": [5.25, 2, 17.75]},
			"faces": {
				"north": {"uv": [3, 1, 0, 2], "texture": "#5"},
				"east": {"uv": [3.5, 7.5, 3, 8.5], "texture": "#5"},
				"south": {"uv": [3, 0, 0, 1], "texture": "#5"},
				"west": {"uv": [4, 7.5, 3.5, 8.5], "texture": "#5"},
				"up": {"uv": [3, 2, 0, 2.5], "texture": "#5"},
				"down": {"uv": [3, 3, 0, 2.5], "texture": "#5"}
			}
		},
		{
			"from": [5.55, 1.75, 17.5],
			"to": [11.05, 2, 18],
			"rotation": {"angle": 0, "axis": "y", "origin": [5.55, 1.75, 18]},
			"faces": {
				"north": {"uv": [6, 0, 3, 0.5], "texture": "#5"},
				"east": {"uv": [4.5, 7.5, 4, 8], "texture": "#5"},
				"south": {"uv": [3, 3, 0, 3.5], "texture": "#5"},
				"west": {"uv": [5, 7.5, 4.5, 8], "texture": "#5"},
				"up": {"uv": [6, 0.5, 3, 1], "texture": "#5"},
				"down": {"uv": [6, 1.5, 3, 1], "texture": "#5"}
			}
		},
		{
			"from": [5.8, 1.5, 17.6],
			"to": [11.3, 1.75, 18.1],
			"rotation": {"angle": 0, "axis": "y", "origin": [5.8, 1.5, 18.1]},
			"faces": {
				"north": {"uv": [6, 2, 3, 2.5], "texture": "#5"},
				"east": {"uv": [5.5, 7.5, 5, 8], "texture": "#5"},
				"south": {"uv": [6, 1.5, 3, 2], "texture": "#5"},
				"west": {"uv": [6, 7.5, 5.5, 8], "texture": "#5"},
				"up": {"uv": [6, 2.5, 3, 3], "texture": "#5"},
				"down": {"uv": [6, 3.5, 3, 3], "texture": "#5"}
			}
		},
		{
			"from": [6.05, 1.25, 17.7],
			"to": [11.55, 1.5, 18.2],
			"rotation": {"angle": 0, "axis": "y", "origin": [6.05, 1.25, 18.2]},
			"faces": {
				"north": {"uv": [6, 3.5, 3, 4], "texture": "#5"},
				"east": {"uv": [6.5, 7.5, 6, 8], "texture": "#5"},
				"south": {"uv": [3, 3.5, 0, 4], "texture": "#5"},
				"west": {"uv": [7, 7.5, 6.5, 8], "texture": "#5"},
				"up": {"uv": [3, 4, 0, 4.5], "texture": "#5"},
				"down": {"uv": [6, 4.5, 3, 4], "texture": "#5"}
			}
		},
		{
			"from": [6.3, 1, 17.7],
			"to": [11.8, 1.25, 18.2],
			"rotation": {"angle": 0, "axis": "y", "origin": [6.3, 1, 18.2]},
			"faces": {
				"north": {"uv": [6, 4.5, 3, 5], "texture": "#5"},
				"east": {"uv": [8, 6.5, 7.5, 7], "texture": "#5"},
				"south": {"uv": [3, 4.5, 0, 5], "texture": "#5"},
				"west": {"uv": [7.5, 7.5, 7, 8], "texture": "#5"},
				"up": {"uv": [3, 5, 0, 5.5], "texture": "#5"},
				"down": {"uv": [6, 5.5, 3, 5], "texture": "#5"}
			}
		},
		{
			"from": [6.35, 0.75, 17.8],
			"to": [11.85, 1, 18.3],
			"rotation": {"angle": 0, "axis": "y", "origin": [6.35, 0.75, 18.3]},
			"faces": {
				"north": {"uv": [6, 5.5, 3, 6], "texture": "#5"},
				"east": {"uv": [8, 7, 7.5, 7.5], "texture": "#5"},
				"south": {"uv": [3, 5.5, 0, 6], "texture": "#5"},
				"west": {"uv": [8, 7.5, 7.5, 8], "texture": "#5"},
				"up": {"uv": [3, 6, 0, 6.5], "texture": "#5"},
				"down": {"uv": [9, 0.5, 6, 0], "texture": "#5"}
			}
		},
		{
			"from": [6.8, 0.5, 17.8],
			"to": [11.8, 0.75, 18.3],
			"rotation": {"angle": 0, "axis": "y", "origin": [6.8, 0.5, 18.3]},
			"faces": {
				"north": {"uv": [5.5, 6, 3, 6.5], "texture": "#5"},
				"east": {"uv": [0.5, 8, 0, 8.5], "texture": "#5"},
				"south": {"uv": [8.5, 2.5, 6, 3], "texture": "#5"},
				"west": {"uv": [1, 8, 0.5, 8.5], "texture": "#5"},
				"up": {"uv": [8.5, 3, 6, 3.5], "texture": "#5"},
				"down": {"uv": [8.5, 4, 6, 3.5], "texture": "#5"}
			}
		},
		{
			"from": [7.25, 0.25, 17.9],
			"to": [11.75, 0.5, 18.4],
			"rotation": {"angle": 0, "axis": "y", "origin": [7.25, 0.25, 18.4]},
			"faces": {
				"north": {"uv": [8.5, 4.5, 6, 5], "texture": "#5"},
				"east": {"uv": [1.5, 8, 1, 8.5], "texture": "#5"},
				"south": {"uv": [8.5, 4, 6, 4.5], "texture": "#5"},
				"west": {"uv": [2, 8, 1.5, 8.5], "texture": "#5"},
				"up": {"uv": [8.5, 5, 6, 5.5], "texture": "#5"},
				"down": {"uv": [8, 6.5, 5.5, 6], "texture": "#5"}
			}
		},
		{
			"from": [7.8, 0, 17.9],
			"to": [11.6, 0.25, 18.4],
			"rotation": {"angle": 0, "axis": "y", "origin": [7.8, 0, 18.4]},
			"faces": {
				"north": {"uv": [2, 6.5, 0, 7], "texture": "#5"},
				"east": {"uv": [2.5, 8, 2, 8.5], "texture": "#5"},
				"south": {"uv": [8, 5.5, 6, 6], "texture": "#5"},
				"west": {"uv": [3, 8, 2.5, 8.5], "texture": "#5"},
				"up": {"uv": [4, 6.5, 2, 7], "texture": "#5"},
				"down": {"uv": [6, 7, 4, 6.5], "texture": "#5"}
			}
		},
		{
			"from": [5.45, 2, 17.75],
			"to": [11.05, 3.4, 17.9],
			"rotation": {"angle": 0, "axis": "y", "origin": [5.45, 2, 17.9]},
			"faces": {
				"north": {"uv": [9, 1, 6, 1.5], "texture": "#5"},
				"east": {"uv": [4.5, 8, 4, 8.5], "texture": "#5"},
				"south": {"uv": [9, 0.5, 6, 1], "texture": "#5"},
				"west": {"uv": [5, 8, 4.5, 8.5], "texture": "#5"},
				"up": {"uv": [9, 1.5, 6, 2], "texture": "#5"},
				"down": {"uv": [9, 2.5, 6, 2], "texture": "#5"}
			}
		},
		{
			"from": [8.15, -0.25, 17.9],
			"to": [11.45, 0, 18.4],
			"rotation": {"angle": 0, "axis": "y", "origin": [8.15, -0.25, 18.4]},
			"faces": {
				"north": {"uv": [1.5, 7, 0, 7.5], "texture": "#5"},
				"east": {"uv": [5.5, 8, 5, 8.5], "texture": "#5"},
				"south": {"uv": [7.5, 6.5, 6, 7], "texture": "#5"},
				"west": {"uv": [6, 8, 5.5, 8.5], "texture": "#5"},
				"up": {"uv": [3, 7, 1.5, 7.5], "texture": "#5"},
				"down": {"uv": [4.5, 7.5, 3, 7], "texture": "#5"}
			}
		},
		{
			"from": [8.25, -0.65, 18.2],
			"to": [11.3, -0.25, 18.5],
			"rotation": {"angle": 0, "axis": "y", "origin": [8.25, -0.65, 18.5]},
			"faces": {
				"north": {"uv": [7.5, 7, 6, 7.5], "texture": "#5"},
				"east": {"uv": [8.5, 5.5, 8, 6], "texture": "#5"},
				"south": {"uv": [6, 7, 4.5, 7.5], "texture": "#5"},
				"west": {"uv": [6.5, 8, 6, 8.5], "texture": "#5"},
				"up": {"uv": [1.5, 7.5, 0, 8], "texture": "#5"},
				"down": {"uv": [3, 8, 1.5, 7.5], "texture": "#5"}
			}
		}
	],
	"display": {
		"firstperson_righthand": {
			"rotation": [0, 180, 0],
			"translation": [0, 3.25, 0],
			"scale": [0.2, 0.2, 0.2]
		},
		"gui": {
			"rotation": [0, 180, 0]
		}
	},
	"groups": [
		{
			"name": "frame",
			"origin": [0.7, 0.2, -1],
			"color": 0,
			"children": [0, 1, 2, 3, 4, 5, 6, 7, 8, 9, 10]
		},
		{
			"name": "mouth",
			"origin": [11, 9, -1.2],
			"color": 0,
			"children": [11, 12, 13, 14, 15, 16, 17, 18]
		},
		{
			"name": "tongue",
			"origin": [8.25, -0.65, -2.5],
			"color": 0,
			"children": [19, 20, 21, 22, 23, 24, 25, 26, 27, 28, 29, 30]
		}
	]
}