{
	"credit": "Made with Blockbench",
	"texture_size": [32, 32],
	"textures": {
		"0": "item/trident_respawn",
		"particle": "item/trident_respawn"
	},
	"elements": [
		{
			"from": [-2, -2, 7],
			"to": [0, 0, 8],
			"rotation": {"angle": 0, "axis": "z", "origin": [7.5, 7.75, 7.5]},
			"faces": {
				"north": {"uv": [2, 1, 3, 2], "texture": "#0"},
				"east": {"uv": [4, 2.5, 4.5, 3.5], "texture": "#0"},
				"south": {"uv": [2, 2, 3, 3], "texture": "#0"},
				"west": {"uv": [4, 3.5, 4.5, 4.5], "texture": "#0"},
				"up": {"uv": [2, 5, 1, 4.5], "texture": "#0"},
				"down": {"uv": [3, 4.5, 2, 5], "texture": "#0"}
			}
		},
		{
			"from": [2, 1, 7],
			"to": [3, 3, 8],
			"rotation": {"angle": 0, "axis": "z", "origin": [9.5, 9.75, 7.5]},
			"faces": {
				"north": {"uv": [4.5, 2.5, 5, 3.5], "texture": "#0"},
				"east": {"uv": [3, 4.5, 3.5, 5.5], "texture": "#0"},
				"south": {"uv": [3.5, 4.5, 4, 5.5], "texture": "#0"},
				"west": {"uv": [4.5, 3.5, 5, 4.5], "texture": "#0"},
				"up": {"uv": [9, 4, 8.5, 3.5], "texture": "#0"},
				"down": {"uv": [9, 4, 8.5, 4.5], "texture": "#0"}
			}
		},
		{
			"from": [3, 2, 7],
			"to": [4, 4, 8],
			"rotation": {"angle": 0, "axis": "z", "origin": [9.5, 9.75, 7.5]},
			"faces": {
				"north": {"uv": [4, 4.5, 4.5, 5.5], "texture": "#0"},
				"east": {"uv": [4.5, 4.5, 5, 5.5], "texture": "#0"},
				"south": {"uv": [0, 5, 0.5, 6], "texture": "#0"},
				"west": {"uv": [0.5, 5, 1, 6], "texture": "#0"},
				"up": {"uv": [9, 5, 8.5, 4.5], "texture": "#0"},
				"down": {"uv": [5.5, 8.5, 5, 9], "texture": "#0"}
			}
		},
		{
			"from": [2, 3, 7],
			"to": [3, 4, 8],
			"rotation": {"angle": 0, "axis": "z", "origin": [9.5, 9.75, 7.5]},
			"faces": {
				"north": {"uv": [8.5, 5, 9, 5.5], "texture": "#0"},
				"east": {"uv": [8.5, 5.5, 9, 6], "texture": "#0"},
				"south": {"uv": [8.5, 6, 9, 6.5], "texture": "#0"},
				"west": {"uv": [8.5, 6.5, 9, 7], "texture": "#0"},
				"up": {"uv": [9, 7.5, 8.5, 7], "texture": "#0"},
				"down": {"uv": [8, 8.5, 7.5, 9], "texture": "#0"}
			}
		},
		{
			"from": [-1, 0, 7],
			"to": [0, 1, 8],
			"rotation": {"angle": 0, "axis": "y", "origin": [7.5, 7.75, 7.5]},
			"faces": {
				"north": {"uv": [8.5, 7.5, 9, 8], "texture": "#0"},
				"east": {"uv": [8, 8.5, 8.5, 9], "texture": "#0"},
				"south": {"uv": [8.5, 8, 9, 8.5], "texture": "#0"},
				"west": {"uv": [8.5, 8.5, 9, 9], "texture": "#0"},
				"up": {"uv": [0.5, 9.5, 0, 9], "texture": "#0"},
				"down": {"uv": [9.5, 0, 9, 0.5], "texture": "#0"}
			}
		},
		{
			"from": [-3, -3, 7],
			"to": [-2, -1, 8],
			"rotation": {"angle": 0, "axis": "z", "origin": [-2, -1.75, 7.5]},
			"faces": {
				"north": {"uv": [1, 5, 1.5, 6], "texture": "#0"},
				"east": {"uv": [1.5, 5, 2, 6], "texture": "#0"},
				"south": {"uv": [2, 5, 2.5, 6], "texture": "#0"},
				"west": {"uv": [2.5, 5, 3, 6], "texture": "#0"},
				"up": {"uv": [1, 9.5, 0.5, 9], "texture": "#0"},
				"down": {"uv": [9.5, 0.5, 9, 1], "texture": "#0"}
			}
		},
		{
			"from": [-4, -4, 7],
			"to": [-3, -3, 8],
			"rotation": {"angle": 0, "axis": "y", "origin": [-2, -1.75, 7.5]},
			"faces": {
				"north": {"uv": [5, 1, 5.5, 1.5], "texture": "#0"},
				"east": {"uv": [8.5, 2, 9, 2.5], "texture": "#0"},
				"south": {"uv": [8.5, 2.5, 9, 3], "texture": "#0"},
				"west": {"uv": [3, 8.5, 3.5, 9], "texture": "#0"},
				"up": {"uv": [9, 3.5, 8.5, 3], "texture": "#0"},
				"down": {"uv": [4, 8.5, 3.5, 9], "texture": "#0"}
			}
		},
		{
			"from": [-2, -3, 7],
			"to": [-1, -2, 8],
			"rotation": {"angle": 0, "axis": "z", "origin": [-2, -1.75, 7.5]},
			"faces": {
				"north": {"uv": [1, 9, 1.5, 9.5], "texture": "#0"},
				"east": {"uv": [9, 1, 9.5, 1.5], "texture": "#0"},
				"south": {"uv": [1.5, 9, 2, 9.5], "texture": "#0"},
				"west": {"uv": [9, 1.5, 9.5, 2], "texture": "#0"},
				"up": {"uv": [2.5, 9.5, 2, 9], "texture": "#0"},
				"down": {"uv": [9.5, 2, 9, 2.5], "texture": "#0"}
			}
		},
		{
			"from": [0, -1, 7],
			"to": [1, 1, 8],
			"rotation": {"angle": 0, "axis": "y", "origin": [7.5, 7.75, 7.5]},
			"faces": {
				"north": {"uv": [5, 2.5, 5.5, 3.5], "texture": "#0"},
				"east": {"uv": [5, 3.5, 5.5, 4.5], "texture": "#0"},
				"south": {"uv": [5, 4.5, 5.5, 5.5], "texture": "#0"},
				"west": {"uv": [5.5, 0, 6, 1], "texture": "#0"},
				"up": {"uv": [3, 9.5, 2.5, 9], "texture": "#0"},
				"down": {"uv": [9.5, 2.5, 9, 3], "texture": "#0"}
			}
		},
		{
			"from": [1, 0, 7],
			"to": [2, 2, 8],
			"rotation": {"angle": 0, "axis": "y", "origin": [7.5, 7.75, 7.5]},
			"faces": {
				"north": {"uv": [5.5, 1, 6, 2], "texture": "#0"},
				"east": {"uv": [5.5, 2, 6, 3], "texture": "#0"},
				"south": {"uv": [3, 5.5, 3.5, 6.5], "texture": "#0"},
				"west": {"uv": [5.5, 3, 6, 4], "texture": "#0"},
				"up": {"uv": [3.5, 9.5, 3, 9], "texture": "#0"},
				"down": {"uv": [9.5, 3, 9, 3.5], "texture": "#0"}
			}
		},
		{
			"from": [1, 2, 7],
			"to": [2, 3, 8],
			"rotation": {"angle": 0, "axis": "y", "origin": [7.5, 7.75, 7.5]},
			"faces": {
				"north": {"uv": [3.5, 9, 4, 9.5], "texture": "#0"},
				"east": {"uv": [9, 3.5, 9.5, 4], "texture": "#0"},
				"south": {"uv": [4, 9, 4.5, 9.5], "texture": "#0"},
				"west": {"uv": [9, 4, 9.5, 4.5], "texture": "#0"},
				"up": {"uv": [5, 9.5, 4.5, 9], "texture": "#0"},
				"down": {"uv": [9.5, 4.5, 9, 5], "texture": "#0"}
			}
		},
		{
			"from": [0, 1, 7],
			"to": [1, 2, 8],
			"rotation": {"angle": 0, "axis": "y", "origin": [7.5, 7.75, 7.5]},
			"faces": {
				"north": {"uv": [5, 9, 5.5, 9.5], "texture": "#0"},
				"east": {"uv": [9, 5, 9.5, 5.5], "texture": "#0"},
				"south": {"uv": [5.5, 9, 6, 9.5], "texture": "#0"},
				"west": {"uv": [9, 5.5, 9.5, 6], "texture": "#0"},
				"up": {"uv": [6.5, 9.5, 6, 9], "texture": "#0"},
				"down": {"uv": [9.5, 6, 9, 6.5], "texture": "#0"}
			}
		},
		{
			"from": [4, 3, 7],
			"to": [5, 5, 8],
			"rotation": {"angle": 0, "axis": "z", "origin": [9.5, 9.75, 7.5]},
			"faces": {
				"north": {"uv": [3.5, 5.5, 4, 6.5], "texture": "#0"},
				"east": {"uv": [4, 5.5, 4.5, 6.5], "texture": "#0"},
				"south": {"uv": [5.5, 4, 6, 5], "texture": "#0"},
				"west": {"uv": [4.5, 5.5, 5, 6.5], "texture": "#0"},
				"up": {"uv": [7, 9.5, 6.5, 9], "texture": "#0"},
				"down": {"uv": [9.5, 6.5, 9, 7], "texture": "#0"}
			}
		},
		{
			"from": [3, 4, 7],
			"to": [4, 5, 8],
			"rotation": {"angle": 0, "axis": "z", "origin": [9.5, 9.75, 7.5]},
			"faces": {
				"north": {"uv": [7, 9, 7.5, 9.5], "texture": "#0"},
				"east": {"uv": [9, 7, 9.5, 7.5], "texture": "#0"},
				"south": {"uv": [7.5, 9, 8, 9.5], "texture": "#0"},
				"west": {"uv": [9, 7.5, 9.5, 8], "texture": "#0"},
				"up": {"uv": [8.5, 9.5, 8, 9], "texture": "#0"},
				"down": {"uv": [9.5, 8, 9, 8.5], "texture": "#0"}
			}
		},
		{
			"from": [5, 4, 7],
			"to": [6, 6, 8],
			"rotation": {"angle": 0, "axis": "z", "origin": [9.5, 9.75, 7.5]},
			"faces": {
				"north": {"uv": [5, 5.5, 5.5, 6.5], "texture": "#0"},
				"east": {"uv": [5.5, 5, 6, 6], "texture": "#0"},
				"south": {"uv": [0, 6, 0.5, 7], "texture": "#0"},
				"west": {"uv": [6, 0, 6.5, 1], "texture": "#0"},
				"up": {"uv": [9, 9.5, 8.5, 9], "texture": "#0"},
				"down": {"uv": [9.5, 8.5, 9, 9], "texture": "#0"}
			}
		},
		{
			"from": [4, 5, 7],
			"to": [5, 6, 8],
			"rotation": {"angle": 0, "axis": "z", "origin": [9.5, 9.75, 7.5]},
			"faces": {
				"north": {"uv": [9, 9, 9.5, 9.5], "texture": "#0"},
				"east": {"uv": [0, 9.5, 0.5, 10], "texture": "#0"},
				"south": {"uv": [9.5, 0, 10, 0.5], "texture": "#0"},
				"west": {"uv": [0.5, 9.5, 1, 10], "texture": "#0"},
				"up": {"uv": [10, 1, 9.5, 0.5], "texture": "#0"},
				"down": {"uv": [1.5, 9.5, 1, 10], "texture": "#0"}
			}
		},
		{
			"from": [6, 5, 7],
			"to": [7, 7, 8],
			"rotation": {"angle": 0, "axis": "z", "origin": [9.5, 9.75, 7.5]},
			"faces": {
				"north": {"uv": [0.5, 6, 1, 7], "texture": "#0"},
				"east": {"uv": [1, 6, 1.5, 7], "texture": "#0"},
				"south": {"uv": [6, 1, 6.5, 2], "texture": "#0"},
				"west": {"uv": [1.5, 6, 2, 7], "texture": "#0"},
				"up": {"uv": [10, 1.5, 9.5, 1], "texture": "#0"},
				"down": {"uv": [2, 9.5, 1.5, 10], "texture": "#0"}
			}
		},
		{
			"from": [5, 6, 7],
			"to": [6, 7, 8],
			"rotation": {"angle": 0, "axis": "z", "origin": [9.5, 9.75, 7.5]},
			"faces": {
				"north": {"uv": [9.5, 1.5, 10, 2], "texture": "#0"},
				"east": {"uv": [2, 9.5, 2.5, 10], "texture": "#0"},
				"south": {"uv": [9.5, 2, 10, 2.5], "texture": "#0"},
				"west": {"uv": [2.5, 9.5, 3, 10], "texture": "#0"},
				"up": {"uv": [10, 3, 9.5, 2.5], "texture": "#0"},
				"down": {"uv": [3.5, 9.5, 3, 10], "texture": "#0"}
			}
		},
		{
			"from": [7, 6, 7],
			"to": [8, 8, 8],
			"rotation": {"angle": 0, "axis": "z", "origin": [9.5, 9.75, 7.5]},
			"faces": {
				"north": {"uv": [2, 6, 2.5, 7], "texture": "#0"},
				"east": {"uv": [6, 2, 6.5, 3], "texture": "#0"},
				"south": {"uv": [2.5, 6, 3, 7], "texture": "#0"},
				"west": {"uv": [6, 3, 6.5, 4], "texture": "#0"},
				"up": {"uv": [10, 3.5, 9.5, 3], "texture": "#0"},
				"down": {"uv": [4, 9.5, 3.5, 10], "texture": "#0"}
			}
		},
		{
			"from": [6, 7, 7],
			"to": [7, 8, 8],
			"rotation": {"angle": 0, "axis": "z", "origin": [9.5, 9.75, 7.5]},
			"faces": {
				"north": {"uv": [9.5, 3.5, 10, 4], "texture": "#0"},
				"east": {"uv": [4, 9.5, 4.5, 10], "texture": "#0"},
				"south": {"uv": [9.5, 4, 10, 4.5], "texture": "#0"},
				"west": {"uv": [4.5, 9.5, 5, 10], "texture": "#0"},
				"up": {"uv": [10, 5, 9.5, 4.5], "texture": "#0"},
				"down": {"uv": [5.5, 9.5, 5, 10], "texture": "#0"}
			}
		},
		{
			"from": [8, 7, 7],
			"to": [9, 9, 8],
			"rotation": {"angle": 0, "axis": "z", "origin": [9.5, 9.75, 7.5]},
			"faces": {
				"north": {"uv": [6, 4, 6.5, 5], "texture": "#0"},
				"east": {"uv": [6, 5, 6.5, 6], "texture": "#0"},
				"south": {"uv": [5.5, 6, 6, 7], "texture": "#0"},
				"west": {"uv": [6, 6, 6.5, 7], "texture": "#0"},
				"up": {"uv": [10, 5.5, 9.5, 5], "texture": "#0"},
				"down": {"uv": [6, 9.5, 5.5, 10], "texture": "#0"}
			}
		},
		{
			"from": [7, 8, 7],
			"to": [8, 9, 8],
			"rotation": {"angle": 0, "axis": "z", "origin": [9.5, 9.75, 7.5]},
			"faces": {
				"north": {"uv": [9.5, 5.5, 10, 6], "texture": "#0"},
				"east": {"uv": [6, 9.5, 6.5, 10], "texture": "#0"},
				"south": {"uv": [9.5, 6, 10, 6.5], "texture": "#0"},
				"west": {"uv": [6.5, 9.5, 7, 10], "texture": "#0"},
				"up": {"uv": [10, 7, 9.5, 6.5], "texture": "#0"},
				"down": {"uv": [7.5, 9.5, 7, 10], "texture": "#0"}
			}
		},
		{
			"from": [9, 8, 7],
			"to": [10, 10, 8],
			"rotation": {"angle": 0, "axis": "z", "origin": [9.5, 9.75, 7.5]},
			"faces": {
				"north": {"uv": [6.5, 0, 7, 1], "texture": "#0"},
				"east": {"uv": [6.5, 1, 7, 2], "texture": "#0"},
				"south": {"uv": [6.5, 2, 7, 3], "texture": "#0"},
				"west": {"uv": [3, 6.5, 3.5, 7.5], "texture": "#0"},
				"up": {"uv": [10, 7.5, 9.5, 7], "texture": "#0"},
				"down": {"uv": [8, 9.5, 7.5, 10], "texture": "#0"}
			}
		},
		{
			"from": [8, 9, 7],
			"to": [9, 10, 8],
			"rotation": {"angle": 0, "axis": "z", "origin": [9.5, 9.75, 7.5]},
			"faces": {
				"north": {"uv": [9.5, 7.5, 10, 8], "texture": "#0"},
				"east": {"uv": [8, 9.5, 8.5, 10], "texture": "#0"},
				"south": {"uv": [9.5, 8, 10, 8.5], "texture": "#0"},
				"west": {"uv": [8.5, 9.5, 9, 10], "texture": "#0"},
				"up": {"uv": [10, 9, 9.5, 8.5], "texture": "#0"},
				"down": {"uv": [9.5, 9.5, 9, 10], "texture": "#0"}
			}
		},
		{
			"from": [8, 9, 6.75],
			"to": [9, 10, 7],
			"rotation": {"angle": 0, "axis": "y", "origin": [9.5, 9.75, 7.25]},
			"faces": {
				"north": {"uv": [9.5, 9, 10, 9.5], "texture": "#0"},
				"east": {"uv": [9.5, 9.5, 10, 10], "texture": "#0"},
				"south": {"uv": [0, 10, 0.5, 10.5], "texture": "#0"},
				"west": {"uv": [10, 0, 10.5, 0.5], "texture": "#0"},
				"up": {"uv": [1, 10.5, 0.5, 10], "texture": "#0"},
				"down": {"uv": [10.5, 0.5, 10, 1], "texture": "#0"}
			}
		},
		{
			"from": [10, 9, 7],
			"to": [11, 11, 8],
			"rotation": {"angle": 0, "axis": "z", "origin": [9.5, 9.75, 7.5]},
			"faces": {
				"north": {"uv": [6.5, 3, 7, 4], "texture": "#0"},
				"east": {"uv": [3.5, 6.5, 4, 7.5], "texture": "#0"},
				"south": {"uv": [4, 6.5, 4.5, 7.5], "texture": "#0"},
				"west": {"uv": [6.5, 4, 7, 5], "texture": "#0"},
				"up": {"uv": [1.5, 10.5, 1, 10], "texture": "#0"},
				"down": {"uv": [10.5, 1, 10, 1.5], "texture": "#0"}
			}
		},
		{
			"from": [9, 8, 6.75],
			"to": [10, 9, 7],
			"rotation": {"angle": 0, "axis": "y", "origin": [10.5, 8.75, 7.25]},
			"faces": {
				"north": {"uv": [1.5, 10, 2, 10.5], "texture": "#0"},
				"east": {"uv": [10, 1.5, 10.5, 2], "texture": "#0"},
				"south": {"uv": [2, 10, 2.5, 10.5], "texture": "#0"},
				"west": {"uv": [10, 2, 10.5, 2.5], "texture": "#0"},
				"up": {"uv": [3, 10.5, 2.5, 10], "texture": "#0"},
				"down": {"uv": [10.5, 2.5, 10, 3], "texture": "#0"}
			}
		},
		{
			"from": [9, 8, 8],
			"to": [10, 9, 8.25],
			"rotation": {"angle": 0, "axis": "y", "origin": [10.5, 8.75, 8.5]},
			"faces": {
				"north": {"uv": [3, 10, 3.5, 10.5], "texture": "#0"},
				"east": {"uv": [10, 3, 10.5, 3.5], "texture": "#0"},
				"south": {"uv": [3.5, 10, 4, 10.5], "texture": "#0"},
				"west": {"uv": [10, 3.5, 10.5, 4], "texture": "#0"},
				"up": {"uv": [4.5, 10.5, 4, 10], "texture": "#0"},
				"down": {"uv": [10.5, 4, 10, 4.5], "texture": "#0"}
			}
		},
		{
			"from": [8, 9, 8],
			"to": [9, 10, 8.25],
			"rotation": {"angle": 0, "axis": "y", "origin": [9.5, 9.75, 8.5]},
			"faces": {
				"north": {"uv": [4.5, 10, 5, 10.5], "texture": "#0"},
				"east": {"uv": [10, 4.5, 10.5, 5], "texture": "#0"},
				"south": {"uv": [5, 10, 5.5, 10.5], "texture": "#0"},
				"west": {"uv": [10, 5, 10.5, 5.5], "texture": "#0"},
				"up": {"uv": [6, 10.5, 5.5, 10], "texture": "#0"},
				"down": {"uv": [10.5, 5.5, 10, 6], "texture": "#0"}
			}
		},
		{
			"from": [9, 10, 7],
			"to": [10, 11, 8],
			"rotation": {"angle": 0, "axis": "z", "origin": [9.5, 9.75, 7.5]},
			"faces": {
				"north": {"uv": [6, 10, 6.5, 10.5], "texture": "#0"},
				"east": {"uv": [10, 6, 10.5, 6.5], "texture": "#0"},
				"south": {"uv": [6.5, 10, 7, 10.5], "texture": "#0"},
				"west": {"uv": [10, 6.5, 10.5, 7], "texture": "#0"},
				"up": {"uv": [7.5, 10.5, 7, 10], "texture": "#0"},
				"down": {"uv": [10.5, 7, 10, 7.5], "texture": "#0"}
			}
		},
		{
			"from": [11, 10, 7],
			"to": [12, 12, 8],
			"rotation": {"angle": 0, "axis": "z", "origin": [9.5, 9.75, 7.5]},
			"faces": {
				"north": {"uv": [4.5, 6.5, 5, 7.5], "texture": "#0"},
				"east": {"uv": [5, 6.5, 5.5, 7.5], "texture": "#0"},
				"south": {"uv": [6.5, 5, 7, 6], "texture": "#0"},
				"west": {"uv": [6.5, 6, 7, 7], "texture": "#0"},
				"up": {"uv": [8, 10.5, 7.5, 10], "texture": "#0"},
				"down": {"uv": [10.5, 7.5, 10, 8], "texture": "#0"}
			}
		},
		{
			"from": [10, 11, 7],
			"to": [11, 12, 8],
			"rotation": {"angle": 0, "axis": "z", "origin": [9.5, 9.75, 7.5]},
			"faces": {
				"north": {"uv": [8, 10, 8.5, 10.5], "texture": "#0"},
				"east": {"uv": [10, 8, 10.5, 8.5], "texture": "#0"},
				"south": {"uv": [8.5, 10, 9, 10.5], "texture": "#0"},
				"west": {"uv": [10, 8.5, 10.5, 9], "texture": "#0"},
				"up": {"uv": [9.5, 10.5, 9, 10], "texture": "#0"},
				"down": {"uv": [10.5, 9, 10, 9.5], "texture": "#0"}
			}
		},
		{
			"from": [17, 14, 7],
			"to": [19, 15, 8],
			"rotation": {"angle": 0, "axis": "z", "origin": [9.5, 9.75, 7.5]},
			"faces": {
				"north": {"uv": [0, 7, 1, 7.5], "texture": "#0"},
				"east": {"uv": [9.5, 10, 10, 10.5], "texture": "#0"},
				"south": {"uv": [7, 0, 8, 0.5], "texture": "#0"},
				"west": {"uv": [10, 9.5, 10.5, 10], "texture": "#0"},
				"up": {"uv": [8, 1, 7, 0.5], "texture": "#0"},
				"down": {"uv": [2, 7, 1, 7.5], "texture": "#0"}
			}
		},
		{
			"from": [16, 13, 7],
			"to": [19, 14, 8],
			"rotation": {"angle": 0, "axis": "z", "origin": [9.5, 9.75, 7.5]},
			"faces": {
				"north": {"uv": [1, 3.5, 2.5, 4], "texture": "#0"},
				"east": {"uv": [10, 10, 10.5, 10.5], "texture": "#0"},
				"south": {"uv": [2.5, 3.5, 4, 4], "texture": "#0"},
				"west": {"uv": [0, 10.5, 0.5, 11], "texture": "#0"},
				"up": {"uv": [5.5, 0.5, 4, 0], "texture": "#0"},
				"down": {"uv": [5.5, 0.5, 4, 1], "texture": "#0"}
			}
		},
		{
			"from": [16, 11, 7],
			"to": [17, 12, 8],
			"rotation": {"angle": 0, "axis": "z", "origin": [9.5, 9.75, 7.5]},
			"faces": {
				"north": {"uv": [10.5, 0, 11, 0.5], "texture": "#0"},
				"east": {"uv": [0.5, 10.5, 1, 11], "texture": "#0"},
				"south": {"uv": [10.5, 0.5, 11, 1], "texture": "#0"},
				"west": {"uv": [1, 10.5, 1.5, 11], "texture": "#0"},
				"up": {"uv": [11, 1.5, 10.5, 1], "texture": "#0"},
				"down": {"uv": [2, 10.5, 1.5, 11], "texture": "#0"}
			}
		},
		{
			"from": [15, 12, 7],
			"to": [18, 13, 8],
			"rotation": {"angle": 0, "axis": "z", "origin": [9.5, 9.75, 7.5]},
			"faces": {
				"north": {"uv": [1, 4, 2.5, 4.5], "texture": "#0"},
				"east": {"uv": [10.5, 1.5, 11, 2], "texture": "#0"},
				"south": {"uv": [4, 1.5, 5.5, 2], "texture": "#0"},
				"west": {"uv": [2, 10.5, 2.5, 11], "texture": "#0"},
				"up": {"uv": [5.5, 2.5, 4, 2], "texture": "#0"},
				"down": {"uv": [4, 4, 2.5, 4.5], "texture": "#0"}
			}
		},
		{
			"from": [13, 12, 7],
			"to": [14, 13, 8],
			"rotation": {"angle": 0, "axis": "z", "origin": [9.5, 9.75, 7.5]},
			"faces": {
				"north": {"uv": [10.5, 2, 11, 2.5], "texture": "#0"},
				"east": {"uv": [2.5, 10.5, 3, 11], "texture": "#0"},
				"south": {"uv": [10.5, 2.5, 11, 3], "texture": "#0"},
				"west": {"uv": [3, 10.5, 3.5, 11], "texture": "#0"},
				"up": {"uv": [11, 3.5, 10.5, 3], "texture": "#0"},
				"down": {"uv": [4, 10.5, 3.5, 11], "texture": "#0"}
			}
		},
		{
			"from": [14, 13, 7],
			"to": [15, 15, 8],
			"rotation": {"angle": 0, "axis": "z", "origin": [9.5, 9.75, 7.5]},
			"faces": {
				"north": {"uv": [7, 1, 7.5, 2], "texture": "#0"},
				"east": {"uv": [2, 7, 2.5, 8], "texture": "#0"},
				"south": {"uv": [7, 2, 7.5, 3], "texture": "#0"},
				"west": {"uv": [2.5, 7, 3, 8], "texture": "#0"},
				"up": {"uv": [11, 4, 10.5, 3.5], "texture": "#0"},
				"down": {"uv": [4.5, 10.5, 4, 11], "texture": "#0"}
			}
		},
		{
			"from": [15, 14, 7],
			"to": [16, 16, 8],
			"rotation": {"angle": 0, "axis": "z", "origin": [9.5, 9.75, 7.5]},
			"faces": {
				"north": {"uv": [7, 3, 7.5, 4], "texture": "#0"},
				"east": {"uv": [7, 4, 7.5, 5], "texture": "#0"},
				"south": {"uv": [7, 5, 7.5, 6], "texture": "#0"},
				"west": {"uv": [5.5, 7, 6, 8], "texture": "#0"},
				"up": {"uv": [11, 4.5, 10.5, 4], "texture": "#0"},
				"down": {"uv": [5, 10.5, 4.5, 11], "texture": "#0"}
			}
		},
		{
			"from": [16, 15, 7],
			"to": [17, 16, 8],
			"rotation": {"angle": 0, "axis": "z", "origin": [9.5, 9.75, 7.5]},
			"faces": {
				"north": {"uv": [10.5, 4.5, 11, 5], "texture": "#0"},
				"east": {"uv": [5, 10.5, 5.5, 11], "texture": "#0"},
				"south": {"uv": [10.5, 5, 11, 5.5], "texture": "#0"},
				"west": {"uv": [5.5, 10.5, 6, 11], "texture": "#0"},
				"up": {"uv": [11, 6, 10.5, 5.5], "texture": "#0"},
				"down": {"uv": [6.5, 10.5, 6, 11], "texture": "#0"}
			}
		},
		{
			"from": [16, 16, 7],
			"to": [17, 17, 8],
			"rotation": {"angle": 0, "axis": "z", "origin": [9.5, 9.75, 7.5]},
			"faces": {
				"north": {"uv": [10.5, 6, 11, 6.5], "texture": "#0"},
				"east": {"uv": [6.5, 10.5, 7, 11], "texture": "#0"},
				"south": {"uv": [10.5, 6.5, 11, 7], "texture": "#0"},
				"west": {"uv": [7, 10.5, 7.5, 11], "texture": "#0"},
				"up": {"uv": [11, 7.5, 10.5, 7], "texture": "#0"},
				"down": {"uv": [8, 10.5, 7.5, 11], "texture": "#0"}
			}
		},
		{
			"from": [17, 16, 7],
			"to": [18, 17, 8],
			"rotation": {"angle": 0, "axis": "z", "origin": [9.5, 9.75, 7.5]},
			"faces": {
				"north": {"uv": [10.5, 7.5, 11, 8], "texture": "#0"},
				"east": {"uv": [8, 10.5, 8.5, 11], "texture": "#0"},
				"south": {"uv": [10.5, 8, 11, 8.5], "texture": "#0"},
				"west": {"uv": [8.5, 10.5, 9, 11], "texture": "#0"},
				"up": {"uv": [11, 9, 10.5, 8.5], "texture": "#0"},
				"down": {"uv": [9.5, 10.5, 9, 11], "texture": "#0"}
			}
		},
		{
			"from": [18, 18, 7],
			"to": [19, 19, 8],
			"rotation": {"angle": 0, "axis": "y", "origin": [10.5, 10.75, 7.5]},
			"faces": {
				"north": {"uv": [10.5, 9, 11, 9.5], "texture": "#0"},
				"east": {"uv": [9.5, 10.5, 10, 11], "texture": "#0"},
				"south": {"uv": [10.5, 9.5, 11, 10], "texture": "#0"},
				"west": {"uv": [10, 10.5, 10.5, 11], "texture": "#0"},
				"up": {"uv": [11, 10.5, 10.5, 10], "texture": "#0"},
				"down": {"uv": [11, 10.5, 10.5, 11], "texture": "#0"}
			}
		},
		{
			"from": [18, 17, 7],
			"to": [19, 18, 8],
			"rotation": {"angle": 0, "axis": "y", "origin": [10.5, 10.75, 7.5]},
			"faces": {
				"north": {"uv": [0, 11, 0.5, 11.5], "texture": "#0"},
				"east": {"uv": [11, 0, 11.5, 0.5], "texture": "#0"},
				"south": {"uv": [0.5, 11, 1, 11.5], "texture": "#0"},
				"west": {"uv": [11, 0.5, 11.5, 1], "texture": "#0"},
				"up": {"uv": [1.5, 11.5, 1, 11], "texture": "#0"},
				"down": {"uv": [11.5, 1, 11, 1.5], "texture": "#0"}
			}
		},
		{
			"from": [17, 18, 7],
			"to": [18, 19, 8],
			"rotation": {"angle": 0, "axis": "y", "origin": [10.5, 10.75, 7.5]},
			"faces": {
				"north": {"uv": [1.5, 11, 2, 11.5], "texture": "#0"},
				"east": {"uv": [11, 1.5, 11.5, 2], "texture": "#0"},
				"south": {"uv": [2, 11, 2.5, 11.5], "texture": "#0"},
				"west": {"uv": [11, 2, 11.5, 2.5], "texture": "#0"},
				"up": {"uv": [3, 11.5, 2.5, 11], "texture": "#0"},
				"down": {"uv": [11.5, 2.5, 11, 3], "texture": "#0"}
			}
		},
		{
			"from": [17, 17, 7],
			"to": [18, 18, 8],
			"rotation": {"angle": 0, "axis": "z", "origin": [9.5, 9.75, 7.5]},
			"faces": {
				"north": {"uv": [3, 11, 3.5, 11.5], "texture": "#0"},
				"east": {"uv": [11, 3, 11.5, 3.5], "texture": "#0"},
				"south": {"uv": [3.5, 11, 4, 11.5], "texture": "#0"},
				"west": {"uv": [11, 3.5, 11.5, 4], "texture": "#0"},
				"up": {"uv": [4.5, 11.5, 4, 11], "texture": "#0"},
				"down": {"uv": [11.5, 4, 11, 4.5], "texture": "#0"}
			}
		},
		{
			"from": [16, 17, 7],
			"to": [17, 18, 8],
			"rotation": {"angle": 0, "axis": "z", "origin": [9.5, 9.75, 7.5]},
			"faces": {
				"north": {"uv": [4.5, 11, 5, 11.5], "texture": "#0"},
				"east": {"uv": [11, 4.5, 11.5, 5], "texture": "#0"},
				"south": {"uv": [5, 11, 5.5, 11.5], "texture": "#0"},
				"west": {"uv": [11, 5, 11.5, 5.5], "texture": "#0"},
				"up": {"uv": [6, 11.5, 5.5, 11], "texture": "#0"},
				"down": {"uv": [11.5, 5.5, 11, 6], "texture": "#0"}
			}
		},
		{
			"from": [15, 16, 7],
			"to": [16, 17, 8],
			"rotation": {"angle": 0, "axis": "z", "origin": [9.5, 9.75, 7.5]},
			"faces": {
				"north": {"uv": [6, 11, 6.5, 11.5], "texture": "#0"},
				"east": {"uv": [11, 6, 11.5, 6.5], "texture": "#0"},
				"south": {"uv": [6.5, 11, 7, 11.5], "texture": "#0"},
				"west": {"uv": [11, 6.5, 11.5, 7], "texture": "#0"},
				"up": {"uv": [7.5, 11.5, 7, 11], "texture": "#0"},
				"down": {"uv": [11.5, 7, 11, 7.5], "texture": "#0"}
			}
		},
		{
			"from": [13, 13, 7],
			"to": [14, 14, 8],
			"rotation": {"angle": 0, "axis": "z", "origin": [9.5, 9.75, 7.5]},
			"faces": {
				"north": {"uv": [7.5, 11, 8, 11.5], "texture": "#0"},
				"east": {"uv": [11, 7.5, 11.5, 8], "texture": "#0"},
				"south": {"uv": [8, 11, 8.5, 11.5], "texture": "#0"},
				"west": {"uv": [11, 8, 11.5, 8.5], "texture": "#0"},
				"up": {"uv": [9, 11.5, 8.5, 11], "texture": "#0"},
				"down": {"uv": [11.5, 8.5, 11, 9], "texture": "#0"}
			}
		},
		{
			"from": [12, 12, 7],
			"to": [13, 14, 8],
			"rotation": {"angle": 0, "axis": "y", "origin": [8.5, 8.75, 7.5]},
			"faces": {
				"north": {"uv": [6, 7, 6.5, 8], "texture": "#0"},
				"east": {"uv": [7, 6, 7.5, 7], "texture": "#0"},
				"south": {"uv": [6.5, 7, 7, 8], "texture": "#0"},
				"west": {"uv": [7, 7, 7.5, 8], "texture": "#0"},
				"up": {"uv": [9.5, 11.5, 9, 11], "texture": "#0"},
				"down": {"uv": [11.5, 9, 11, 9.5], "texture": "#0"}
			}
		},
		{
			"from": [12, 15, 7],
			"to": [13, 17, 8],
			"rotation": {"angle": 0, "axis": "y", "origin": [8.5, 11.75, 7.5]},
			"faces": {
				"north": {"uv": [0, 7.5, 0.5, 8.5], "texture": "#0"},
				"east": {"uv": [0.5, 7.5, 1, 8.5], "texture": "#0"},
				"south": {"uv": [1, 7.5, 1.5, 8.5], "texture": "#0"},
				"west": {"uv": [7.5, 1, 8, 2], "texture": "#0"},
				"up": {"uv": [10, 11.5, 9.5, 11], "texture": "#0"},
				"down": {"uv": [11.5, 9.5, 11, 10], "texture": "#0"}
			}
		},
		{
			"from": [13, 14, 7],
			"to": [14, 15, 8],
			"rotation": {"angle": 0, "axis": "z", "origin": [9.5, 9.75, 7.5]},
			"faces": {
				"north": {"uv": [10, 11, 10.5, 11.5], "texture": "#0"},
				"east": {"uv": [11, 10, 11.5, 10.5], "texture": "#0"},
				"south": {"uv": [10.5, 11, 11, 11.5], "texture": "#0"},
				"west": {"uv": [11, 10.5, 11.5, 11], "texture": "#0"},
				"up": {"uv": [11.5, 11.5, 11, 11], "texture": "#0"},
				"down": {"uv": [0.5, 11.5, 0, 12], "texture": "#0"}
			}
		},
		{
			"from": [14, 15, 7],
			"to": [15, 16, 8],
			"rotation": {"angle": 0, "axis": "z", "origin": [9.5, 9.75, 7.5]},
			"faces": {
				"north": {"uv": [11.5, 0, 12, 0.5], "texture": "#0"},
				"east": {"uv": [0.5, 11.5, 1, 12], "texture": "#0"},
				"south": {"uv": [11.5, 0.5, 12, 1], "texture": "#0"},
				"west": {"uv": [1, 11.5, 1.5, 12], "texture": "#0"},
				"up": {"uv": [12, 1.5, 11.5, 1], "texture": "#0"},
				"down": {"uv": [2, 11.5, 1.5, 12], "texture": "#0"}
			}
		},
		{
			"from": [14, 17, 7],
			"to": [15, 18, 8],
			"rotation": {"angle": 0, "axis": "z", "origin": [9.5, 9.75, 7.5]},
			"faces": {
				"north": {"uv": [11.5, 1.5, 12, 2], "texture": "#0"},
				"east": {"uv": [2, 11.5, 2.5, 12], "texture": "#0"},
				"south": {"uv": [11.5, 2, 12, 2.5], "texture": "#0"},
				"west": {"uv": [2.5, 11.5, 3, 12], "texture": "#0"},
				"up": {"uv": [12, 3, 11.5, 2.5], "texture": "#0"},
				"down": {"uv": [3.5, 11.5, 3, 12], "texture": "#0"}
			}
		},
		{
			"from": [13, 18, 7],
			"to": [15, 19, 8],
			"rotation": {"angle": 0, "axis": "z", "origin": [9.5, 9.75, 7.5]},
			"faces": {
				"north": {"uv": [7.5, 2, 8.5, 2.5], "texture": "#0"},
				"east": {"uv": [11.5, 3, 12, 3.5], "texture": "#0"},
				"south": {"uv": [7.5, 2.5, 8.5, 3], "texture": "#0"},
				"west": {"uv": [3.5, 11.5, 4, 12], "texture": "#0"},
				"up": {"uv": [4, 8, 3, 7.5], "texture": "#0"},
				"down": {"uv": [8.5, 3, 7.5, 3.5], "texture": "#0"}
			}
		},
		{
			"from": [13, 16, 7],
			"to": [14, 17, 8],
			"rotation": {"angle": 0, "axis": "z", "origin": [9.5, 9.75, 7.5]},
			"faces": {
				"north": {"uv": [11.5, 3.5, 12, 4], "texture": "#0"},
				"east": {"uv": [4, 11.5, 4.5, 12], "texture": "#0"},
				"south": {"uv": [11.5, 4, 12, 4.5], "texture": "#0"},
				"west": {"uv": [4.5, 11.5, 5, 12], "texture": "#0"},
				"up": {"uv": [12, 5, 11.5, 4.5], "texture": "#0"},
				"down": {"uv": [5.5, 11.5, 5, 12], "texture": "#0"}
			}
		},
		{
			"from": [12, 17, 7],
			"to": [14, 18, 8],
			"rotation": {"angle": 0, "axis": "z", "origin": [9.5, 9.75, 7.5]},
			"faces": {
				"north": {"uv": [7.5, 3.5, 8.5, 4], "texture": "#0"},
				"east": {"uv": [11.5, 5, 12, 5.5], "texture": "#0"},
				"south": {"uv": [4, 7.5, 5, 8], "texture": "#0"},
				"west": {"uv": [5.5, 11.5, 6, 12], "texture": "#0"},
				"up": {"uv": [8.5, 4.5, 7.5, 4], "texture": "#0"},
				"down": {"uv": [8.5, 4.5, 7.5, 5], "texture": "#0"}
			}
		},
		{
			"from": [11, 16, 7],
			"to": [12, 17, 8],
			"rotation": {"angle": 0, "axis": "z", "origin": [9.5, 9.75, 7.5]},
			"faces": {
				"north": {"uv": [11.5, 5.5, 12, 6], "texture": "#0"},
				"east": {"uv": [6, 11.5, 6.5, 12], "texture": "#0"},
				"south": {"uv": [11.5, 6, 12, 6.5], "texture": "#0"},
				"west": {"uv": [6.5, 11.5, 7, 12], "texture": "#0"},
				"up": {"uv": [12, 7, 11.5, 6.5], "texture": "#0"},
				"down": {"uv": [7.5, 11.5, 7, 12], "texture": "#0"}
			}
		},
		{
			"from": [10, 12, 7],
			"to": [12, 16, 8],
			"rotation": {"angle": 0, "axis": "z", "origin": [9.5, 9.75, 7.5]},
			"faces": {
				"north": {"uv": [0, 0, 1, 2], "texture": "#0"},
				"east": {"uv": [0, 3, 0.5, 5], "texture": "#0"},
				"south": {"uv": [1, 0, 2, 2], "texture": "#0"},
				"west": {"uv": [0.5, 3, 1, 5], "texture": "#0"},
				"up": {"uv": [8.5, 5.5, 7.5, 5], "texture": "#0"},
				"down": {"uv": [8.5, 5.5, 7.5, 6], "texture": "#0"}
			}
		},
		{
			"from": [12, 10, 7],
			"to": [16, 12, 8],
			"rotation": {"angle": 0, "axis": "z", "origin": [9.5, 9.75, 7.5]},
			"faces": {
				"north": {"uv": [0, 2, 2, 3], "texture": "#0"},
				"east": {"uv": [1.5, 7.5, 2, 8.5], "texture": "#0"},
				"south": {"uv": [2, 0, 4, 1], "texture": "#0"},
				"west": {"uv": [5, 7.5, 5.5, 8.5], "texture": "#0"},
				"up": {"uv": [3, 3.5, 1, 3], "texture": "#0"},
				"down": {"uv": [5, 1, 3, 1.5], "texture": "#0"}
			}
		},
		{
			"from": [11, 11, 6.5],
			"to": [13, 13, 7],
			"rotation": {"angle": 0, "axis": "y", "origin": [11, 11, 6.5]},
			"faces": {
				"north": {"uv": [3, 1.5, 4, 2.5], "texture": "#0"},
				"east": {"uv": [7.5, 6, 8, 7], "texture": "#0"},
				"south": {"uv": [3, 2.5, 4, 3.5], "texture": "#0"},
				"west": {"uv": [7.5, 7, 8, 8], "texture": "#0"},
				"up": {"uv": [9, 0.5, 8, 0], "texture": "#0"},
				"down": {"uv": [9, 0.5, 8, 1], "texture": "#0"}
			}
		},
		{
			"from": [12, 9, 7],
			"to": [14, 10, 8],
			"rotation": {"angle": 0, "axis": "y", "origin": [10.5, 8.75, 7.5]},
			"faces": {
				"north": {"uv": [8, 1, 9, 1.5], "texture": "#0"},
				"east": {"uv": [11.5, 7, 12, 7.5], "texture": "#0"},
				"south": {"uv": [8, 1.5, 9, 2], "texture": "#0"},
				"west": {"uv": [7.5, 11.5, 8, 12], "texture": "#0"},
				"up": {"uv": [3, 8.5, 2, 8], "texture": "#0"},
				"down": {"uv": [4, 8, 3, 8.5], "texture": "#0"}
			}
		},
		{
			"from": [9, 12, 7],
			"to": [10, 14, 8],
			"rotation": {"angle": 0, "axis": "z", "origin": [10.5, 8.75, 7.5]},
			"faces": {
				"north": {"uv": [4, 8, 4.5, 9], "texture": "#0"},
				"east": {"uv": [4.5, 8, 5, 9], "texture": "#0"},
				"south": {"uv": [5.5, 8, 6, 9], "texture": "#0"},
				"west": {"uv": [6, 8, 6.5, 9], "texture": "#0"},
				"up": {"uv": [12, 8, 11.5, 7.5], "texture": "#0"},
				"down": {"uv": [8.5, 11.5, 8, 12], "texture": "#0"}
			}
		},
		{
			"from": [18, 11, 7],
			"to": [19, 13, 8],
			"rotation": {"angle": 0, "axis": "y", "origin": [11.5, 7.75, 7.5]},
			"faces": {
				"north": {"uv": [8, 6, 8.5, 7], "texture": "#0"},
				"east": {"uv": [6.5, 8, 7, 9], "texture": "#0"},
				"south": {"uv": [7, 8, 7.5, 9], "texture": "#0"},
				"west": {"uv": [8, 7, 8.5, 8], "texture": "#0"},
				"up": {"uv": [12, 8.5, 11.5, 8], "texture": "#0"},
				"down": {"uv": [9, 11.5, 8.5, 12], "texture": "#0"}
			}
		},
		{
			"from": [11, 18, 7],
			"to": [13, 19, 8],
			"rotation": {"angle": 0, "axis": "y", "origin": [8.5, 10.75, 7.5]},
			"faces": {
				"north": {"uv": [7.5, 8, 8.5, 8.5], "texture": "#0"},
				"east": {"uv": [11.5, 8.5, 12, 9], "texture": "#0"},
				"south": {"uv": [0, 8.5, 1, 9], "texture": "#0"},
				"west": {"uv": [9, 11.5, 9.5, 12], "texture": "#0"},
				"up": {"uv": [2, 9, 1, 8.5], "texture": "#0"},
				"down": {"uv": [3, 8.5, 2, 9], "texture": "#0"}
			}
		},
		{
			"from": [12, 8, 7],
			"to": [13, 9, 8],
			"rotation": {"angle": 0, "axis": "y", "origin": [10.5, 7.75, 7.5]},
			"faces": {
				"north": {"uv": [11.5, 9, 12, 9.5], "texture": "#0"},
				"east": {"uv": [9.5, 11.5, 10, 12], "texture": "#0"},
				"south": {"uv": [11.5, 9.5, 12, 10], "texture": "#0"},
				"west": {"uv": [10, 11.5, 10.5, 12], "texture": "#0"},
				"up": {"uv": [12, 10.5, 11.5, 10], "texture": "#0"},
				"down": {"uv": [11, 11.5, 10.5, 12], "texture": "#0"}
			}
		},
		{
			"from": [8, 12, 7],
			"to": [9, 13, 8],
			"rotation": {"angle": 0, "axis": "y", "origin": [9.5, 8.75, 7.5]},
			"faces": {
				"north": {"uv": [11.5, 10.5, 12, 11], "texture": "#0"},
				"east": {"uv": [11, 11.5, 11.5, 12], "texture": "#0"},
				"south": {"uv": [11.5, 11, 12, 11.5], "texture": "#0"},
				"west": {"uv": [11.5, 11.5, 12, 12], "texture": "#0"},
				"up": {"uv": [0.5, 12.5, 0, 12], "texture": "#0"},
				"down": {"uv": [12.5, 0, 12, 0.5], "texture": "#0"}
			}
		},
		{
			"from": [7, 10, 7],
			"to": [8, 11, 8],
			"rotation": {"angle": 0, "axis": "y", "origin": [8.5, 10.75, 7.5]},
			"faces": {
				"north": {"uv": [0.5, 12, 1, 12.5], "texture": "#0"},
				"east": {"uv": [12, 0.5, 12.5, 1], "texture": "#0"},
				"south": {"uv": [1, 12, 1.5, 12.5], "texture": "#0"},
				"west": {"uv": [12, 1, 12.5, 1.5], "texture": "#0"},
				"up": {"uv": [2, 12.5, 1.5, 12], "texture": "#0"},
				"down": {"uv": [12.5, 1.5, 12, 2], "texture": "#0"}
			}
		},
		{
			"from": [10, 7, 7],
			"to": [11, 8, 8],
			"rotation": {"angle": 0, "axis": "y", "origin": [11.5, 7.75, 7.5]},
			"faces": {
				"north": {"uv": [2, 12, 2.5, 12.5], "texture": "#0"},
				"east": {"uv": [12, 2, 12.5, 2.5], "texture": "#0"},
				"south": {"uv": [2.5, 12, 3, 12.5], "texture": "#0"},
				"west": {"uv": [12, 2.5, 12.5, 3], "texture": "#0"},
				"up": {"uv": [3.5, 12.5, 3, 12], "texture": "#0"},
				"down": {"uv": [12.5, 3, 12, 3.5], "texture": "#0"}
			}
		}
	],
	"display": {
		"thirdperson_righthand": {
			"rotation": [180, 98, 180],
			"translation": [1.5, 2.75, -2],
			"scale": [1.5, 1.5, 1.5]
		},
		"thirdperson_lefthand": {
			"rotation": [6.75, 82, -99],
			"translation": [0.75, 1.75, -1.25],
			"scale": [1.5, 1.5, 1.5]
		},
		"firstperson_righthand": {
			"rotation": [-35, 80, 0]
		},
		"firstperson_lefthand": {
			"rotation": [0, -105, 34],
			"translation": [0.25, -0.25, 0]
		},
		"gui": {
			"scale": [0.6, 0.6, 0.6]
		}
	},
	"groups": [
		{
			"name": "group",
			"origin": [9, 10, 7],
			"color": 0,
			"children": [
				0,
				1,
				2,
				3,
				4,
				5,
				6,
				7,
				8,
				9,
				10,
				11,
				12,
				13,
				14,
				15,
				16,
				17,
				18,
				19,
				20,
				21,
				22,
				23,
				24,
				25,
				26,
				27,
				28,
				29,
				30,
				31,
				32,
				33,
				34,
				35,
				36,
				37,
				38,
				39,
				40,
				41,
				42,
				43,
				44,
				45,
				46,
				47,
				48,
				49,
				50,
				51,
				52,
				53,
				54,
				55,
				56,
				57,
				58,
				59,
				60,
				61,
				62,
				63,
				64,
				65,
				66,
				67,
				68
			]
		}
	]
}