{
	"credit": "Made with Blockbench",
	"texture_size": [128, 128],
	"textures": {
		"0": "item/umbrella",
		"particle": "item/umbrella"
	},
	"elements": [
		{
			"from": [7, 0, 7],
			"to": [9, 30, 9],
			"rotation": {"angle": 0, "axis": "y", "origin": [7, 0, 7]},
			"faces": {
				"north": {"uv": [4.25, 5, 4.5, 8.75], "texture": "#0"},
				"east": {"uv": [4.5, 5, 4.75, 8.75], "texture": "#0"},
				"south": {"uv": [0.75, 5.5, 1, 9.25], "texture": "#0"},
				"west": {"uv": [1, 5.5, 1.25, 9.25], "texture": "#0"},
				"up": {"uv": [6, 3.25, 5.75, 3], "texture": "#0"},
				"down": {"uv": [6, 3.25, 5.75, 3.5], "texture": "#0"}
			}
		},
		{
			"from": [0, 30, 0],
			"to": [16, 31, 16],
			"rotation": {"angle": 0, "axis": "y", "origin": [0, 30, 0]},
			"faces": {
				"north": {"uv": [2, 7, 4, 7.125], "texture": "#0"},
				"east": {"uv": [7, 4, 9, 4.125], "texture": "#0"},
				"south": {"uv": [7, 4.125, 9, 4.25], "texture": "#0"},
				"west": {"uv": [7, 4.25, 9, 4.375], "texture": "#0"},
				"up": {"uv": [2, 2, 0, 0], "texture": "#0"},
				"down": {"uv": [2, 2, 0, 4], "texture": "#0"}
			}
		},
		{
			"from": [7, 31, 7],
			"to": [9, 32, 9],
			"rotation": {"angle": 0, "axis": "y", "origin": [7, 31, 7]},
			"faces": {
				"north": {"uv": [4, 7, 4.25, 7.125], "texture": "#0"},
				"east": {"uv": [7.5, 2.125, 7.75, 2.25], "texture": "#0"},
				"south": {"uv": [6.5, 7.5, 6.75, 7.625], "texture": "#0"},
				"west": {"uv": [6.75, 7.5, 7, 7.625], "texture": "#0"},
				"up": {"uv": [6.25, 4, 6, 3.75], "texture": "#0"},
				"down": {"uv": [6.25, 4, 6, 4.25], "texture": "#0"}
			}
		},
		{
			"from": [0, 29, 15],
			"to": [16, 30, 21],
			"rotation": {"angle": 0, "axis": "y", "origin": [0, 29, 15]},
			"faces": {
				"north": {"uv": [7, 4.375, 9, 4.5], "texture": "#0"},
				"east": {"uv": [4.25, 3, 5, 3.125], "texture": "#0"},
				"south": {"uv": [7, 4.5, 9, 4.625], "texture": "#0"},
				"west": {"uv": [4.25, 3.125, 5, 3.25], "texture": "#0"},
				"up": {"uv": [2, 4.75, 0, 4], "texture": "#0"},
				"down": {"uv": [6.25, 2.25, 4.25, 3], "texture": "#0"}
			}
		},
		{
			"from": [0, 29, -5],
			"to": [16, 30, 1],
			"rotation": {"angle": 0, "axis": "y", "origin": [0, 29, -5]},
			"faces": {
				"north": {"uv": [7, 4.625, 9, 4.75], "texture": "#0"},
				"east": {"uv": [4.25, 3.25, 5, 3.375], "texture": "#0"},
				"south": {"uv": [7, 4.75, 9, 4.875], "texture": "#0"},
				"west": {"uv": [4.25, 3.375, 5, 3.5], "texture": "#0"},
				"up": {"uv": [4.75, 5, 2.75, 4.25], "texture": "#0"},
				"down": {"uv": [2, 4.75, 0, 5.5], "texture": "#0"}
			}
		},
		{
			"from": [15, 29, 0],
			"to": [21, 30, 16],
			"rotation": {"angle": 0, "axis": "y", "origin": [21, 29, 0]},
			"faces": {
				"north": {"uv": [5, 3, 5.75, 3.125], "texture": "#0"},
				"east": {"uv": [7, 4.875, 9, 5], "texture": "#0"},
				"south": {"uv": [5, 3.125, 5.75, 3.25], "texture": "#0"},
				"west": {"uv": [7, 5, 9, 5.125], "texture": "#0"},
				"up": {"uv": [5.5, 6.25, 4.75, 4.25], "texture": "#0"},
				"down": {"uv": [3.5, 5, 2.75, 7], "texture": "#0"}
			}
		},
		{
			"from": [-5, 29, 0],
			"to": [1, 30, 16],
			"rotation": {"angle": 0, "axis": "y", "origin": [1, 29, 0]},
			"faces": {
				"north": {"uv": [5, 3.25, 5.75, 3.375], "texture": "#0"},
				"east": {"uv": [7, 5.125, 9, 5.25], "texture": "#0"},
				"south": {"uv": [5, 3.375, 5.75, 3.5], "texture": "#0"},
				"west": {"uv": [7, 5.25, 9, 5.375], "texture": "#0"},
				"up": {"uv": [4.25, 7, 3.5, 5], "texture": "#0"},
				"down": {"uv": [0.75, 5.5, 0, 7.5], "texture": "#0"}
			}
		},
		{
			"from": [-5, 28, 15],
			"to": [1, 29, 21],
			"rotation": {"angle": 0, "axis": "y", "origin": [-5, 28, 15]},
			"faces": {
				"north": {"uv": [4.75, 7, 5.5, 7.125], "texture": "#0"},
				"east": {"uv": [7, 5.375, 7.75, 5.5], "texture": "#0"},
				"south": {"uv": [7, 5.5, 7.75, 5.625], "texture": "#0"},
				"west": {"uv": [7, 5.625, 7.75, 5.75], "texture": "#0"},
				"up": {"uv": [2, 6.25, 1.25, 5.5], "texture": "#0"},
				"down": {"uv": [6.25, 4.25, 5.5, 5], "texture": "#0"}
			}
		},
		{
			"from": [15, 28, 15],
			"to": [21, 29, 21],
			"rotation": {"angle": 0, "axis": "y", "origin": [15, 28, 15]},
			"faces": {
				"north": {"uv": [7, 5.75, 7.75, 5.875], "texture": "#0"},
				"east": {"uv": [7, 5.875, 7.75, 6], "texture": "#0"},
				"south": {"uv": [7, 6, 7.75, 6.125], "texture": "#0"},
				"west": {"uv": [7, 6.125, 7.75, 6.25], "texture": "#0"},
				"up": {"uv": [6.25, 5.75, 5.5, 5], "texture": "#0"},
				"down": {"uv": [6.25, 5.75, 5.5, 6.5], "texture": "#0"}
			}
		},
		{
			"from": [15, 28, -5],
			"to": [21, 29, 1],
			"rotation": {"angle": 0, "axis": "y", "origin": [15, 28, -5]},
			"faces": {
				"north": {"uv": [7, 6.25, 7.75, 6.375], "texture": "#0"},
				"east": {"uv": [7, 6.375, 7.75, 6.5], "texture": "#0"},
				"south": {"uv": [7, 6.5, 7.75, 6.625], "texture": "#0"},
				"west": {"uv": [7, 6.625, 7.75, 6.75], "texture": "#0"},
				"up": {"uv": [6.75, 3.75, 6, 3], "texture": "#0"},
				"down": {"uv": [2, 6.25, 1.25, 7], "texture": "#0"}
			}
		},
		{
			"from": [-5, 28, -5],
			"to": [1, 29, 1],
			"rotation": {"angle": 0, "axis": "y", "origin": [-5, 28, -5]},
			"faces": {
				"north": {"uv": [7, 6.75, 7.75, 6.875], "texture": "#0"},
				"east": {"uv": [7, 6.875, 7.75, 7], "texture": "#0"},
				"south": {"uv": [7, 7, 7.75, 7.125], "texture": "#0"},
				"west": {"uv": [2, 7.125, 2.75, 7.25], "texture": "#0"},
				"up": {"uv": [7, 3, 6.25, 2.25], "texture": "#0"},
				"down": {"uv": [7, 3.75, 6.25, 4.5], "texture": "#0"}
			}
		},
		{
			"from": [-5, 28, -11],
			"to": [21, 29, -5],
			"rotation": {"angle": 0, "axis": "y", "origin": [-5, 28, -11]},
			"faces": {
				"north": {"uv": [7, 2.75, 10.25, 2.875], "texture": "#0"},
				"east": {"uv": [2.75, 7.125, 3.5, 7.25], "texture": "#0"},
				"south": {"uv": [7, 2.875, 10.25, 3], "texture": "#0"},
				"west": {"uv": [3.5, 7.125, 4.25, 7.25], "texture": "#0"},
				"up": {"uv": [6, 4.25, 2.75, 3.5], "texture": "#0"},
				"down": {"uv": [7.5, 0, 4.25, 0.75], "texture": "#0"}
			}
		},
		{
			"from": [-5, 28, 21],
			"to": [21, 29, 27],
			"rotation": {"angle": 0, "axis": "y", "origin": [-5, 28, 21]},
			"faces": {
				"north": {"uv": [7, 3.75, 10.25, 3.875], "texture": "#0"},
				"east": {"uv": [4.75, 7.125, 5.5, 7.25], "texture": "#0"},
				"south": {"uv": [7, 3.875, 10.25, 4], "texture": "#0"},
				"west": {"uv": [7, 7.125, 7.75, 7.25], "texture": "#0"},
				"up": {"uv": [7.5, 1.5, 4.25, 0.75], "texture": "#0"},
				"down": {"uv": [7.5, 1.5, 4.25, 2.25], "texture": "#0"}
			}
		},
		{
			"from": [-11, 28, -6],
			"to": [-5, 29, 22],
			"rotation": {"angle": 0, "axis": "y", "origin": [-5, 28, -6]},
			"faces": {
				"north": {"uv": [2, 7.25, 2.75, 7.375], "texture": "#0"},
				"east": {"uv": [7, 2.25, 10.5, 2.375], "texture": "#0"},
				"south": {"uv": [2.75, 7.25, 3.5, 7.375], "texture": "#0"},
				"west": {"uv": [7, 2.375, 10.5, 2.5], "texture": "#0"},
				"up": {"uv": [2.75, 3.5, 2, 0], "texture": "#0"},
				"down": {"uv": [3.5, 0, 2.75, 3.5], "texture": "#0"}
			}
		},
		{
			"from": [21, 28, -6],
			"to": [27, 29, 22],
			"rotation": {"angle": 0, "axis": "y", "origin": [27, 28, -6]},
			"faces": {
				"north": {"uv": [3.5, 7.25, 4.25, 7.375], "texture": "#0"},
				"east": {"uv": [7, 2.5, 10.5, 2.625], "texture": "#0"},
				"south": {"uv": [4.75, 7.25, 5.5, 7.375], "texture": "#0"},
				"west": {"uv": [7, 2.625, 10.5, 2.75], "texture": "#0"},
				"up": {"uv": [4.25, 3.5, 3.5, 0], "texture": "#0"},
				"down": {"uv": [2.75, 3.5, 2, 7], "texture": "#0"}
			}
		},
		{
			"from": [-11, 27, 21],
			"to": [-5, 28, 27],
			"rotation": {"angle": 0, "axis": "y", "origin": [-11, 27, 21]},
			"faces": {
				"north": {"uv": [5.5, 7.25, 6.25, 7.375], "texture": "#0"},
				"east": {"uv": [7, 7.25, 7.75, 7.375], "texture": "#0"},
				"south": {"uv": [2, 7.375, 2.75, 7.5], "texture": "#0"},
				"west": {"uv": [2.75, 7.375, 3.5, 7.5], "texture": "#0"},
				"up": {"uv": [7, 5.25, 6.25, 4.5], "texture": "#0"},
				"down": {"uv": [5.5, 6.25, 4.75, 7], "texture": "#0"}
			}
		},
		{
			"from": [21, 27, 21],
			"to": [27, 28, 27],
			"rotation": {"angle": 0, "axis": "y", "origin": [21, 27, 21]},
			"faces": {
				"north": {"uv": [3.5, 7.375, 4.25, 7.5], "texture": "#0"},
				"east": {"uv": [4.75, 7.375, 5.5, 7.5], "texture": "#0"},
				"south": {"uv": [5.5, 7.375, 6.25, 7.5], "texture": "#0"},
				"west": {"uv": [7, 7.375, 7.75, 7.5], "texture": "#0"},
				"up": {"uv": [7, 6, 6.25, 5.25], "texture": "#0"},
				"down": {"uv": [7, 6, 6.25, 6.75], "texture": "#0"}
			}
		},
		{
			"from": [21, 27, -11],
			"to": [27, 28, -5],
			"rotation": {"angle": 0, "axis": "y", "origin": [21, 27, -11]},
			"faces": {
				"north": {"uv": [0, 7.5, 0.75, 7.625], "texture": "#0"},
				"east": {"uv": [7.5, 0, 8.25, 0.125], "texture": "#0"},
				"south": {"uv": [7.5, 0.125, 8.25, 0.25], "texture": "#0"},
				"west": {"uv": [7.5, 0.25, 8.25, 0.375], "texture": "#0"},
				"up": {"uv": [6.25, 7.25, 5.5, 6.5], "texture": "#0"},
				"down": {"uv": [7.5, 3, 6.75, 3.75], "texture": "#0"}
			}
		},
		{
			"from": [-11, 27, -11],
			"to": [-5, 28, -5],
			"rotation": {"angle": 0, "axis": "y", "origin": [-11, 27, -11]},
			"faces": {
				"north": {"uv": [7.5, 0.375, 8.25, 0.5], "texture": "#0"},
				"east": {"uv": [7.5, 0.5, 8.25, 0.625], "texture": "#0"},
				"south": {"uv": [7.5, 0.625, 8.25, 0.75], "texture": "#0"},
				"west": {"uv": [7.5, 0.75, 8.25, 0.875], "texture": "#0"},
				"up": {"uv": [7, 7.5, 6.25, 6.75], "texture": "#0"},
				"down": {"uv": [2, 7, 1.25, 7.75], "texture": "#0"}
			}
		},
		{
			"from": [-11, 26, -11],
			"to": [-10, 27, -10],
			"rotation": {"angle": 0, "axis": "y", "origin": [-11, 26, -11]},
			"faces": {
				"north": {"uv": [7, 7.5, 7.125, 7.625], "texture": "#0"},
				"east": {"uv": [7.125, 7.5, 7.25, 7.625], "texture": "#0"},
				"south": {"uv": [7.25, 7.5, 7.375, 7.625], "texture": "#0"},
				"west": {"uv": [7.375, 7.5, 7.5, 7.625], "texture": "#0"},
				"up": {"uv": [7.625, 7.625, 7.5, 7.5], "texture": "#0"},
				"down": {"uv": [0.125, 7.625, 0, 7.75], "texture": "#0"}
			}
		},
		{
			"from": [-11.5, 24, -11.5],
			"to": [-9.5, 26, -9.5],
			"rotation": {"angle": 0, "axis": "y", "origin": [-11.5, 24, -11.5]},
			"faces": {
				"north": {"uv": [7.5, 0.875, 7.75, 1.125], "texture": "#0"},
				"east": {"uv": [7.5, 1.125, 7.75, 1.375], "texture": "#0"},
				"south": {"uv": [7.5, 1.375, 7.75, 1.625], "texture": "#0"},
				"west": {"uv": [7.5, 1.625, 7.75, 1.875], "texture": "#0"},
				"up": {"uv": [7.75, 2.125, 7.5, 1.875], "texture": "#0"},
				"down": {"uv": [2.25, 7.5, 2, 7.75], "texture": "#0"}
			}
		},
		{
			"from": [-11, 26, 26],
			"to": [-10, 27, 27],
			"rotation": {"angle": 0, "axis": "y", "origin": [-11, 26, 26]},
			"faces": {
				"north": {"uv": [0.125, 7.625, 0.25, 7.75], "texture": "#0"},
				"east": {"uv": [0.25, 7.625, 0.375, 7.75], "texture": "#0"},
				"south": {"uv": [0.375, 7.625, 0.5, 7.75], "texture": "#0"},
				"west": {"uv": [0.5, 7.625, 0.625, 7.75], "texture": "#0"},
				"up": {"uv": [0.75, 7.75, 0.625, 7.625], "texture": "#0"},
				"down": {"uv": [6.625, 7.625, 6.5, 7.75], "texture": "#0"}
			}
		},
		{
			"from": [-11.5, 24, 25.5],
			"to": [-9.5, 26, 27.5],
			"rotation": {"angle": 0, "axis": "y", "origin": [-11.5, 24, 25.5]},
			"faces": {
				"north": {"uv": [2.25, 7.5, 2.5, 7.75], "texture": "#0"},
				"east": {"uv": [2.5, 7.5, 2.75, 7.75], "texture": "#0"},
				"south": {"uv": [2.75, 7.5, 3, 7.75], "texture": "#0"},
				"west": {"uv": [3, 7.5, 3.25, 7.75], "texture": "#0"},
				"up": {"uv": [7.75, 3.25, 7.5, 3], "texture": "#0"},
				"down": {"uv": [3.5, 7.5, 3.25, 7.75], "texture": "#0"}
			}
		},
		{
			"from": [26, 26, 26],
			"to": [27, 27, 27],
			"rotation": {"angle": 0, "axis": "y", "origin": [26, 26, 26]},
			"faces": {
				"north": {"uv": [6.625, 7.625, 6.75, 7.75], "texture": "#0"},
				"east": {"uv": [6.75, 7.625, 6.875, 7.75], "texture": "#0"},
				"south": {"uv": [6.875, 7.625, 7, 7.75], "texture": "#0"},
				"west": {"uv": [7, 7.625, 7.125, 7.75], "texture": "#0"},
				"up": {"uv": [7.25, 7.75, 7.125, 7.625], "texture": "#0"},
				"down": {"uv": [7.375, 7.625, 7.25, 7.75], "texture": "#0"}
			}
		},
		{
			"from": [25.5, 24, 25.5],
			"to": [27.5, 26, 27.5],
			"rotation": {"angle": 0, "axis": "y", "origin": [25.5, 24, 25.5]},
			"faces": {
				"north": {"uv": [7.5, 3.25, 7.75, 3.5], "texture": "#0"},
				"east": {"uv": [3.5, 7.5, 3.75, 7.75], "texture": "#0"},
				"south": {"uv": [7.5, 3.5, 7.75, 3.75], "texture": "#0"},
				"west": {"uv": [3.75, 7.5, 4, 7.75], "texture": "#0"},
				"up": {"uv": [4.25, 7.75, 4, 7.5], "texture": "#0"},
				"down": {"uv": [5, 7.5, 4.75, 7.75], "texture": "#0"}
			}
		},
		{
			"from": [26, 26, -11],
			"to": [27, 27, -10],
			"rotation": {"angle": 0, "axis": "y", "origin": [26, 26, -11]},
			"faces": {
				"north": {"uv": [7.375, 7.625, 7.5, 7.75], "texture": "#0"},
				"east": {"uv": [7.5, 7.625, 7.625, 7.75], "texture": "#0"},
				"south": {"uv": [7.625, 7.5, 7.75, 7.625], "texture": "#0"},
				"west": {"uv": [7.625, 7.625, 7.75, 7.75], "texture": "#0"},
				"up": {"uv": [0.125, 7.875, 0, 7.75], "texture": "#0"},
				"down": {"uv": [0.25, 7.75, 0.125, 7.875], "texture": "#0"}
			}
		},
		{
			"from": [25.5, 24, -11.5],
			"to": [27.5, 26, -9.5],
			"rotation": {"angle": 0, "axis": "y", "origin": [25.5, 24, -11.5]},
			"faces": {
				"north": {"uv": [5, 7.5, 5.25, 7.75], "texture": "#0"},
				"east": {"uv": [5.25, 7.5, 5.5, 7.75], "texture": "#0"},
				"south": {"uv": [5.5, 7.5, 5.75, 7.75], "texture": "#0"},
				"west": {"uv": [5.75, 7.5, 6, 7.75], "texture": "#0"},
				"up": {"uv": [6.25, 7.75, 6, 7.5], "texture": "#0"},
				"down": {"uv": [6.5, 7.5, 6.25, 7.75], "texture": "#0"}
			}
		}
	],
	"display": {
		"thirdperson_righthand": {
			"rotation": [58, 0, 0],
			"translation": [0.5, -0.25, 5.5]
		},
		"thirdperson_lefthand": {
			"rotation": [58, 0, 0],
			"translation": [0.5, 0, 5.5]
		},
		"gui": {
			"rotation": [0, 0, -38.25],
			"translation": [-5.25, -5, 0],
			"scale": [0.45, 0.45, 0.45]
		}
	},
	"groups": [
		{
			"name": "group",
			"origin": [25.5, 24, -11.5],
			"color": 0,
			"children": [0, 1, 2, 3, 4, 5, 6, 7, 8, 9, 10, 11, 12, 13, 14, 15, 16, 17, 18, 19, 20, 21, 22, 23, 24, 25, 26]
		}
	]
}