{
	"parent": "item/generated",
	"textures": {
		"layer0": "minecraft:item/white_dye"
	},
	"overrides": [
		{
			"predicate": {
				"custom_model_data": 1
			},
			"model": "animated_java:empty"
		},
		{
			"predicate": {
				"custom_model_data": 2
			},
			"model": "animated_java:item/tang_helewo/default/head"
		},
		{
			"predicate": {
				"custom_model_data": 3
			},
			"model": "animated_java:item/tang_helewo/default/body"
		},
		{
			"predicate": {
				"custom_model_data": 4
			},
			"model": "animated_java:item/tang_helewo/default/right_arm"
		},
		{
			"predicate": {
				"custom_model_data": 5
			},
			"model": "animated_java:item/tang_helewo/default/left_arm"
		},
		{
			"predicate": {
				"custom_model_data": 6
			},
			"model": "animated_java:item/tang_helewo/default/right_leg"
		},
		{
			"predicate": {
				"custom_model_data": 7
			},
			"model": "animated_java:item/tang_helewo/default/left_leg"
		},
		{
			"predicate": {
				"custom_model_data": 8
			},
			"model": "animated_java:item/tang_helewo/changed/head"
		},
		{
			"predicate": {
				"custom_model_data": 9
			},
			"model": "animated_java:item/tang_helewo/changed/body"
		},
		{
			"predicate": {
				"custom_model_data": 10
			},
			"model": "animated_java:item/tang_helewo/changed/right_arm"
		},
		{
			"predicate": {
				"custom_model_data": 11
			},
			"model": "animated_java:item/tang_helewo/changed/left_arm"
		},
		{
			"predicate": {
				"custom_model_data": 12
			},
			"model": "animated_java:item/tang_helewo/changed/right_leg"
		},
		{
			"predicate": {
				"custom_model_data": 13
			},
			"model": "animated_java:item/tang_helewo/changed/left_leg"
		},
		{
			"predicate": {
				"custom_model_data": 14
			},
			"model": "animated_java:item/tang_yadan/default/head"
		},
		{
			"predicate": {
				"custom_model_data": 15
			},
			"model": "animated_java:item/tang_choke/default/right_leg"
		},
		{
			"predicate": {
				"custom_model_data": 16
			},
			"model": "animated_java:item/tang_choke/default/left_leg"
		},
		{
			"predicate": {
				"custom_model_data": 17
			},
			"model": "animated_java:item/tang_choke/default/head"
		},
		{
			"predicate": {
				"custom_model_data": 18
			},
			"model": "animated_java:item/tang_choke/default/body"
		},
		{
			"predicate": {
				"custom_model_data": 19
			},
			"model": "animated_java:item/tang_choke/default/right_arm"
		},
		{
			"predicate": {
				"custom_model_data": 20
			},
			"model": "animated_java:item/tang_choke/default/left_arm"
		},
		{
			"predicate": {
				"custom_model_data": 21
			},
			"model": "animated_java:item/tang_choke/stone/right_leg"
		},
		{
			"predicate": {
				"custom_model_data": 22
			},
			"model": "animated_java:item/tang_choke/stone/left_leg"
		},
		{
			"predicate": {
				"custom_model_data": 23
			},
			"model": "animated_java:item/tang_choke/stone/head"
		},
		{
			"predicate": {
				"custom_model_data": 24
			},
			"model": "animated_java:item/tang_choke/stone/body"
		},
		{
			"predicate": {
				"custom_model_data": 25
			},
			"model": "animated_java:item/tang_choke/stone/right_arm"
		},
		{
			"predicate": {
				"custom_model_data": 26
			},
			"model": "animated_java:item/tang_choke/stone/left_arm"
		},
		{
			"predicate": {
				"custom_model_data": 27
			},
			"model": "animated_java:item/tang_dawn/default/head"
		},
		{
			"predicate": {
				"custom_model_data": 28
			},
			"model": "animated_java:item/tang_dawn/default/body"
		},
		{
			"predicate": {
				"custom_model_data": 29
			},
			"model": "animated_java:item/tang_dawn/default/right_arm"
		},
		{
			"predicate": {
				"custom_model_data": 30
			},
			"model": "animated_java:item/tang_dawn/default/left_arm"
		},
		{
			"predicate": {
				"custom_model_data": 31
			},
			"model": "animated_java:item/tang_dawn/default/right_leg"
		},
		{
			"predicate": {
				"custom_model_data": 32
			},
			"model": "animated_java:item/tang_dawn/default/left_leg"
		},
		{
			"predicate": {
				"custom_model_data": 33
			},
			"model": "animated_java:item/tang_ml/default/head"
		},
		{
			"predicate": {
				"custom_model_data": 34
			},
			"model": "animated_java:item/tang_ml/default/body"
		},
		{
			"predicate": {
				"custom_model_data": 35
			},
			"model": "animated_java:item/tang_ml/default/right_arm"
		},
		{
			"predicate": {
				"custom_model_data": 36
			},
			"model": "animated_java:item/tang_ml/default/left_arm"
		},
		{
			"predicate": {
				"custom_model_data": 37
			},
			"model": "animated_java:item/tang_ml/default/right_leg"
		},
		{
			"predicate": {
				"custom_model_data": 38
			},
			"model": "animated_java:item/tang_ml/default/left_leg"
		},
		{
			"predicate": {
				"custom_model_data": 39
			},
			"model": "animated_java:item/tang_and/default/head"
		},
		{
			"predicate": {
				"custom_model_data": 40
			},
			"model": "animated_java:item/tang_and/default/body"
		},
		{
			"predicate": {
				"custom_model_data": 41
			},
			"model": "animated_java:item/tang_and/default/right_arm"
		},
		{
			"predicate": {
				"custom_model_data": 42
			},
			"model": "animated_java:item/tang_and/default/left_arm"
		},
		{
			"predicate": {
				"custom_model_data": 43
			},
			"model": "animated_java:item/tang_and/default/right_leg"
		},
		{
			"predicate": {
				"custom_model_data": 44
			},
			"model": "animated_java:item/tang_and/default/left_leg"
		},
		{
			"predicate": {
				"custom_model_data": 45
			},
			"model": "animated_java:item/tang_sen/default/head"
		},
		{
			"predicate": {
				"custom_model_data": 46
			},
			"model": "animated_java:item/tang_sen/default/body"
		},
		{
			"predicate": {
				"custom_model_data": 47
			},
			"model": "animated_java:item/tang_sen/default/right_arm"
		},
		{
			"predicate": {
				"custom_model_data": 48
			},
			"model": "animated_java:item/tang_sen/default/left_arm"
		},
		{
			"predicate": {
				"custom_model_data": 49
			},
			"model": "animated_java:item/tang_sen/default/right_leg"
		},
		{
			"predicate": {
				"custom_model_data": 50
			},
			"model": "animated_java:item/tang_sen/default/left_leg"
		},
		{
			"predicate": {
				"custom_model_data": 51
			},
			"model": "animated_java:item/tang_carbon/default/head"
		},
		{
			"predicate": {
				"custom_model_data": 52
			},
			"model": "animated_java:item/tang_carbon/default/body"
		},
		{
			"predicate": {
				"custom_model_data": 53
			},
			"model": "animated_java:item/tang_carbon/default/right_arm"
		},
		{
			"predicate": {
				"custom_model_data": 54
			},
			"model": "animated_java:item/tang_carbon/default/left_arm"
		},
		{
			"predicate": {
				"custom_model_data": 55
			},
			"model": "animated_java:item/tang_carbon/default/right_leg"
		},
		{
			"predicate": {
				"custom_model_data": 56
			},
			"model": "animated_java:item/tang_carbon/default/left_leg"
		},
		{
			"predicate": {
				"custom_model_data": 57
			},
			"model": "animated_java:item/tang_rain/default/head"
		},
		{
			"predicate": {
				"custom_model_data": 58
			},
			"model": "animated_java:item/tang_rain/default/body"
		},
		{
			"predicate": {
				"custom_model_data": 59
			},
			"model": "animated_java:item/tang_rain/default/right_arm"
		},
		{
			"predicate": {
				"custom_model_data": 60
			},
			"model": "animated_java:item/tang_rain/default/left_arm"
		},
		{
			"predicate": {
				"custom_model_data": 61
			},
			"model": "animated_java:item/tang_rain/default/right_leg"
		},
		{
			"predicate": {
				"custom_model_data": 62
			},
			"model": "animated_java:item/tang_rain/default/left_leg"
		},
		{
			"predicate": {
				"custom_model_data": 63
			},
			"model": "animated_java:item/tang_agnc/default/head"
		},
		{
			"predicate": {
				"custom_model_data": 64
			},
			"model": "animated_java:item/tang_agnc/default/body"
		},
		{
			"predicate": {
				"custom_model_data": 65
			},
			"model": "animated_java:item/tang_agnc/default/right_arm"
		},
		{
			"predicate": {
				"custom_model_data": 66
			},
			"model": "animated_java:item/tang_agnc/default/left_arm"
		},
		{
			"predicate": {
				"custom_model_data": 67
			},
			"model": "animated_java:item/tang_agnc/default/right_leg"
		},
		{
			"predicate": {
				"custom_model_data": 68
			},
			"model": "animated_java:item/tang_agnc/default/left_leg"
		},
		{
			"predicate": {
				"custom_model_data": 69
			},
			"model": "animated_java:item/tang_zimin/default/head"
		},
		{
			"predicate": {
				"custom_model_data": 70
			},
			"model": "animated_java:item/tang_zimin/default/body"
		},
		{
			"predicate": {
				"custom_model_data": 71
			},
			"model": "animated_java:item/tang_zimin/default/right_arm"
		},
		{
			"predicate": {
				"custom_model_data": 72
			},
			"model": "animated_java:item/tang_zimin/default/left_arm"
		},
		{
			"predicate": {
				"custom_model_data": 73
			},
			"model": "animated_java:item/tang_zimin/default/right_leg"
		},
		{
			"predicate": {
				"custom_model_data": 74
			},
			"model": "animated_java:item/tang_zimin/default/left_leg"
		}
	],
	"animated_java": {
		"tang_agnc": [63, 64, 65, 66, 67, 68],
		"tang_and": [39, 40, 41, 42, 43, 44],
		"tang_carbon": [51, 52, 53, 54, 55, 56],
		"tang_choke": [15, 16, 17, 18, 19, 20, 21, 22, 23, 24, 25, 26],
		"tang_dawn": [27, 28, 29, 30, 31, 32],
		"tang_helewo": [1, 2, 3, 4, 5, 6, 7, 8, 9, 10, 11, 12, 13],
		"tang_ml": [33, 34, 35, 36, 37, 38],
		"tang_rain": [57, 58, 59, 60, 61, 62],
		"tang_sen": [45, 46, 47, 48, 49, 50],
		"tang_yadan": [14],
		"tang_zimin": [69, 70, 71, 72, 73, 74]
	}
}