{
	"textures": {
		"0": "minecraft:item/yadan"
	},
	"display": {
		"head": {
			"rotation": [0, 180, 0]
		}
	},
	"elements": [
		{
			"from": [-1.6, 8, 7.5875],
			"to": [17.6, 32, 7.7375],
			"rotation": {
				"angle": 0,
				"axis": "y",
				"origin": [-1, 8, 8.1875]
			},
			"faces": {
				"north": {
					"uv": [10, 1.5, 12, 4],
					"texture": "#0"
				},
				"east": {
					"uv": [0, 0, 0.0625, 10],
					"texture": "#0"
				},
				"south": {
					"uv": [0, 0, 8, 10],
					"texture": "#0"
				},
				"west": {
					"uv": [0, 0, 0.0625, 10],
					"texture": "#0"
				},
				"up": {
					"uv": [0, 0, 8, 0.0625],
					"texture": "#0"
				},
				"down": {
					"uv": [0, 0, 8, 0.0625],
					"texture": "#0"
				}
			}
		},
		{
			"from": [-1.6, 8, 7.7375],
			"to": [17.6, 32, 8.9375],
			"rotation": {
				"angle": 0,
				"axis": "y",
				"origin": [9.8, 8, 8.3375]
			},
			"faces": {
				"north": {
					"uv": [2, 2, 4, 4],
					"texture": "#0"
				},
				"east": {
					"uv": [1.25, 2, 1.75, 4],
					"texture": "#0"
				},
				"south": {
					"uv": [2, 0, 4, 2],
					"rotation": 270,
					"texture": "#0"
				},
				"west": {
					"uv": [1.25, 2, 1.75, 4],
					"texture": "#0"
				},
				"up": {
					"uv": [4, 0.25, 6, 0.75],
					"texture": "#0"
				},
				"down": {
					"uv": [4, 1.75, 6, 2],
					"texture": "#0"
				}
			}
		}
	]
}