{
	"textures": {
		"0": "animated_java:blueprint/herobrine/herobrine",
		"particle": "minecraft:item/pufferfish"
	},
	"display": {
		"head": {
			"rotation": [0, 180, 0]
		}
	},
	"elements": [
		{
			"from": [12.08511, 2.38298, 27.91489],
			"to": [16.17021, 2.38298, 32],
			"rotation": {
				"angle": 0,
				"axis": "y",
				"origin": [8, 8, 8]
			},
			"faces": {
				"north": {
					"uv": [4.5, 0.5, 5, 0.5],
					"texture": "#0"
				},
				"east": {
					"uv": [4, 0.5, 4.5, 0.5],
					"texture": "#0"
				},
				"south": {
					"uv": [5.5, 0.5, 6, 0.5],
					"texture": "#0"
				},
				"west": {
					"uv": [5, 0.5, 5.5, 0.5],
					"texture": "#0"
				},
				"up": {
					"uv": [4.5, 0.5, 5, 0],
					"texture": "#0"
				},
				"down": {
					"uv": [4.5, 0, 5, 0.5],
					"texture": "#0"
				}
			}
		},
		{
			"from": [12.08511, 2.38298, 32],
			"to": [16.17021, 6.46809, 32],
			"rotation": {
				"angle": 0,
				"axis": "y",
				"origin": [8, 8, 8]
			},
			"faces": {
				"north": {
					"uv": [4.5, 0, 5, 0.5],
					"texture": "#0"
				},
				"east": {
					"uv": [5, 0.5, 5, 1],
					"texture": "#0"
				},
				"south": {
					"uv": [5, 0, 4.5, 0.5],
					"texture": "#0"
				},
				"west": {
					"uv": [4.5, 0.5, 4.5, 1],
					"texture": "#0"
				},
				"up": {
					"uv": [4.5, 0.5, 5, 0.5],
					"texture": "#0"
				},
				"down": {
					"uv": [5, 0.5, 5.5, 0.5],
					"texture": "#0"
				}
			}
		},
		{
			"from": [12.08511, 2.38298, 27.91489],
			"to": [12.08511, 6.46809, 32],
			"rotation": {
				"angle": 0,
				"axis": "y",
				"origin": [8, 8, 8]
			},
			"faces": {
				"north": {
					"uv": [5, 0.5, 5, 1],
					"texture": "#0"
				},
				"east": {
					"uv": [5, 0, 4.5, 0.5],
					"texture": "#0"
				},
				"south": {
					"uv": [5.5, 0.5, 5.5, 1],
					"texture": "#0"
				},
				"west": {
					"uv": [4.5, 0, 5, 0.5],
					"texture": "#0"
				},
				"up": {
					"uv": [5, 0.5, 5, 0],
					"texture": "#0"
				},
				"down": {
					"uv": [5, 0, 5, 0.5],
					"texture": "#0"
				}
			}
		},
		{
			"from": [12.08511, 2.38298, 27.91489],
			"to": [16.17021, 6.46809, 27.91489],
			"rotation": {
				"angle": 0,
				"axis": "y",
				"origin": [8, 8, 8]
			},
			"faces": {
				"north": {
					"uv": [5, 0, 4.5, 0.5],
					"texture": "#0"
				},
				"east": {
					"uv": [4.5, 0.5, 4.5, 1],
					"texture": "#0"
				},
				"south": {
					"uv": [4.5, 0, 5, 0.5],
					"texture": "#0"
				},
				"west": {
					"uv": [5, 0.5, 5, 1],
					"texture": "#0"
				},
				"up": {
					"uv": [5, 0.5, 4.5, 0.5],
					"texture": "#0"
				},
				"down": {
					"uv": [5.5, 0.5, 5, 0.5],
					"texture": "#0"
				}
			}
		}
	]
}