{
	"textures": {
		"0": "animated_java:blueprint/herobrine/herobrine",
		"particle": "minecraft:item/pufferfish"
	},
	"display": {
		"head": {
			"rotation": [0, 180, 0]
		}
	},
	"elements": [
		{
			"from": [4, 8.08724, 4.0019],
			"to": [12, 15.08724, 8.0019],
			"rotation": {
				"angle": 0,
				"axis": "y",
				"origin": [8, -8.91276, 6.0019]
			},
			"faces": {
				"north": {
					"uv": [0.25, 1.3125, 0.75, 1.75],
					"texture": "#0"
				},
				"east": {
					"uv": [0, 1.3125, 0.25, 1.75],
					"texture": "#0"
				},
				"south": {
					"uv": [1, 1.3125, 1.5, 1.75],
					"texture": "#0"
				},
				"west": {
					"uv": [0.75, 1.3125, 1, 1.75],
					"texture": "#0"
				},
				"up": {
					"uv": [0.75, 1.3125, 0.25, 1.0625],
					"texture": "#0"
				},
				"down": {
					"uv": [1.25, 1.0625, 0.75, 1.3125],
					"texture": "#0"
				}
			}
		}
	]
}