{
	"textures": {
		"0": "animated_java:blueprint/herobrine/herobrine",
		"particle": "minecraft:item/pufferfish"
	},
	"display": {
		"head": {
			"rotation": [0, 180, 0]
		}
	},
	"elements": [
		{
			"from": [4, 14.1, 6],
			"to": [12, 19.1, 10],
			"rotation": {
				"angle": 0,
				"axis": "y",
				"origin": [8, 8, 8]
			},
			"faces": {
				"north": {
					"uv": [0.25, 3.4375, 0.75, 3.75],
					"texture": "#0"
				},
				"east": {
					"uv": [0, 3.4375, 0.25, 3.75],
					"texture": "#0"
				},
				"south": {
					"uv": [1, 3.4375, 1.5, 3.75],
					"texture": "#0"
				},
				"west": {
					"uv": [0.75, 3.4375, 1, 3.75],
					"texture": "#0"
				},
				"up": {
					"uv": [0.75, 3.4375, 0.25, 3.1875],
					"texture": "#0"
				},
				"down": {
					"uv": [1.25, 3.1875, 0.75, 3.4375],
					"texture": "#0"
				}
			}
		}
	]
}