{
	"textures": {
		"0": "animated_java:blueprint/herobrine/herobrine",
		"particle": "minecraft:item/pufferfish"
	},
	"display": {
		"head": {
			"rotation": [0, 180, 0]
		}
	},
	"elements": [
		{
			"from": [-8.36364, 30.18182, 3.45455],
			"to": [0.36364, 30.54545, 3.81818],
			"rotation": {
				"angle": 0,
				"axis": "y",
				"origin": [-1.63636, 30.72727, 3.81818]
			},
			"faces": {
				"north": {
					"uv": [12.9375, 7.3125, 14.4375, 7.375],
					"texture": "#0"
				},
				"east": {
					"uv": [12.875, 7.3125, 12.9375, 7.375],
					"texture": "#0"
				},
				"south": {
					"uv": [14.5, 7.3125, 16, 7.375],
					"texture": "#0"
				},
				"west": {
					"uv": [14.4375, 7.3125, 14.5, 7.375],
					"texture": "#0"
				},
				"up": {
					"uv": [14.4375, 7.3125, 12.9375, 7.25],
					"texture": "#0"
				},
				"down": {
					"uv": [15.9375, 7.25, 14.4375, 7.3125],
					"texture": "#0"
				}
			}
		},
		{
			"from": [-11.63636, 31.27273, 3.45455],
			"to": [-2.90909, 31.63636, 3.81818],
			"rotation": {
				"angle": 0,
				"axis": "y",
				"origin": [-1.63636, 31.45455, 3.81818]
			},
			"faces": {
				"north": {
					"uv": [12.9375, 4.875, 14.4375, 4.9375],
					"texture": "#0"
				},
				"east": {
					"uv": [12.875, 4.875, 12.9375, 4.9375],
					"texture": "#0"
				},
				"south": {
					"uv": [14.5, 4.875, 16, 4.9375],
					"texture": "#0"
				},
				"west": {
					"uv": [14.4375, 4.875, 14.5, 4.9375],
					"texture": "#0"
				},
				"up": {
					"uv": [14.4375, 4.875, 12.9375, 4.8125],
					"texture": "#0"
				},
				"down": {
					"uv": [15.9375, 4.8125, 14.4375, 4.875],
					"texture": "#0"
				}
			}
		},
		{
			"from": [-10.54545, 30.90909, 3.45455],
			"to": [-8.36364, 31.27273, 3.81818],
			"rotation": {
				"angle": 0,
				"axis": "y",
				"origin": [-1.63636, 31.45455, 3.81818]
			},
			"faces": {
				"north": {
					"uv": [15.1875, 4.25, 15.5625, 4.3125],
					"texture": "#0"
				},
				"east": {
					"uv": [15.125, 4.25, 15.1875, 4.3125],
					"texture": "#0"
				},
				"south": {
					"uv": [15.625, 4.25, 16, 4.3125],
					"texture": "#0"
				},
				"west": {
					"uv": [15.5625, 4.25, 15.625, 4.3125],
					"texture": "#0"
				},
				"up": {
					"uv": [15.5625, 4.25, 15.1875, 4.1875],
					"texture": "#0"
				},
				"down": {
					"uv": [15.9375, 4.1875, 15.5625, 4.25],
					"texture": "#0"
				}
			}
		},
		{
			"from": [-12.72727, 31.63636, 3.45455],
			"to": [-2.90909, 32, 3.81818],
			"rotation": {
				"angle": 0,
				"axis": "y",
				"origin": [-1.63636, 31.45455, 3.81818]
			},
			"faces": {
				"north": {
					"uv": [12.5625, 5.625, 14.25, 5.6875],
					"texture": "#0"
				},
				"east": {
					"uv": [12.5, 5.625, 12.5625, 5.6875],
					"texture": "#0"
				},
				"south": {
					"uv": [14.3125, 5.625, 16, 5.6875],
					"texture": "#0"
				},
				"west": {
					"uv": [14.25, 5.625, 14.3125, 5.6875],
					"texture": "#0"
				},
				"up": {
					"uv": [14.25, 5.625, 12.5625, 5.5625],
					"texture": "#0"
				},
				"down": {
					"uv": [15.9375, 5.5625, 14.25, 5.625],
					"texture": "#0"
				}
			}
		},
		{
			"from": [-9.45455, 30.54545, 3.45455],
			"to": [0.36364, 30.90909, 3.81818],
			"rotation": {
				"angle": 0,
				"axis": "y",
				"origin": [-1.63636, 31.45455, 3.81818]
			},
			"faces": {
				"north": {
					"uv": [12.5625, 6.375, 14.25, 6.4375],
					"texture": "#0"
				},
				"east": {
					"uv": [12.5, 6.375, 12.5625, 6.4375],
					"texture": "#0"
				},
				"south": {
					"uv": [14.3125, 6.375, 16, 6.4375],
					"texture": "#0"
				},
				"west": {
					"uv": [14.25, 6.375, 14.3125, 6.4375],
					"texture": "#0"
				},
				"up": {
					"uv": [14.25, 6.375, 12.5625, 6.3125],
					"texture": "#0"
				},
				"down": {
					"uv": [15.9375, 6.3125, 14.25, 6.375],
					"texture": "#0"
				}
			}
		}
	]
}