{
	"textures": {
		"0": "animated_java:blueprint/herobrine/herobrine",
		"particle": "minecraft:item/pufferfish"
	},
	"display": {
		"head": {
			"rotation": [0, 180, 0]
		}
	},
	"elements": [
		{
			"from": [11.9403, 30.20896, 3.34328],
			"to": [16.95522, 30.92537, 4.0597],
			"rotation": {
				"angle": 0,
				"axis": "y",
				"origin": [10.68657, 30.56716, 3.70149]
			},
			"faces": {
				"north": {
					"uv": [14.125, 10.375, 15, 10.5],
					"texture": "#0"
				},
				"east": {
					"uv": [14, 10.375, 14.125, 10.5],
					"texture": "#0"
				},
				"south": {
					"uv": [15.125, 10.375, 16, 10.5],
					"texture": "#0"
				},
				"west": {
					"uv": [15, 10.375, 15.125, 10.5],
					"texture": "#0"
				},
				"up": {
					"uv": [15, 10.375, 14.125, 10.25],
					"texture": "#0"
				},
				"down": {
					"uv": [15.875, 10.25, 15, 10.375],
					"texture": "#0"
				}
			}
		},
		{
			"from": [2.12537, 30.49552, 3.45075],
			"to": [11.9403, 31.35522, 3.95224],
			"rotation": {
				"angle": 0,
				"axis": "y",
				"origin": [10.68657, 30.56716, 3.70149]
			},
			"faces": {
				"north": {
					"uv": [12.375, 12.3125, 14.125, 12.5],
					"texture": "#0"
				},
				"east": {
					"uv": [12.25, 12.3125, 12.375, 12.5],
					"texture": "#0"
				},
				"south": {
					"uv": [14.25, 12.3125, 16, 12.5],
					"texture": "#0"
				},
				"west": {
					"uv": [14.125, 12.3125, 14.25, 12.5],
					"texture": "#0"
				},
				"up": {
					"uv": [14.125, 12.3125, 12.375, 12.1875],
					"texture": "#0"
				},
				"down": {
					"uv": [15.875, 12.1875, 14.125, 12.3125],
					"texture": "#0"
				}
			}
		},
		{
			"from": [10.14925, 30.92537, 3.34328],
			"to": [13.73134, 32, 4.0597],
			"rotation": {
				"angle": 0,
				"axis": "y",
				"origin": [11.76119, 31.46269, 3.70149]
			},
			"faces": {
				"north": {
					"uv": [14.625, 9.3125, 15.25, 9.5],
					"texture": "#0"
				},
				"east": {
					"uv": [14.5, 9.3125, 14.625, 9.5],
					"texture": "#0"
				},
				"south": {
					"uv": [15.375, 9.3125, 16, 9.5],
					"texture": "#0"
				},
				"west": {
					"uv": [15.25, 9.3125, 15.375, 9.5],
					"texture": "#0"
				},
				"up": {
					"uv": [15.25, 9.3125, 14.625, 9.1875],
					"texture": "#0"
				},
				"down": {
					"uv": [15.875, 9.1875, 15.25, 9.3125],
					"texture": "#0"
				}
			}
		},
		{
			"from": [0.47761, 29.85075, 3.34328],
			"to": [4.0597, 30.92537, 4.0597],
			"rotation": {
				"angle": 0,
				"axis": "y",
				"origin": [2.44776, 30.38806, 3.70149]
			},
			"faces": {
				"north": {
					"uv": [14.625, 8.375, 15.25, 8.5625],
					"texture": "#0"
				},
				"east": {
					"uv": [14.5, 8.375, 14.625, 8.5625],
					"texture": "#0"
				},
				"south": {
					"uv": [15.375, 8.375, 16, 8.5625],
					"texture": "#0"
				},
				"west": {
					"uv": [15.25, 8.375, 15.375, 8.5625],
					"texture": "#0"
				},
				"up": {
					"uv": [15.25, 8.375, 14.625, 8.25],
					"texture": "#0"
				},
				"down": {
					"uv": [15.875, 8.25, 15.25, 8.375],
					"texture": "#0"
				}
			}
		},
		{
			"from": [-2.74627, 30.92537, 3.34328],
			"to": [2.26866, 31.64179, 4.0597],
			"rotation": {
				"angle": 0,
				"axis": "y",
				"origin": [3.52239, 31.28358, 3.70149]
			},
			"faces": {
				"north": {
					"uv": [14.125, 11.375, 15, 11.5],
					"texture": "#0"
				},
				"east": {
					"uv": [14, 11.375, 14.125, 11.5],
					"texture": "#0"
				},
				"south": {
					"uv": [15.125, 11.375, 16, 11.5],
					"texture": "#0"
				},
				"west": {
					"uv": [15, 11.375, 15.125, 11.5],
					"texture": "#0"
				},
				"up": {
					"uv": [15, 11.375, 14.125, 11.25],
					"texture": "#0"
				},
				"down": {
					"uv": [15.875, 11.25, 15, 11.375],
					"texture": "#0"
				}
			}
		}
	]
}