{
	"textures": {
		"0": "animated_java:blueprint/herobrine/herobrine",
		"particle": "minecraft:item/pufferfish"
	},
	"display": {
		"head": {
			"rotation": [0, 180, 0]
		}
	},
	"elements": [
		{
			"from": [13.73134, 31.64179, 3.52239],
			"to": [22.32836, 32, 3.8806],
			"rotation": {
				"angle": 0,
				"axis": "y",
				"origin": [-1.49254, 30.38806, 3.8806]
			},
			"faces": {
				"north": {
					"uv": [12.9375, 0.875, 14.4375, 0.9375],
					"texture": "#0"
				},
				"east": {
					"uv": [12.875, 0.875, 12.9375, 0.9375],
					"texture": "#0"
				},
				"south": {
					"uv": [14.5, 0.875, 16, 0.9375],
					"texture": "#0"
				},
				"west": {
					"uv": [14.4375, 0.875, 14.5, 0.9375],
					"texture": "#0"
				},
				"up": {
					"uv": [14.4375, 0.875, 12.9375, 0.8125],
					"texture": "#0"
				},
				"down": {
					"uv": [15.9375, 0.8125, 14.4375, 0.875],
					"texture": "#0"
				}
			}
		},
		{
			"from": [16.95522, 30.56716, 3.52239],
			"to": [25.55224, 30.92537, 3.8806],
			"rotation": {
				"angle": 0,
				"axis": "y",
				"origin": [-1.49254, 31.10448, 3.8806]
			},
			"faces": {
				"north": {
					"uv": [12.9375, 3.25, 14.4375, 3.3125],
					"texture": "#0"
				},
				"east": {
					"uv": [12.875, 3.25, 12.9375, 3.3125],
					"texture": "#0"
				},
				"south": {
					"uv": [14.5, 3.25, 16, 3.3125],
					"texture": "#0"
				},
				"west": {
					"uv": [14.4375, 3.25, 14.5, 3.3125],
					"texture": "#0"
				},
				"up": {
					"uv": [14.4375, 3.25, 12.9375, 3.1875],
					"texture": "#0"
				},
				"down": {
					"uv": [15.9375, 3.1875, 14.4375, 3.25],
					"texture": "#0"
				}
			}
		},
		{
			"from": [22.32836, 30.92537, 3.52239],
			"to": [24.47761, 31.28358, 3.8806],
			"rotation": {
				"angle": 0,
				"axis": "y",
				"origin": [-1.49254, 31.10448, 3.8806]
			},
			"faces": {
				"north": {
					"uv": [15.1875, 0.0625, 15.5625, 0.125],
					"texture": "#0"
				},
				"east": {
					"uv": [15.125, 0.0625, 15.1875, 0.125],
					"texture": "#0"
				},
				"south": {
					"uv": [15.625, 0.0625, 16, 0.125],
					"texture": "#0"
				},
				"west": {
					"uv": [15.5625, 0.0625, 15.625, 0.125],
					"texture": "#0"
				},
				"up": {
					"uv": [15.5625, 0.0625, 15.1875, 0],
					"texture": "#0"
				},
				"down": {
					"uv": [15.9375, 0, 15.5625, 0.0625],
					"texture": "#0"
				}
			}
		},
		{
			"from": [16.95522, 30.20896, 3.52239],
			"to": [26.62687, 30.56716, 3.8806],
			"rotation": {
				"angle": 0,
				"axis": "y",
				"origin": [-1.49254, 31.10448, 3.8806]
			},
			"faces": {
				"north": {
					"uv": [12.5625, 1.625, 14.25, 1.6875],
					"texture": "#0"
				},
				"east": {
					"uv": [12.5, 1.625, 12.5625, 1.6875],
					"texture": "#0"
				},
				"south": {
					"uv": [14.3125, 1.625, 16, 1.6875],
					"texture": "#0"
				},
				"west": {
					"uv": [14.25, 1.625, 14.3125, 1.6875],
					"texture": "#0"
				},
				"up": {
					"uv": [14.25, 1.625, 12.5625, 1.5625],
					"texture": "#0"
				},
				"down": {
					"uv": [15.9375, 1.5625, 14.25, 1.625],
					"texture": "#0"
				}
			}
		},
		{
			"from": [13.73134, 31.28358, 3.52239],
			"to": [23.40299, 31.64179, 3.8806],
			"rotation": {
				"angle": 0,
				"axis": "y",
				"origin": [-1.49254, 31.10448, 3.8806]
			},
			"faces": {
				"north": {
					"uv": [12.5625, 2.4375, 14.25, 2.5],
					"texture": "#0"
				},
				"east": {
					"uv": [12.5, 2.4375, 12.5625, 2.5],
					"texture": "#0"
				},
				"south": {
					"uv": [14.3125, 2.4375, 16, 2.5],
					"texture": "#0"
				},
				"west": {
					"uv": [14.25, 2.4375, 14.3125, 2.5],
					"texture": "#0"
				},
				"up": {
					"uv": [14.25, 2.4375, 12.5625, 2.375],
					"texture": "#0"
				},
				"down": {
					"uv": [15.9375, 2.375, 14.25, 2.4375],
					"texture": "#0"
				}
			}
		}
	]
}