{
	"textures": {
		"0": "animated_java:blueprint/herobrine/herobrine",
		"particle": "minecraft:item/pufferfish"
	},
	"display": {
		"head": {
			"rotation": [0, 180, 0]
		}
	},
	"elements": [
		{
			"from": [0, 0, 0],
			"to": [16, 16, 16],
			"rotation": {
				"angle": 0,
				"axis": "y",
				"origin": [1, 0, 1]
			},
			"faces": {
				"north": {
					"uv": [1.0625, 5.0625, 2.0625, 6.0625],
					"texture": "#0"
				},
				"east": {
					"uv": [1.0625, 5.0625, 2.0625, 6.0625],
					"texture": "#0"
				},
				"south": {
					"uv": [1.0625, 5.0625, 2.0625, 6.0625],
					"texture": "#0"
				},
				"west": {
					"uv": [1.0625, 5.0625, 2.0625, 6.0625],
					"texture": "#0"
				},
				"up": {
					"uv": [1.0625, 5.0625, 2.0625, 6.0625],
					"texture": "#0"
				},
				"down": {
					"uv": [1.0625, 5.0625, 2.0625, 6.0625],
					"texture": "#0"
				}
			}
		},
		{
			"from": [-0.5, -0.5, -0.5],
			"to": [16.5, 16.5, 16.5],
			"rotation": {
				"angle": 0,
				"axis": "y",
				"origin": [1, 0, 2]
			},
			"faces": {
				"north": {
					"uv": [2.125, 6.125, 3.125, 7.125],
					"texture": "#0"
				},
				"east": {
					"uv": [2.125, 6.125, 3.125, 7.125],
					"texture": "#0"
				},
				"south": {
					"uv": [2.125, 6.125, 3.125, 7.125],
					"texture": "#0"
				},
				"west": {
					"uv": [2.125, 6.125, 3.125, 7.125],
					"texture": "#0"
				},
				"up": {
					"uv": [2.125, 6.125, 3.125, 7.125],
					"texture": "#0"
				},
				"down": {
					"uv": [2.125, 6.125, 3.125, 7.125],
					"texture": "#0"
				}
			}
		}
	]
}