{
	"textures": {
		"0": "animated_java:blueprint/herobrine/herobrine",
		"particle": "minecraft:item/pufferfish"
	},
	"display": {
		"head": {
			"rotation": [0, 180, 0]
		}
	},
	"elements": [
		{
			"from": [-4, -4, 8],
			"to": [20, 20, 8],
			"rotation": {
				"angle": 0,
				"axis": "y",
				"origin": [1.71429, 5.71429, 8.28571]
			},
			"faces": {
				"north": {
					"uv": [4.375, 2.4375, 9.625, 7.6875],
					"texture": "#0"
				},
				"east": {
					"uv": [0, 0, 0, 3.75],
					"texture": "#0"
				},
				"south": {
					"uv": [9.625, 2.4375, 4.375, 7.6875],
					"texture": "#0"
				},
				"west": {
					"uv": [0, 0, 0, 3.75],
					"texture": "#0"
				},
				"up": {
					"uv": [0, 0, 3.75, 0],
					"texture": "#0"
				},
				"down": {
					"uv": [0, 0, 3.75, 0],
					"texture": "#0"
				}
			}
		}
	]
}