{
	"textures": {
		"0": "animated_java:blueprint/herobrine/herobrine",
		"particle": "minecraft:item/pufferfish"
	},
	"display": {
		"head": {
			"rotation": [0, 180, 0]
		}
	},
	"elements": [
		{
			"from": [4, 8, 4],
			"to": [12, 16, 12],
			"rotation": {
				"angle": 0,
				"axis": "y",
				"origin": [8, -16, 8]
			},
			"faces": {
				"north": {
					"uv": [0.5, 0.5, 1, 1],
					"texture": "#0"
				},
				"east": {
					"uv": [0, 0.5, 0.5, 1],
					"texture": "#0"
				},
				"south": {
					"uv": [1.5, 0.5, 2, 1],
					"texture": "#0"
				},
				"west": {
					"uv": [1, 0.5, 1.5, 1],
					"texture": "#0"
				},
				"up": {
					"uv": [1, 0.5, 0.5, 0],
					"texture": "#0"
				},
				"down": {
					"uv": [1.5, 0, 1, 0.5],
					"texture": "#0"
				}
			}
		}
	]
}