{
	"textures": {
		"0": "animated_java:blueprint/herobrine/herobrine",
		"particle": "minecraft:item/pufferfish"
	},
	"display": {
		"head": {
			"rotation": [0, 180, 0]
		}
	},
	"elements": [
		{
			"from": [6, 3.1, 6],
			"to": [10, 8.1, 10],
			"faces": {
				"north": {
					"uv": [2.875, 1, 3.125, 1.3125],
					"texture": "#0"
				},
				"east": {
					"uv": [2.625, 1, 2.875, 1.3125],
					"texture": "#0"
				},
				"south": {
					"uv": [3.375, 1, 3.625, 1.3125],
					"texture": "#0"
				},
				"west": {
					"uv": [3.125, 1, 3.375, 1.3125],
					"texture": "#0"
				},
				"up": {
					"uv": [3.125, 1, 2.875, 0.75],
					"texture": "#0"
				},
				"down": {
					"uv": [3.375, 0.75, 3.125, 1],
					"texture": "#0"
				}
			}
		}
	]
}