{
	"textures": {
		"0": "animated_java:blueprint/herobrine/herobrine",
		"particle": "minecraft:item/pufferfish"
	},
	"display": {
		"head": {
			"rotation": [0, 180, 0]
		}
	},
	"elements": [
		{
			"from": [6, 3, 4],
			"to": [10, 8, 8],
			"rotation": {
				"angle": 0,
				"axis": "y",
				"origin": [8, 8, 7]
			},
			"faces": {
				"north": {
					"uv": [1.3125, 2.8125, 1.5625, 3.125],
					"texture": "#0"
				},
				"east": {
					"uv": [1.0625, 2.8125, 1.3125, 3.125],
					"texture": "#0"
				},
				"south": {
					"uv": [1.8125, 2.8125, 2.0625, 3.125],
					"texture": "#0"
				},
				"west": {
					"uv": [1.5625, 2.8125, 1.8125, 3.125],
					"texture": "#0"
				},
				"up": {
					"uv": [1.5625, 2.8125, 1.3125, 2.5625],
					"texture": "#0"
				},
				"down": {
					"uv": [1.8125, 2.5625, 1.5625, 2.8125],
					"texture": "#0"
				}
			}
		}
	]
}