{
	"textures": {
		"0": "animated_java:blueprint/herobrine/herobrine",
		"particle": "minecraft:item/pufferfish"
	},
	"display": {
		"head": {
			"rotation": [0, 180, 0]
		}
	},
	"elements": [
		{
			"from": [5.9, 1.1, 8],
			"to": [9.9, 8.1, 12],
			"faces": {
				"north": {
					"uv": [2.3125, 0.25, 2.5625, 0.6875],
					"texture": "#0"
				},
				"east": {
					"uv": [2.0625, 0.25, 2.3125, 0.6875],
					"texture": "#0"
				},
				"south": {
					"uv": [2.8125, 0.25, 3.0625, 0.6875],
					"texture": "#0"
				},
				"west": {
					"uv": [2.5625, 0.25, 2.8125, 0.6875],
					"texture": "#0"
				},
				"up": {
					"uv": [2.5625, 0.25, 2.3125, 0],
					"texture": "#0"
				},
				"down": {
					"uv": [2.8125, 0, 2.5625, 0.25],
					"texture": "#0"
				}
			}
		}
	]
}