{
	"textures": {
		"0": "animated_java:blueprint/herobrine/herobrine",
		"particle": "minecraft:item/pufferfish"
	},
	"display": {
		"head": {
			"rotation": [0, 180, 0]
		}
	},
	"elements": [
		{
			"from": [6, 3.1, 6],
			"to": [10, 8.1, 10],
			"faces": {
				"north": {
					"uv": [2.375, 2.8125, 2.625, 3.125],
					"texture": "#0"
				},
				"east": {
					"uv": [2.125, 2.8125, 2.375, 3.125],
					"texture": "#0"
				},
				"south": {
					"uv": [2.875, 2.8125, 3.125, 3.125],
					"texture": "#0"
				},
				"west": {
					"uv": [2.625, 2.8125, 2.875, 3.125],
					"texture": "#0"
				},
				"up": {
					"uv": [2.625, 2.8125, 2.375, 2.5625],
					"texture": "#0"
				},
				"down": {
					"uv": [2.875, 2.5625, 2.625, 2.8125],
					"texture": "#0"
				}
			}
		}
	]
}