{
	"textures": {
		"0": "animated_java:blueprint/herobrine/herobrine",
		"particle": "minecraft:item/pufferfish"
	},
	"display": {
		"head": {
			"rotation": [0, 180, 0]
		}
	},
	"elements": [
		{
			"from": [7, 3, 6],
			"to": [11, 10, 10],
			"rotation": {
				"angle": 0,
				"axis": "y",
				"origin": [3, -14, 8]
			},
			"faces": {
				"north": {
					"uv": [1.8125, 1.3125, 2.0625, 1.75],
					"texture": "#0"
				},
				"east": {
					"uv": [1.5625, 1.3125, 1.8125, 1.75],
					"texture": "#0"
				},
				"south": {
					"uv": [2.3125, 1.3125, 2.5625, 1.75],
					"texture": "#0"
				},
				"west": {
					"uv": [2.0625, 1.3125, 2.3125, 1.75],
					"texture": "#0"
				},
				"up": {
					"uv": [2.0625, 1.3125, 1.8125, 1.0625],
					"texture": "#0"
				},
				"down": {
					"uv": [2.3125, 1.0625, 2.0625, 1.3125],
					"texture": "#0"
				}
			}
		}
	]
}