{
	"textures": {
		"0": "animated_java:blueprint/herobrine/herobrine",
		"particle": "minecraft:item/pufferfish"
	},
	"display": {
		"head": {
			"rotation": [0, 180, 0]
		}
	},
	"elements": [
		{
			"from": [6.0099, 3.45225, 3.98293],
			"to": [10.0099, 8.45225, 7.98293],
			"rotation": {
				"angle": 0,
				"axis": "y",
				"origin": [2.0099, -8.54775, 5.98293]
			},
			"faces": {
				"north": {
					"uv": [0.25, 2.375, 0.5, 2.6875],
					"texture": "#0"
				},
				"east": {
					"uv": [0, 2.375, 0.25, 2.6875],
					"texture": "#0"
				},
				"south": {
					"uv": [0.75, 2.375, 1, 2.6875],
					"texture": "#0"
				},
				"west": {
					"uv": [0.5, 2.375, 0.75, 2.6875],
					"texture": "#0"
				},
				"up": {
					"uv": [0.5, 2.375, 0.25, 2.125],
					"texture": "#0"
				},
				"down": {
					"uv": [0.75, 2.125, 0.5, 2.375],
					"texture": "#0"
				}
			}
		}
	]
}