{
	"textures": {
		"0": "animated_java:blueprint/herobrine/herobrine",
		"particle": "minecraft:item/pufferfish"
	},
	"display": {
		"head": {
			"rotation": [0, 180, 0]
		}
	},
	"elements": [
		{
			"from": [4, 4, 2],
			"to": [12, 12, 4],
			"rotation": {
				"angle": 0,
				"axis": "y",
				"origin": [0, -47, -17]
			},
			"faces": {
				"north": {
					"uv": [8.125, 0.9375, 8.625, 1.4375],
					"texture": "#0"
				},
				"east": {
					"uv": [8, 0.9375, 8.125, 1.4375],
					"texture": "#0"
				},
				"west": {
					"uv": [8.625, 0.9375, 8.75, 1.4375],
					"texture": "#0"
				},
				"up": {
					"uv": [8.125, 0.8125, 8.625, 0.9375],
					"rotation": 180,
					"texture": "#0"
				},
				"down": {
					"uv": [8.125, 1.4375, 8.625, 1.5625],
					"rotation": 180,
					"texture": "#0"
				}
			}
		},
		{
			"from": [4, 4, 12],
			"to": [12, 12, 14],
			"rotation": {
				"angle": 0,
				"axis": "y",
				"origin": [0, -47, -17]
			},
			"faces": {
				"east": {
					"uv": [10.125, 0.9375, 10.25, 1.4375],
					"texture": "#0"
				},
				"south": {
					"uv": [9.625, 0.9375, 10.125, 1.4375],
					"texture": "#0"
				},
				"west": {
					"uv": [9.5, 0.9375, 9.625, 1.4375],
					"texture": "#0"
				},
				"up": {
					"uv": [9.625, 0.8125, 10.125, 0.9375],
					"texture": "#0"
				},
				"down": {
					"uv": [9.625, 1.4375, 10.125, 1.5625],
					"texture": "#0"
				}
			}
		},
		{
			"from": [2, 4, 4],
			"to": [4, 12, 12],
			"rotation": {
				"angle": 0,
				"axis": "y",
				"origin": [0, -47, -17]
			},
			"faces": {
				"north": {
					"uv": [8.75, 0.9375, 8.875, 1.4375],
					"texture": "#0"
				},
				"south": {
					"uv": [9.375, 0.9375, 9.5, 1.4375],
					"texture": "#0"
				},
				"west": {
					"uv": [8.875, 0.9375, 9.375, 1.4375],
					"texture": "#0"
				},
				"up": {
					"uv": [8.875, 0.8125, 9.375, 0.9375],
					"rotation": 90,
					"texture": "#0"
				},
				"down": {
					"uv": [8.875, 1.4375, 9.375, 1.5625],
					"rotation": 270,
					"texture": "#0"
				}
			}
		},
		{
			"from": [12, 4, 4],
			"to": [14, 12, 12],
			"rotation": {
				"angle": 0,
				"axis": "y",
				"origin": [10, -47, -17]
			},
			"faces": {
				"north": {
					"uv": [10.875, 0.9375, 11, 1.4375],
					"texture": "#0"
				},
				"east": {
					"uv": [10.375, 0.9375, 10.875, 1.4375],
					"texture": "#0"
				},
				"south": {
					"uv": [10.25, 0.9375, 10.375, 1.4375],
					"texture": "#0"
				},
				"up": {
					"uv": [10.375, 0.8125, 10.875, 0.9375],
					"rotation": 270,
					"texture": "#0"
				},
				"down": {
					"uv": [10.375, 1.4375, 10.875, 1.5625],
					"rotation": 90,
					"texture": "#0"
				}
			}
		},
		{
			"from": [4, 2, 4],
			"to": [12, 4, 12],
			"rotation": {
				"angle": 0,
				"axis": "y",
				"origin": [2, -49, -17]
			},
			"faces": {
				"north": {
					"uv": [8.125, 1.5625, 8.625, 1.6875],
					"texture": "#0"
				},
				"east": {
					"uv": [8.625, 1.6875, 8.75, 2.1875],
					"rotation": 90,
					"texture": "#0"
				},
				"south": {
					"uv": [8.125, 2.1875, 8.625, 2.3125],
					"rotation": 180,
					"texture": "#0"
				},
				"west": {
					"uv": [8, 1.6875, 8.125, 2.1875],
					"rotation": 270,
					"texture": "#0"
				},
				"down": {
					"uv": [8.125, 1.6875, 8.625, 2.1875],
					"rotation": 180,
					"texture": "#0"
				}
			}
		},
		{
			"from": [4, 12, 4],
			"to": [12, 14, 12],
			"rotation": {
				"angle": 0,
				"axis": "y",
				"origin": [2, -39, -17]
			},
			"faces": {
				"north": {
					"uv": [8.125, 0.6875, 8.625, 0.8125],
					"texture": "#0"
				},
				"east": {
					"uv": [8, 0.1875, 8.125, 0.6875],
					"rotation": 270,
					"texture": "#0"
				},
				"south": {
					"uv": [8.125, 0.0625, 8.625, 0.1875],
					"rotation": 180,
					"texture": "#0"
				},
				"west": {
					"uv": [8.625, 0.1875, 8.75, 0.6875],
					"rotation": 90,
					"texture": "#0"
				},
				"up": {
					"uv": [8.125, 0.1875, 8.625, 0.6875],
					"rotation": 180,
					"texture": "#0"
				}
			}
		}
	]
}