{
    "providers":[
        {
            "type": "bitmap",
            "file": "minecraft:item/crash/crash1.png",
            "ascent": 50,
            "height": 100,
            "chars": ["\uE001"]
        },
        {
            "type": "bitmap",
            "file": "minecraft:item/crash/crash2.png",
            "ascent": 50,
            "height": 100,
            "chars": ["\uE002"]
        },
        {
            "type": "bitmap",
            "file": "minecraft:item/crash/crash3.png",
            "ascent": 50,
            "height": 100,
            "chars": ["\uE003"]
        },
        {
            "type": "bitmap",
            "file": "minecraft:item/crash/crash4.png",
            "ascent": 50,
            "height": 100,
            "chars": ["\uE004"]
        }
    ]
}