{
    "i_am_long": {
        "sounds":[
        "minecraft:i_am_long"
        ]
    },
    "you_are_long1": {
      "sounds": [
        "minecraft:you_are_long1"
        ]
    },
    "you_are_long2": {
      "sounds": [
        "minecraft:you_are_long2"
        ]
    },
    "wow": {
      "sounds": [
        "minecraft:wow"
        ]
    },
    "helewo_noise": {
      "sounds": [
        "minecraft:helewo_noise"
        ]
    },
    "helewo_flash": {
      "sounds": [
        "minecraft:helewo_flash"
        ]
    },
    "yadan_attack": {
      "sounds": [
        "minecraft:yadan_attack"
        ]
    },
    "respawn": {
      "sounds": [
        "minecraft:respawn"
        ]
    },
    "go": {
      "sounds": [
        "minecraft:go"
        ]
    },
    "lobby_bgm_1": {
      "sounds": [
        "minecraft:lobby_bgm_1"
        ]
    },
    "lobby_bgm_2": {
      "sounds": [
        "minecraft:lobby_bgm_2"
        ]
    },
    "lobby_bgm_3": {
      "sounds": [
        "minecraft:lobby_bgm_3"
        ]
    },
    "lobby_bgm_4": {
      "sounds": [
        "minecraft:lobby_bgm_4"
        ]
    },
    "lobby_bgm_5": {
      "sounds": [
        "minecraft:lobby_bgm_5"
        ]
    },
    "lobby_bgm_6": {
      "sounds": [
        "minecraft:lobby_bgm_6"
        ]
    },
    "lobby_bgm_7": {
      "sounds": [
        "minecraft:lobby_bgm_7"
        ]
    },
    "lobby_bgm_8": {
      "sounds": [
        "minecraft:lobby_bgm_8"
        ]
    },
    "gaming_bgm_1": {
      "sounds": [
        "minecraft:gaming_bgm_1"
        ]
    },
    "gaming_bgm_2": {
      "sounds": [
        "minecraft:gaming_bgm_2"
        ]
    },
    "gaming_bgm_3": {
      "sounds": [
        "minecraft:gaming_bgm_3"
        ]
    },
    "gaming_bgm_4": {
      "sounds": [
        "minecraft:gaming_bgm_4"
        ]
    },
    "gaming_bgm_5": {
      "sounds": [
        "minecraft:gaming_bgm_5"
        ]
    },
    "gaming_bgm_6": {
      "sounds": [
        "minecraft:gaming_bgm_6"
        ]
    },
    "gaming_bgm_7": {
      "sounds": [
        "minecraft:gaming_bgm_7"
        ]
    },
    "gaming_bgm_8": {
      "sounds": [
        "minecraft:gaming_bgm_8"
        ]
    },
    "gaming_bgm_9": {
      "sounds": [
        "minecraft:gaming_bgm_9"
        ]
    },
    "gaming_bgm_10": {
      "sounds": [
        "minecraft:gaming_bgm_10"
        ]
    },
    "gaming_bgm_11": {
      "sounds": [
        "minecraft:gaming_bgm_11"
        ]
    },
    "gaming_bgm_12": {
      "sounds": [
        "minecraft:gaming_bgm_12"
        ]
    },
    "supermarket": {
      "sounds": [
        "minecraft:supermarket"
        ]
    },
    "mario_large": {
      "sounds": [
        "minecraft:mario_large"
        ]
    },
    "parrot_1": {
      "sounds": [
        "minecraft:parrot_1"
        ]
    },
    "parrot_2": {
      "sounds": [
        "minecraft:parrot_2"
        ]
    },
    "small": {
      "sounds": [
        "minecraft:small"
        ]
    },
    "gun": {
      "sounds": [
        "minecraft:gun"
        ]
    },
    "reload": {
      "sounds": [
        "minecraft:reload"
        ]
    },
    "tc": {
      "sounds": [
        "minecraft:tc"
        ]
    },
    "0tt0": {
      "sounds": [
        "minecraft:0tt0"
        ]
    },
    "pokemon": {
      "sounds": [
        "minecraft:pokemon"
        ]
    },
    "end": {
      "sounds": [
        "minecraft:end"
        ]
    },
    "dismiss": {
      "sounds": [
        "minecraft:dismiss"
        ]
    }
}