{
	"parent": "item/generated",
	"textures": {
		"layer0": "minecraft:item/orange_dye"
	},
	"overrides": [
		{
			"predicate": {
				"custom_model_data": 1
			},
			"model": "item/animated_java_empty"
		},
		{
			"predicate": {
				"custom_model_data": 1
			},
			"model": "item/animated_java_empty"
		},
		{
			"predicate": {
				"custom_model_data": 1
			},
			"model": "item/animated_java_empty"
		},
		{
			"predicate": {
				"custom_model_data": 1
			},
			"model": "item/animated_java_empty"
		},
		{
			"predicate": {
				"custom_model_data": 1
			},
			"model": "item/animated_java_empty"
		},
		{
			"predicate": {
				"custom_model_data": 2
			},
			"model": "timer_new_animated_java_rig:item/top7_"
		},
		{
			"predicate": {
				"custom_model_data": 3
			},
			"model": "timer_new_animated_java_rig:item/middle7_"
		},
		{
			"predicate": {
				"custom_model_data": 4
			},
			"model": "timer_new_animated_java_rig:item/bottomright7_"
		},
		{
			"predicate": {
				"custom_model_data": 5
			},
			"model": "timer_new_animated_java_rig:item/topright7_"
		},
		{
			"predicate": {
				"custom_model_data": 6
			},
			"model": "timer_new_animated_java_rig:item/topleft7_"
		},
		{
			"predicate": {
				"custom_model_data": 7
			},
			"model": "timer_new_animated_java_rig:item/bottomleft7_"
		},
		{
			"predicate": {
				"custom_model_data": 8
			},
			"model": "timer_new_animated_java_rig:item/bottom7_"
		},
		{
			"predicate": {
				"custom_model_data": 9
			},
			"model": "timer_new_animated_java_rig:item/top8_"
		},
		{
			"predicate": {
				"custom_model_data": 10
			},
			"model": "timer_new_animated_java_rig:item/middle8_"
		},
		{
			"predicate": {
				"custom_model_data": 11
			},
			"model": "timer_new_animated_java_rig:item/bottomright8_"
		},
		{
			"predicate": {
				"custom_model_data": 12
			},
			"model": "timer_new_animated_java_rig:item/topright8_"
		},
		{
			"predicate": {
				"custom_model_data": 13
			},
			"model": "timer_new_animated_java_rig:item/topleft8_"
		},
		{
			"predicate": {
				"custom_model_data": 14
			},
			"model": "timer_new_animated_java_rig:item/bottomleft8_"
		},
		{
			"predicate": {
				"custom_model_data": 15
			},
			"model": "timer_new_animated_java_rig:item/bottom8_"
		},
		{
			"predicate": {
				"custom_model_data": 16
			},
			"model": "timer_new_animated_java_rig:item/top5_"
		},
		{
			"predicate": {
				"custom_model_data": 17
			},
			"model": "timer_new_animated_java_rig:item/middle5_"
		},
		{
			"predicate": {
				"custom_model_data": 18
			},
			"model": "timer_new_animated_java_rig:item/bottomright5_"
		},
		{
			"predicate": {
				"custom_model_data": 19
			},
			"model": "timer_new_animated_java_rig:item/topright5_"
		},
		{
			"predicate": {
				"custom_model_data": 20
			},
			"model": "timer_new_animated_java_rig:item/topleft5_"
		},
		{
			"predicate": {
				"custom_model_data": 21
			},
			"model": "timer_new_animated_java_rig:item/bottomleft5_"
		},
		{
			"predicate": {
				"custom_model_data": 22
			},
			"model": "timer_new_animated_java_rig:item/bottom5_"
		},
		{
			"predicate": {
				"custom_model_data": 23
			},
			"model": "timer_new_animated_java_rig:item/top6_"
		},
		{
			"predicate": {
				"custom_model_data": 24
			},
			"model": "timer_new_animated_java_rig:item/middle6_"
		},
		{
			"predicate": {
				"custom_model_data": 25
			},
			"model": "timer_new_animated_java_rig:item/bottomright6_"
		},
		{
			"predicate": {
				"custom_model_data": 26
			},
			"model": "timer_new_animated_java_rig:item/topright6_"
		},
		{
			"predicate": {
				"custom_model_data": 27
			},
			"model": "timer_new_animated_java_rig:item/topleft6_"
		},
		{
			"predicate": {
				"custom_model_data": 28
			},
			"model": "timer_new_animated_java_rig:item/bottomleft6_"
		},
		{
			"predicate": {
				"custom_model_data": 29
			},
			"model": "timer_new_animated_java_rig:item/bottom6_"
		},
		{
			"predicate": {
				"custom_model_data": 30
			},
			"model": "timer_new_animated_java_rig:item/top3_"
		},
		{
			"predicate": {
				"custom_model_data": 31
			},
			"model": "timer_new_animated_java_rig:item/middle3_"
		},
		{
			"predicate": {
				"custom_model_data": 32
			},
			"model": "timer_new_animated_java_rig:item/bottomright3_"
		},
		{
			"predicate": {
				"custom_model_data": 33
			},
			"model": "timer_new_animated_java_rig:item/topright3_"
		},
		{
			"predicate": {
				"custom_model_data": 34
			},
			"model": "timer_new_animated_java_rig:item/topleft3_"
		},
		{
			"predicate": {
				"custom_model_data": 35
			},
			"model": "timer_new_animated_java_rig:item/bottomleft3_"
		},
		{
			"predicate": {
				"custom_model_data": 36
			},
			"model": "timer_new_animated_java_rig:item/bottom3_"
		},
		{
			"predicate": {
				"custom_model_data": 37
			},
			"model": "timer_new_animated_java_rig:item/top4_"
		},
		{
			"predicate": {
				"custom_model_data": 38
			},
			"model": "timer_new_animated_java_rig:item/middle4_"
		},
		{
			"predicate": {
				"custom_model_data": 39
			},
			"model": "timer_new_animated_java_rig:item/bottomright4_"
		},
		{
			"predicate": {
				"custom_model_data": 40
			},
			"model": "timer_new_animated_java_rig:item/topright4_"
		},
		{
			"predicate": {
				"custom_model_data": 41
			},
			"model": "timer_new_animated_java_rig:item/topleft4_"
		},
		{
			"predicate": {
				"custom_model_data": 42
			},
			"model": "timer_new_animated_java_rig:item/bottomleft4_"
		},
		{
			"predicate": {
				"custom_model_data": 43
			},
			"model": "timer_new_animated_java_rig:item/bottom4_"
		},
		{
			"predicate": {
				"custom_model_data": 44
			},
			"model": "timer_new_animated_java_rig:item/top_"
		},
		{
			"predicate": {
				"custom_model_data": 45
			},
			"model": "timer_new_animated_java_rig:item/middle_"
		},
		{
			"predicate": {
				"custom_model_data": 46
			},
			"model": "timer_new_animated_java_rig:item/bottomright_"
		},
		{
			"predicate": {
				"custom_model_data": 47
			},
			"model": "timer_new_animated_java_rig:item/topright_"
		},
		{
			"predicate": {
				"custom_model_data": 48
			},
			"model": "timer_new_animated_java_rig:item/topleft_"
		},
		{
			"predicate": {
				"custom_model_data": 49
			},
			"model": "timer_new_animated_java_rig:item/bottomleft_"
		},
		{
			"predicate": {
				"custom_model_data": 50
			},
			"model": "timer_new_animated_java_rig:item/bottom_"
		},
		{
			"predicate": {
				"custom_model_data": 51
			},
			"model": "timer_new_animated_java_rig:item/top2_"
		},
		{
			"predicate": {
				"custom_model_data": 52
			},
			"model": "timer_new_animated_java_rig:item/middle2_"
		},
		{
			"predicate": {
				"custom_model_data": 53
			},
			"model": "timer_new_animated_java_rig:item/bottomright2_"
		},
		{
			"predicate": {
				"custom_model_data": 54
			},
			"model": "timer_new_animated_java_rig:item/topright2_"
		},
		{
			"predicate": {
				"custom_model_data": 55
			},
			"model": "timer_new_animated_java_rig:item/topleft2_"
		},
		{
			"predicate": {
				"custom_model_data": 56
			},
			"model": "timer_new_animated_java_rig:item/bottomleft2_"
		},
		{
			"predicate": {
				"custom_model_data": 57
			},
			"model": "timer_new_animated_java_rig:item/bottom2_"
		},
		{
			"predicate": {
				"custom_model_data": 58
			},
			"model": "timer_new_animated_java_rig:item/bone3_"
		}
	],
	"animated_java": {
		"rigs": {
			"timer_new": {
				"used_ids": [
					2,
					3,
					4,
					5,
					6,
					7,
					8,
					9,
					10,
					11,
					12,
					13,
					14,
					15,
					16,
					17,
					18,
					19,
					20,
					21,
					22,
					23,
					24,
					25,
					26,
					27,
					28,
					29,
					30,
					31,
					32,
					33,
					34,
					35,
					36,
					37,
					38,
					39,
					40,
					41,
					42,
					43,
					44,
					45,
					46,
					47,
					48,
					49,
					50,
					51,
					52,
					53,
					54,
					55,
					56,
					57,
					58
				]
			}
		}
	}
}