{
"worf.switch": {"sounds": [{"name": "worf:worf/switch","stream": true}],"category":"master"},
"worf.cash": {"sounds": [{"name": "worf:worf/cash","stream": true}],"category":"master"},

"worf.building1": {"sounds": [{"name": "worf:worf/building1","stream": true}],"category":"master"},
"worf.building2": {"sounds": [{"name": "worf:worf/building2","stream": true}],"category":"master"},
"worf.building3": {"sounds": [{"name": "worf:worf/building3","stream": true}],"category":"master"},
"worf.debris1": {"sounds": [{"name": "worf:worf/debris1","stream": true}],"category":"master"},
"worf.debris2": {"sounds": [{"name": "worf:worf/debris2","stream": true}],"category":"master"},
"worf.debris3": {"sounds": [{"name": "worf:worf/debris3","stream": true}],"category":"master"},
"worf.cerberus": {"sounds": [{"name": "worf:worf/cerberus","stream": true}],"category":"master"},
"worf.sirens": {"sounds": [{"name": "worf:worf/sirens","stream": true}],"category":"master"},
"worf.harpies": {"sounds": [{"name": "worf:worf/harpies","stream": true}],"category":"master"},
"worf.minotaurs": {"sounds": [{"name": "worf:worf/minotaurs","stream": true}],"category":"master"},
"worf.hydra": {"sounds": [{"name": "worf:worf/hydra","stream": true}],"category":"master"},
"worf.medusa": {"sounds": [{"name": "worf:worf/medusa","stream": true}],"category":"master"},
"worf.scylla": {"sounds": [{"name": "worf:worf/scylla","stream": true}],"category":"master"},
"worf.cyclops": {"sounds": [{"name": "worf:worf/cyclops","stream": true}],"category":"master"},
"worf.hades": {"sounds": [{"name": "worf:worf/hades","stream": true}],"category":"master"},
"worf.persephone": {"sounds": [{"name": "worf:worf/persephone","stream": true}],"category":"master"},
"worf.start": {"sounds": [{"name": "worf:worf/start","stream": true}],"category":"master"}
}