{
	"credit": "Made with Blockbench",
	"texture_size": [64, 64],
	"textures": {
		"3": "item/animtest/normal",
		"4": "item/animtest/2",
		"5": "item/animtest/1"

	},
	"elements": [
		{
			"name": "Head",
			"from": [-4, 24, -4],
			"to": [4, 32, 4],
			"faces": {
				"north": {"uv": [2, 2, 4, 4], "texture": "#3"},
				"east": {"uv": [0, 2, 2, 4], "texture": "#3"},
				"south": {"uv": [6, 2, 8, 4], "texture": "#3"},
				"west": {"uv": [4, 2, 6, 4], "texture": "#3"},
				"up": {"uv": [4, 2, 2, 0], "texture": "#3"},
				"down": {"uv": [6, 0, 4, 2], "texture": "#3"}
			}
		},
		{
			"name": "Hat Layer",
			"from": [-4.5, 23, -4.5],
			"to": [4.5, 32, 4.5],
			"faces": {
				"north": {"uv": [10, 2, 12, 4], "texture": "#3"},
				"east": {"uv": [8, 2, 10, 4], "texture": "#3"},
				"south": {"uv": [14, 2, 16, 4], "texture": "#3"},
				"west": {"uv": [12, 2, 14, 4], "texture": "#3"},
				"up": {"uv": [12, 2, 10, 0], "texture": "#3"},
				"down": {"uv": [14, 0, 12, 2], "texture": "#3"}
			}
		},
		{
			"name": "Body",
			"from": [-4, 12, -2],
			"to": [4, 24, 2],
			"faces": {
				"north": {"uv": [5, 5, 7, 8], "texture": "#3"},
				"east": {"uv": [4, 5, 5, 8], "texture": "#3"},
				"south": {"uv": [8, 5, 10, 8], "texture": "#3"},
				"west": {"uv": [7, 5, 8, 8], "texture": "#3"},
				"up": {"uv": [7, 5, 5, 4], "texture": "#3"},
				"down": {"uv": [9, 4, 7, 5], "texture": "#3"}
			}
		},
		{
			"name": "Body Layer",
			"from": [-4.25, 11.75, -2.25],
			"to": [4.25, 24.25, 2.25],
			"faces": {
				"north": {"uv": [5, 9, 7, 12], "texture": "#3"},
				"east": {"uv": [4, 9, 5, 12], "texture": "#3"},
				"south": {"uv": [8, 9, 10, 12], "texture": "#3"},
				"west": {"uv": [7, 9, 8, 12], "texture": "#3"},
				"up": {"uv": [7, 9, 5, 8], "texture": "#3"},
				"down": {"uv": [9, 8, 7, 9], "texture": "#3"}
			}
		},
		{
			"name": "Right Arm",
			"from": [4, 12, -2],
			"to": [7, 24, 2],
			"faces": {
				"north": {"uv": [11, 5, 11.75, 8], "texture": "#4"},
				"east": {"uv": [10, 5, 11, 8], "texture": "#4"},
				"south": {"uv": [12.75, 5, 13.5, 8], "texture": "#4"},
				"west": {"uv": [11.75, 5, 12.75, 8], "texture": "#4"},
				"up": {"uv": [11.75, 5, 11, 4], "texture": "#4"},
				"down": {"uv": [12.5, 4, 11.75, 5], "texture": "#4"}
			}
		},
		{
			"name": "Right Arm Layer",
			"from": [3.75, 11.75, -2.25],
			"to": [7.25, 24.25, 2.25],
			"faces": {
				"north": {"uv": [11, 9, 11.75, 12], "texture": "#4"},
				"east": {"uv": [10, 9, 11, 12], "texture": "#4"},
				"south": {"uv": [12.75, 9, 13.5, 12], "texture": "#4"},
				"west": {"uv": [11.75, 9, 12.75, 12], "texture": "#4"},
				"up": {"uv": [11.75, 9, 11, 8], "texture": "#4"},
				"down": {"uv": [12.5, 8, 11.75, 9], "texture": "#4"}
			}
		},
		{
			"name": "Right Arm",
			"from": [4, 12, -2],
			"to": [7, 24, 2],
			"rotation": {"angle": 45, "axis": "z", "origin": [4, 24, 0]},
			"faces": {
				"north": {"uv": [11, 5, 11.75, 8], "texture": "#5"},
				"east": {"uv": [10, 5, 11, 8], "texture": "#5"},
				"south": {"uv": [12.75, 5, 13.5, 8], "texture": "#5"},
				"west": {"uv": [11.75, 5, 12.75, 8], "texture": "#5"},
				"up": {"uv": [11.75, 5, 11, 4], "texture": "#5"},
				"down": {"uv": [12.5, 4, 11.75, 5], "texture": "#5"}
			}
		},
		{
			"name": "Right Arm Layer",
			"from": [3.75, 11.75, -2.25],
			"to": [7.25, 24.25, 2.25],
			"rotation": {"angle": 45, "axis": "z", "origin": [4, 24, 0]},
			"faces": {
				"north": {"uv": [11, 9, 11.75, 12], "texture": "#5"},
				"east": {"uv": [10, 9, 11, 12], "texture": "#5"},
				"south": {"uv": [12.75, 9, 13.5, 12], "texture": "#5"},
				"west": {"uv": [11.75, 9, 12.75, 12], "texture": "#5"},
				"up": {"uv": [11.75, 9, 11, 8], "texture": "#5"},
				"down": {"uv": [12.5, 8, 11.75, 9], "texture": "#5"}
			}
		},
		{
			"name": "Left Arm",
			"from": [-7, 12, -2],
			"to": [-4, 24, 2],
			"faces": {
				"north": {"uv": [9, 13, 9.75, 16], "texture": "#4"},
				"east": {"uv": [8, 13, 9, 16], "texture": "#4"},
				"south": {"uv": [10.75, 13, 11.5, 16], "texture": "#4"},
				"west": {"uv": [9.75, 13, 10.75, 16], "texture": "#4"},
				"up": {"uv": [9.75, 13, 9, 12], "texture": "#4"},
				"down": {"uv": [10.5, 12, 9.75, 13], "texture": "#4"}
			}
		},
		{
			"name": "Left Arm Layer",
			"from": [-7.25, 11.75, -2.25],
			"to": [-3.75, 24.25, 2.25],
			"faces": {
				"north": {"uv": [13, 13, 13.75, 16], "texture": "#4"},
				"east": {"uv": [12, 13, 13, 16], "texture": "#4"},
				"south": {"uv": [14.75, 13, 15.5, 16], "texture": "#4"},
				"west": {"uv": [13.75, 13, 14.75, 16], "texture": "#4"},
				"up": {"uv": [13.75, 13, 13, 12], "texture": "#4"},
				"down": {"uv": [14.5, 12, 13.75, 13], "texture": "#4"}
			}
		},
		{
			"name": "Left Arm",
			"from": [-7, 12, -2],
			"to": [-4, 24, 2],
			"rotation": {"angle": -45, "axis": "z", "origin": [-4, 24, 0]},
			"faces": {
				"north": {"uv": [9, 13, 9.75, 16], "texture": "#5"},
				"east": {"uv": [8, 13, 9, 16], "texture": "#5"},
				"south": {"uv": [10.75, 13, 11.5, 16], "texture": "#5"},
				"west": {"uv": [9.75, 13, 10.75, 16], "texture": "#5"},
				"up": {"uv": [9.75, 13, 9, 12], "texture": "#5"},
				"down": {"uv": [10.5, 12, 9.75, 13], "texture": "#5"}
			}
		},
		{
			"name": "Left Arm Layer",
			"from": [-7.25, 11.75, -2.25],
			"to": [-3.75, 24.25, 2.25],
			"rotation": {"angle": -45, "axis": "z", "origin": [-4, 24, 0]},
			"faces": {
				"north": {"uv": [13, 13, 13.75, 16], "texture": "#5"},
				"east": {"uv": [12, 13, 13, 16], "texture": "#5"},
				"south": {"uv": [14.75, 13, 15.5, 16], "texture": "#5"},
				"west": {"uv": [13.75, 13, 14.75, 16], "texture": "#5"},
				"up": {"uv": [13.75, 13, 13, 12], "texture": "#5"},
				"down": {"uv": [14.5, 12, 13.75, 13], "texture": "#5"}
			}
		},
		{
			"name": "Right Leg",
			"from": [-0.1, 0, -2],
			"to": [3.9, 12, 2],
			"faces": {
				"north": {"uv": [1, 5, 2, 8], "texture": "#3"},
				"east": {"uv": [0, 5, 1, 8], "texture": "#3"},
				"south": {"uv": [3, 5, 4, 8], "texture": "#3"},
				"west": {"uv": [2, 5, 3, 8], "texture": "#3"},
				"up": {"uv": [2, 5, 1, 4], "texture": "#3"},
				"down": {"uv": [3, 4, 2, 5], "texture": "#3"}
			}
		},
		{
			"name": "Right Leg Layer",
			"from": [-0.35, -0.25, -2.25],
			"to": [4.15, 12.25, 2.25],
			"faces": {
				"north": {"uv": [1, 9, 2, 12], "texture": "#3"},
				"east": {"uv": [0, 9, 1, 12], "texture": "#3"},
				"south": {"uv": [3, 9, 4, 12], "texture": "#3"},
				"west": {"uv": [2, 9, 3, 12], "texture": "#3"},
				"up": {"uv": [2, 9, 1, 8], "texture": "#3"},
				"down": {"uv": [3, 8, 2, 9], "texture": "#3"}
			}
		},
		{
			"name": "Left Leg",
			"from": [-3.9, 0, -2],
			"to": [0.1, 12, 2],
			"faces": {
				"north": {"uv": [5, 13, 6, 16], "texture": "#3"},
				"east": {"uv": [4, 13, 5, 16], "texture": "#3"},
				"south": {"uv": [7, 13, 8, 16], "texture": "#3"},
				"west": {"uv": [6, 13, 7, 16], "texture": "#3"},
				"up": {"uv": [6, 13, 5, 12], "texture": "#3"},
				"down": {"uv": [7, 12, 6, 13], "texture": "#3"}
			}
		},
		{
			"name": "Left Leg Layer",
			"from": [-4.15, -0.25, -2.25],
			"to": [0.35, 12.25, 2.25],
			"faces": {
				"north": {"uv": [1, 13, 2, 16], "texture": "#3"},
				"east": {"uv": [0, 13, 1, 16], "texture": "#3"},
				"south": {"uv": [3, 13, 4, 16], "texture": "#3"},
				"west": {"uv": [2, 13, 3, 16], "texture": "#3"},
				"up": {"uv": [2, 13, 1, 12], "texture": "#3"},
				"down": {"uv": [3, 12, 2, 13], "texture": "#3"}
			}
		}
	],
	"groups": [
		{
			"name": "Head",
			"origin": [0, 24, 0],
			"rotation": [6, -5, 0],
			"color": 0,
			"nbt": "{}",
			"children": [0, 1]
		},
		{
			"name": "Body",
			"origin": [0, 24, 0],
			"color": 0,
			"nbt": "{}",
			"children": [2, 3]
		},
		{
			"name": "Right Arm 1",
			"origin": [5, 22, 0],
			"rotation": [10, 0, 0],
			"color": 0,
			"nbt": "{}",
			"children": [4, 5]
		},
		{
			"name": "Right Arm 2",
			"origin": [5, 22, 0],
			"rotation": [10, 0, 0],
			"color": 0,
			"nbt": "{}",
			"children": [6, 7]
		},
		{
			"name": "Left Arm",
			"origin": [-5, 22, 0],
			"rotation": [-12, 0, 0],
			"color": 0,
			"nbt": "{}",
			"children": [8, 9]
		},
		{
			"name": "2",
			"origin": [-5, 22, 0],
			"rotation": [-12, 0, 0],
			"color": 0,
			"nbt": "{}",
			"children": [10, 11]
		},
		{
			"name": "Right Leg",
			"origin": [1.9, 12, 0],
			"rotation": [-11, 0, 2],
			"color": 0,
			"nbt": "{}",
			"children": [12, 13]
		},
		{
			"name": "Left Leg",
			"origin": [-1.9, 12, 0],
			"rotation": [10, 0, -2],
			"color": 0,
			"nbt": "{}",
			"children": [14, 15]
		}
	]
}