{
	"credit": "Made with Blockbench",
	"texture_size": [128, 128],
	"textures": {
		"0": "item/animtest/texture",
		"particle": "item/animtest/texture"
	},
	"elements": [
		{
			"name": "14",
			"from": [-1.05, 1, 15],
			"to": [17.05, 11, 17],
			"rotation": {"angle": 0, "axis": "y", "origin": [8, -1, 7]},
			"faces": {
				"north": {"uv": [5.5, 5.5, 7.75, 6.75], "texture": "#0"},
				"east": {"uv": [5.25, 5.5, 5.5, 6.75], "texture": "#0"},
				"south": {"uv": [8, 5.5, 10.25, 6.75], "texture": "#0"},
				"west": {"uv": [7.75, 5.5, 8, 6.75], "texture": "#0"},
				"up": {"uv": [7.75, 5.5, 5.5, 5.25], "texture": "#0"},
				"down": {"uv": [10, 5.25, 7.75, 5.5], "texture": "#0"}
			}
		},
		{
			"name": "13",
			"from": [-1, 1, 13],
			"to": [17, 11, 17],
			"rotation": {"angle": 22.5, "axis": "x", "origin": [8, 1, 17]},
			"faces": {
				"north": {"uv": [0.5, 4.25, 2.75, 5.5], "texture": "#0"},
				"east": {"uv": [0, 4.25, 0.5, 5.5], "texture": "#0"},
				"south": {"uv": [3.25, 4.25, 5.5, 5.5], "texture": "#0"},
				"west": {"uv": [2.75, 4.25, 3.25, 5.5], "texture": "#0"},
				"up": {"uv": [2.75, 4.25, 0.5, 3.75], "texture": "#0"},
				"down": {"uv": [5, 3.75, 2.75, 4.25], "texture": "#0"}
			}
		},
		{
			"name": "12",
			"from": [-1.5, 10.5, 14.5],
			"to": [17.5, 13.5, 17.5],
			"rotation": {"angle": 45, "axis": "x", "origin": [8, 12, 16]},
			"faces": {
				"north": {"uv": [5.875, 2.625, 8.25, 3], "texture": "#0"},
				"east": {"uv": [5.5, 2.625, 5.875, 3], "texture": "#0"},
				"south": {"uv": [8.625, 2.625, 11, 3], "texture": "#0"},
				"west": {"uv": [8.25, 2.625, 8.625, 3], "texture": "#0"},
				"up": {"uv": [8.25, 2.625, 5.875, 2.25], "texture": "#0"},
				"down": {"uv": [10.625, 2.25, 8.25, 2.625], "texture": "#0"}
			}
		},
		{
			"name": "11",
			"from": [-2, 0, -2],
			"to": [-1, 4, 2],
			"rotation": {"angle": 0, "axis": "y", "origin": [8, -1, 7]},
			"faces": {
				"north": {"uv": [6.25, 7.25, 6.375, 7.75], "texture": "#0"},
				"east": {"uv": [5.75, 7.25, 6.25, 7.75], "texture": "#0"},
				"south": {"uv": [6.875, 7.25, 7, 7.75], "texture": "#0"},
				"west": {"uv": [6.375, 7.25, 6.875, 7.75], "texture": "#0"},
				"up": {"uv": [6.375, 7.25, 6.25, 6.75], "texture": "#0"},
				"down": {"uv": [6.5, 6.75, 6.375, 7.25], "texture": "#0"}
			}
		},
		{
			"name": "10",
			"from": [-2, 0, 13],
			"to": [-1, 4, 17],
			"rotation": {"angle": 0, "axis": "y", "origin": [8, -1, 7]},
			"faces": {
				"north": {"uv": [0.5, 1.5, 0.625, 2], "texture": "#0"},
				"east": {"uv": [0, 1.5, 0.5, 2], "texture": "#0"},
				"south": {"uv": [1.125, 1.5, 1.25, 2], "texture": "#0"},
				"west": {"uv": [0.625, 1.5, 1.125, 2], "texture": "#0"},
				"up": {"uv": [0.625, 1.5, 0.5, 1], "texture": "#0"},
				"down": {"uv": [0.75, 1, 0.625, 1.5], "texture": "#0"}
			}
		},
		{
			"name": "9",
			"from": [17, 0, 13],
			"to": [18, 4, 17],
			"rotation": {"angle": 0, "axis": "y", "origin": [8, -1, 7]},
			"faces": {
				"north": {"uv": [1.25, 1, 1.375, 1.5], "texture": "#0"},
				"east": {"uv": [0.75, 1, 1.25, 1.5], "texture": "#0"},
				"south": {"uv": [1.875, 1, 2, 1.5], "texture": "#0"},
				"west": {"uv": [1.375, 1, 1.875, 1.5], "texture": "#0"},
				"up": {"uv": [1.375, 1, 1.25, 0.5], "texture": "#0"},
				"down": {"uv": [1.5, 0.5, 1.375, 1], "texture": "#0"}
			}
		},
		{
			"name": "8",
			"from": [17, 0, -2],
			"to": [18, 4, 2],
			"rotation": {"angle": 0, "axis": "y", "origin": [8, -1, 7]},
			"faces": {
				"north": {"uv": [0.5, 0.5, 0.625, 1], "texture": "#0"},
				"east": {"uv": [0, 0.5, 0.5, 1], "texture": "#0"},
				"south": {"uv": [1.125, 0.5, 1.25, 1], "texture": "#0"},
				"west": {"uv": [0.625, 0.5, 1.125, 1], "texture": "#0"},
				"up": {"uv": [0.625, 0.5, 0.5, 0], "texture": "#0"},
				"down": {"uv": [0.75, 0, 0.625, 0.5], "texture": "#0"}
			}
		},
		{
			"name": "7",
			"from": [-1, 1, -1],
			"to": [17, 3, 15],
			"rotation": {"angle": 0, "axis": "y", "origin": [8, -1, 7]},
			"faces": {
				"north": {"uv": [2, 2, 4.25, 2.25], "texture": "#0"},
				"east": {"uv": [0, 2, 2, 2.25], "texture": "#0"},
				"south": {"uv": [6.25, 2, 8.5, 2.25], "texture": "#0"},
				"west": {"uv": [4.25, 2, 6.25, 2.25], "texture": "#0"},
				"up": {"uv": [4.25, 2, 2, 0], "texture": "#0"},
				"down": {"uv": [6.5, 0, 4.25, 2], "texture": "#0"}
			}
		},
		{
			"name": "6",
			"from": [-1, 3, 7],
			"to": [17, 7, 15],
			"rotation": {"angle": 0, "axis": "y", "origin": [8, -1, 7]},
			"faces": {
				"north": {"uv": [1, 3.25, 3.25, 3.75], "texture": "#0"},
				"east": {"uv": [0, 3.25, 1, 3.75], "texture": "#0"},
				"south": {"uv": [4.25, 3.25, 6.5, 3.75], "texture": "#0"},
				"west": {"uv": [3.25, 3.25, 4.25, 3.75], "texture": "#0"},
				"up": {"uv": [3.25, 3.25, 1, 2.25], "texture": "#0"},
				"down": {"uv": [5.5, 2.25, 3.25, 3.25], "texture": "#0"}
			}
		},
		{
			"name": "5",
			"from": [-1, 1, -3],
			"to": [17, 10, -1],
			"rotation": {"angle": 22.5, "axis": "x", "origin": [8, 1, -1]},
			"faces": {
				"north": {"uv": [0.25, 5.75, 2.5, 6.875], "texture": "#0"},
				"east": {"uv": [0, 5.75, 0.25, 6.875], "texture": "#0"},
				"south": {"uv": [2.75, 5.75, 5, 6.875], "texture": "#0"},
				"west": {"uv": [2.5, 5.75, 2.75, 6.875], "texture": "#0"},
				"up": {"uv": [2.5, 5.75, 0.25, 5.5], "texture": "#0"},
				"down": {"uv": [4.75, 5.5, 2.5, 5.75], "texture": "#0"}
			}
		},
		{
			"name": "6",
			"from": [-1, 1, -3.5],
			"to": [17, 10, -3.5],
			"rotation": {"angle": 22.5, "axis": "x", "origin": [8, 1, -1]},
			"faces": {
				"north": {"uv": [0, 8.125, 2.25, 9.25], "texture": "#0"},
				"east": {"uv": [0, 8.125, 0, 9.25], "texture": "#0"},
				"south": {"uv": [2.25, 8.125, 4.5, 9.25], "texture": "#0"},
				"west": {"uv": [2.25, 8.125, 2.25, 9.25], "texture": "#0"},
				"up": {"uv": [2.25, 8.125, 0, 8.125], "texture": "#0"},
				"down": {"uv": [4.5, 8.125, 2.25, 8.125], "texture": "#0"}
			}
		},
		{
			"name": "4",
			"from": [15, 1, 7],
			"to": [17, 9, 15],
			"rotation": {"angle": 0, "axis": "y", "origin": [8, -1, 7]},
			"faces": {
				"north": {"uv": [7.5, 1, 7.75, 2], "texture": "#0"},
				"east": {"uv": [6.5, 1, 7.5, 2], "texture": "#0"},
				"south": {"uv": [8.75, 1, 9, 2], "texture": "#0"},
				"west": {"uv": [7.75, 1, 8.75, 2], "texture": "#0"},
				"up": {"uv": [7.75, 1, 7.5, 0], "texture": "#0"},
				"down": {"uv": [8, 0, 7.75, 1], "texture": "#0"}
			}
		},
		{
			"name": "3",
			"from": [-1, 1, 7],
			"to": [1, 9, 15],
			"rotation": {"angle": 0, "axis": "y", "origin": [8, -1, 7]},
			"faces": {
				"north": {"uv": [6.5, 4, 6.75, 5], "texture": "#0"},
				"east": {"uv": [5.5, 4, 6.5, 5], "texture": "#0"},
				"south": {"uv": [7.75, 4, 8, 5], "texture": "#0"},
				"west": {"uv": [6.75, 4, 7.75, 5], "texture": "#0"},
				"up": {"uv": [6.75, 4, 6.5, 3], "texture": "#0"},
				"down": {"uv": [7, 3, 6.75, 4], "texture": "#0"}
			}
		},
		{
			"name": "2",
			"from": [14.5, 8.5, 6.5],
			"to": [17.5, 11.5, 15],
			"rotation": {"angle": 45, "axis": "z", "origin": [16, 10, 11]},
			"faces": {
				"north": {"uv": [5, 7.75, 5.375, 8.125], "texture": "#0"},
				"east": {"uv": [4, 7.75, 5, 8.125], "texture": "#0"},
				"south": {"uv": [6.375, 7.75, 6.75, 8.125], "texture": "#0"},
				"west": {"uv": [5.375, 7.75, 6.375, 8.125], "texture": "#0"},
				"up": {"uv": [5.375, 7.75, 5, 6.75], "texture": "#0"},
				"down": {"uv": [5.75, 6.75, 5.375, 7.75], "texture": "#0"}
			}
		},
		{
			"name": "1",
			"from": [-1.5, 8.5, 6.5],
			"to": [1.5, 11.5, 15],
			"rotation": {"angle": -45, "axis": "z", "origin": [0, 10, 10.75]},
			"faces": {
				"north": {"uv": [7.75, 7.75, 8.125, 8.125], "texture": "#0"},
				"east": {"uv": [6.75, 7.75, 7.75, 8.125], "texture": "#0"},
				"south": {"uv": [9.125, 7.75, 9.5, 8.125], "texture": "#0"},
				"west": {"uv": [8.125, 7.75, 9.125, 8.125], "texture": "#0"},
				"up": {"uv": [8.125, 7.75, 7.75, 6.75], "texture": "#0"},
				"down": {"uv": [8.5, 6.75, 8.125, 7.75], "texture": "#0"}
			}
		}
	],
	"display": {},
	"groups": [
		{
			"name": "group",
			"origin": [-8, 11, 3.75],
			"color": 0,
			"nbt": "{}",
			"children": [0, 1, 2, 3, 4, 5, 6, 7, 8, 9, 10, 11, 12, 13, 14]
		}
	]
}