{
	"credit": "Made with Blockbench",
	"parent": "arrow",
	"gui_light": "front",
	"textures": {
		"0": "item/arrowgreen/texture"
	},
	"elements": [
		{
			"from": [6.5, 0.3, 6.8],
			"to": [9.5, 5.1, 9.2],
			"faces": {
				"north": {"uv": [11.616, 4.1, 11.936, 5.7], "texture": "#0"},
				"south": {"uv": [11.936, 4.1, 11.616, 5.7], "texture": "#0"},
				"up": {"uv": [11.936, 4.1, 11.616, 3.3], "texture": "#0"},
				"down": {"uv": [11.936, 6.5, 11.616, 5.7], "texture": "#0"}
			}
		},
		{
			"from": [6.2, 1.8, 6.5],
			"to": [7.1, 3.6, 9.5],
			"faces": {
				"east": {"uv": [0, 10.6, 0.016, 10.65], "texture": "#0"},
				"up": {"uv": [0, 10.6, 0.016, 10.65], "texture": "#0"},
				"down": {"uv": [0, 10.6, 0.016, 10.65], "texture": "#0"}
			}
		},
		{
			"from": [8, 5.4, 9.5],
			"to": [6.2, 0, 6.5],
			"faces": {
				"north": {"uv": [3.136, 10.6, 3.104, 10.9], "texture": "#0"},
				"east": {"uv": [3.12, 10.6, 3.136, 10.9], "texture": "#0"},
				"south": {"uv": [3.104, 10.6, 3.136, 10.9], "texture": "#0"},
				"west": {"uv": [2.88, 10.6, 2.896, 10.9], "texture": "#0"},
				"up": {"uv": [0, 10.6, 0.016, 10.65], "texture": "#0"},
				"down": {"uv": [0, 10.6, 0.016, 10.65], "texture": "#0"}
			}
		},
		{
			"from": [8.9, 4.5, 9.5],
			"to": [8, 0.9, 6.5],
			"faces": {
				"north": {"uv": [0, 10.6, 0.016, 10.65], "texture": "#0"},
				"south": {"uv": [0, 10.6, 0.016, 10.65], "texture": "#0"},
				"west": {"uv": [0.304, 10.65, 0.32, 10.85], "texture": "#0"},
				"up": {"uv": [0, 10.6, 0.016, 10.65], "texture": "#0"},
				"down": {"uv": [0, 10.6, 0.016, 10.65], "texture": "#0"}
			}
		},
		{
			"from": [9.8, 3.6, 9.5],
			"to": [8.9, 1.8, 6.5],
			"faces": {
				"north": {"uv": [0, 10.6, 0.016, 10.65], "texture": "#0"},
				"south": {"uv": [0, 10.6, 0.016, 10.65], "texture": "#0"},
				"west": {"uv": [0, 10.6, 0.016, 10.65], "texture": "#0"},
				"up": {"uv": [0, 10.6, 0.016, 10.65], "texture": "#0"},
				"down": {"uv": [0, 10.6, 0.016, 10.65], "texture": "#0"}
			}
		}
	],
	"display": {
		"head": {
			"translation": [0, 20, 0],
			"scale": [4, 4, 4]
		}
	},
	"groups": [
		{
			"name": "<",
			"origin": [0, 0, 0],
			"color": 0,
			"nbt": "{}",
			"children": [
				{
					"name": "<",
					"origin": [0, 0, 0],
					"color": 0,
					"nbt": "{}",
					"children": [0, 1, 2, 3, 4]
				}
			]
		}
	]
}