{
	"credit": "Made with Blockbench",
	"texture_size": [64, 64],
	"gui_light": "front",
	"textures": {
		"0": "item/billboard/texture",
		"particle": "item/billboard/texture"
	},
	"elements": [
		{
			"from": [0, 0, 0],
			"to": [16, 16, 2],
			"faces": {
				"north": {"uv": [0, 0, 4, 4], "texture": "#0"},
				"east": {"uv": [4, 0, 4.5, 4], "texture": "#0"},
				"south": {"uv": [0, 4, 4, 8], "texture": "#0"},
				"west": {"uv": [4, 4, 4.5, 8], "texture": "#0"},
				"up": {"uv": [8.5, 0.5, 4.5, 0], "texture": "#0"},
				"down": {"uv": [8.5, 0.5, 4.5, 1], "texture": "#0"}
			}
		}
	],
	"display": {}
}