{
	"credit": "Made with Blockbench",
	"parent": "titles",
	"gui_light": "front",
	"textures": {
		"1": "item/titles_bw/texture",
		"2": "item/titles_gold/texture"
	},
	"elements": [
		{
			"from": [8.5285, -0.735, 6.685],
			"to": [9.2285, -0.035, 6.965],
			"faces": {
				"north": {"uv": [11.2, 1.1, 11.84, 3.1], "texture": "#2"},
				"east": {"uv": [0.032, 13.3, 0.048, 13.4], "texture": "#2"},
				"south": {"uv": [11.84, 1.1, 11.2, 3.1], "texture": "#2"},
				"west": {"uv": [0.032, 13.3, 0.048, 13.4], "texture": "#2"},
				"up": {"uv": [11.84, 1.1, 11.2, 0], "texture": "#2"},
				"down": {"uv": [11.84, 4.2, 11.2, 3.1], "texture": "#2"}
			}
		},
		{
			"from": [8.8085, -0.245, 6.685],
			"to": [8.9485, -0.245, 6.965],
			"faces": {
				"up": {"uv": [12, 1.1, 11.872, 0], "texture": "#2"}
			}
		},
		{
			"from": [8.7735, -0.21, 6.65],
			"to": [8.9835, 0, 7],
			"faces": {
				"east": {"uv": [0, 13.3, 0.016, 13.35], "texture": "#2"},
				"west": {"uv": [0, 13.3, 0.016, 13.35], "texture": "#2"},
				"down": {"uv": [0, 13.3, 0.016, 13.35], "texture": "#2"}
			}
		},
		{
			"from": [8.8435, -0.77, 6.65],
			"to": [8.9135, -0.56, 7],
			"faces": {
				"east": {"uv": [0, 13.3, 0.016, 13.35], "texture": "#2"},
				"west": {"uv": [0, 13.3, 0.016, 13.35], "texture": "#2"},
				"up": {"uv": [0, 13.3, 0.016, 13.35], "texture": "#2"}
			}
		},
		{
			"from": [9.1935, -0.77, 6.65],
			"to": [9.2635, -0.63, 7],
			"faces": {
				"west": {"uv": [0, 13.3, 0.016, 13.35], "texture": "#2"},
				"up": {"uv": [0, 13.3, 0.016, 13.35], "texture": "#2"}
			}
		},
		{
			"from": [8.4935, -0.77, 6.65],
			"to": [8.5635, -0.63, 7],
			"faces": {
				"east": {"uv": [0, 13.3, 0.016, 13.35], "texture": "#2"},
				"up": {"uv": [0, 13.3, 0.016, 13.35], "texture": "#2"}
			}
		},
		{
			"from": [9.2635, 0, 7],
			"to": [8.4935, -0.77, 6.65],
			"faces": {
				"north": {"uv": [0.448, 13.85, 0.624, 13.3], "texture": "#2"},
				"east": {"uv": [0.448, 13.85, 0.464, 13.3], "texture": "#2"},
				"south": {"uv": [0.448, 13.85, 0.624, 13.3], "texture": "#2"},
				"west": {"uv": [0.448, 13.85, 0.464, 13.3], "texture": "#2"},
				"up": {"uv": [0.448, 13.85, 0.624, 13.8], "texture": "#2"},
				"down": {"uv": [0.448, 13.35, 0.624, 13.3], "texture": "#2"}
			}
		},
		{
			"from": [8.2485, -0.735, 6.685],
			"to": [8.4585, -0.035, 6.965],
			"faces": {
				"north": {"uv": [4.32, 1.1, 4.512, 3.1], "texture": "#2"},
				"south": {"uv": [4.512, 1.1, 4.32, 3.1], "texture": "#2"},
				"up": {"uv": [4.512, 1.1, 4.32, 0], "texture": "#2"},
				"down": {"uv": [4.512, 4.2, 4.32, 3.1], "texture": "#2"}
			}
		},
		{
			"from": [8.4935, 0, 7],
			"to": [8.2135, -0.77, 6.65],
			"faces": {
				"north": {"uv": [0, 13.3, 0.016, 13.35], "texture": "#2"},
				"east": {"uv": [0, 13.3, 0.016, 13.35], "texture": "#2"},
				"south": {"uv": [0, 13.3, 0.016, 13.35], "texture": "#2"},
				"west": {"uv": [0, 13.3, 0.016, 13.35], "texture": "#2"},
				"up": {"uv": [0, 13.3, 0.016, 13.35], "texture": "#2"},
				"down": {"uv": [0, 13.3, 0.016, 13.35], "texture": "#2"}
			}
		},
		{
			"from": [7.6185, -0.735, 6.685],
			"to": [8.1785, -0.035, 6.965],
			"faces": {
				"north": {"uv": [6.752, 1.1, 7.264, 3.1], "texture": "#2"},
				"south": {"uv": [7.264, 1.1, 6.752, 3.1], "texture": "#2"},
				"up": {"uv": [7.264, 1.1, 6.752, 0], "texture": "#2"},
				"down": {"uv": [7.264, 4.2, 6.752, 3.1], "texture": "#2"}
			}
		},
		{
			"from": [7.8635, -0.14, 6.65],
			"to": [7.9335, 0, 7],
			"faces": {
				"east": {"uv": [0, 13.3, 0.016, 13.35], "texture": "#2"},
				"west": {"uv": [0, 13.3, 0.016, 13.35], "texture": "#2"},
				"down": {"uv": [0, 13.3, 0.016, 13.35], "texture": "#2"}
			}
		},
		{
			"from": [7.8635, -0.77, 6.65],
			"to": [7.9335, -0.595, 7],
			"faces": {
				"east": {"uv": [0, 13.3, 0.016, 13.35], "texture": "#2"},
				"west": {"uv": [0, 13.3, 0.016, 13.35], "texture": "#2"},
				"up": {"uv": [0, 13.3, 0.016, 13.35], "texture": "#2"}
			}
		},
		{
			"from": [8.2135, 0, 7],
			"to": [7.5835, -0.77, 6.65],
			"faces": {
				"north": {"uv": [0.304, 14.4, 0.448, 13.3], "texture": "#2"},
				"east": {"uv": [0, 13.3, 0.016, 13.35], "texture": "#2"},
				"south": {"uv": [0.304, 14.4, 0.448, 13.3], "texture": "#2"},
				"west": {"uv": [0, 13.3, 0.016, 13.35], "texture": "#2"},
				"up": {"uv": [0.304, 13.3, 0.448, 13.35], "texture": "#2"},
				"down": {"uv": [0.304, 13.3, 0.448, 13.35], "texture": "#2"}
			}
		},
		{
			"from": [7.0585, -0.735, 6.685],
			"to": [7.5485, -0.035, 6.965],
			"faces": {
				"north": {"uv": [9.28, 1.1, 9.728, 3.1], "texture": "#2"},
				"south": {"uv": [9.728, 1.1, 9.28, 3.1], "texture": "#2"},
				"up": {"uv": [9.728, 1.1, 9.28, 0], "texture": "#2"},
				"down": {"uv": [9.728, 4.2, 9.28, 3.1], "texture": "#2"}
			}
		},
		{
			"from": [7.3035, -0.56, 6.65],
			"to": [7.5835, -0.49, 7],
			"faces": {
				"west": {"uv": [0, 13.3, 0.016, 13.35], "texture": "#2"},
				"up": {"uv": [0, 13.3, 0.016, 13.35], "texture": "#2"},
				"down": {"uv": [0, 13.3, 0.016, 13.35], "texture": "#2"}
			}
		},
		{
			"from": [7.0235, -0.28, 6.65],
			"to": [7.3035, -0.21, 7],
			"faces": {
				"east": {"uv": [0, 13.3, 0.016, 13.35], "texture": "#2"},
				"up": {"uv": [0, 13.3, 0.016, 13.35], "texture": "#2"},
				"down": {"uv": [0, 13.3, 0.016, 13.35], "texture": "#2"}
			}
		},
		{
			"from": [7.5835, 0, 7],
			"to": [7.0235, -0.77, 6.65],
			"faces": {
				"north": {"uv": [0, 13.85, 0.032, 14.4], "texture": "#2"},
				"east": {"uv": [0, 13.85, 0.016, 14.4], "texture": "#2"},
				"south": {"uv": [0.032, 13.85, 0, 14.4], "texture": "#2"},
				"west": {"uv": [0.016, 13.85, 0.032, 14.4], "texture": "#2"},
				"up": {"uv": [0, 13.3, 0.016, 13.35], "texture": "#2"},
				"down": {"uv": [0, 13.3, 0.016, 13.35], "texture": "#2"}
			}
		},
		{
			"from": [6.7715, -0.735, 6.685],
			"to": [6.9815, -0.035, 6.965],
			"faces": {
				"north": {"uv": [10.144, 5.4, 10.336, 7.4], "texture": "#2"},
				"south": {"uv": [10.144, 5.4, 10.336, 7.4], "texture": "#2"},
				"up": {"uv": [10.336, 5.4, 10.144, 4.3], "texture": "#2"},
				"down": {"uv": [10.336, 8.5, 10.144, 7.4], "texture": "#2"}
			}
		},
		{
			"from": [7.0165, 0, 7],
			"to": [6.7365, -0.77, 6.65],
			"faces": {
				"north": {"uv": [0, 13.3, 0.016, 13.35], "texture": "#2"},
				"east": {"uv": [0, 13.3, 0.016, 13.35], "texture": "#2"},
				"south": {"uv": [0, 13.3, 0.016, 13.35], "texture": "#2"},
				"west": {"uv": [0, 13.3, 0.016, 13.35], "texture": "#2"},
				"up": {"uv": [0, 13.3, 0.016, 13.35], "texture": "#2"},
				"down": {"uv": [0, 13.3, 0.016, 13.35], "texture": "#2"}
			}
		},
		{
			"from": [13.11, 0.1, 6.45],
			"to": [14.51, 2.1, 7.55],
			"faces": {
				"north": {"uv": [0.96, 1.1, 1.408, 3.1], "texture": "#1"},
				"south": {"uv": [1.408, 1.1, 0.96, 3.1], "texture": "#1"},
				"up": {"uv": [1.408, 1.1, 0.96, 0], "texture": "#1"},
				"down": {"uv": [1.408, 4.2, 0.96, 3.1], "texture": "#1"}
			}
		},
		{
			"from": [14.61, 2.2, 7.65],
			"to": [13.01, 0, 6.35],
			"faces": {
				"north": {"uv": [0, 13.3, 0.016, 13.35], "texture": "#1"},
				"east": {"uv": [0, 13.3, 0.016, 13.35], "texture": "#1"},
				"south": {"uv": [0, 13.3, 0.016, 13.35], "texture": "#1"},
				"west": {"uv": [0, 13.3, 0.016, 13.35], "texture": "#1"},
				"up": {"uv": [0, 13.3, 0.016, 13.35], "texture": "#1"},
				"down": {"uv": [0, 13.3, 0.016, 13.35], "texture": "#1"}
			}
		},
		{
			"from": [11.71, 0.1, 6.45],
			"to": [12.91, 2.1, 7.55],
			"faces": {
				"north": {"uv": [5.504, 1.1, 5.888, 3.1], "texture": "#1"},
				"south": {"uv": [5.888, 1.1, 5.504, 3.1], "texture": "#1"},
				"up": {"uv": [5.888, 1.1, 5.504, 0], "texture": "#1"},
				"down": {"uv": [5.888, 4.2, 5.504, 3.1], "texture": "#1"}
			}
		},
		{
			"from": [11.61, 0.6, 6.35],
			"to": [12.21, 2.2, 7.65],
			"faces": {
				"east": {"uv": [0, 13.3, 0.016, 13.35], "texture": "#1"},
				"down": {"uv": [0, 13.3, 0.016, 13.35], "texture": "#1"}
			}
		},
		{
			"from": [13.01, 2.2, 7.65],
			"to": [11.61, 0, 6.35],
			"faces": {
				"north": {"uv": [0.144, 13.85, 0.256, 13.3], "texture": "#1"},
				"east": {"uv": [0.144, 13.85, 0.16, 13.3], "texture": "#1"},
				"south": {"uv": [0.256, 13.85, 0.144, 13.3], "texture": "#1"},
				"west": {"uv": [0, 13.3, 0.016, 13.35], "texture": "#1"},
				"up": {"uv": [0, 13.3, 0.016, 13.35], "texture": "#1"},
				"down": {"uv": [0.256, 13.3, 0.144, 13.35], "texture": "#1"}
			}
		},
		{
			"from": [10.11, 0.1, 6.45],
			"to": [11.51, 2.1, 7.55],
			"faces": {
				"north": {"uv": [10.24, 1.1, 10.688, 3.1], "texture": "#1"},
				"south": {"uv": [10.688, 1.1, 10.24, 3.1], "texture": "#1"},
				"up": {"uv": [10.688, 1.1, 10.24, 0], "texture": "#1"},
				"down": {"uv": [10.688, 4.2, 10.24, 3.1], "texture": "#1"}
			}
		},
		{
			"from": [11.61, 2.2, 7.65],
			"to": [10.01, 0, 6.35],
			"faces": {
				"north": {"uv": [0, 13.3, 0.016, 13.35], "texture": "#1"},
				"east": {"uv": [0, 13.3, 0.016, 13.35], "texture": "#1"},
				"south": {"uv": [0, 13.3, 0.016, 13.35], "texture": "#1"},
				"west": {"uv": [0, 13.3, 0.016, 13.35], "texture": "#1"},
				"up": {"uv": [0, 13.3, 0.016, 13.35], "texture": "#1"},
				"down": {"uv": [0, 13.3, 0.016, 13.35], "texture": "#1"}
			}
		},
		{
			"from": [8.51, 0.1, 6.45],
			"to": [9.91, 2.1, 7.55],
			"faces": {
				"north": {"uv": [2.4, 1.1, 2.848, 3.1], "texture": "#1"},
				"south": {"uv": [2.848, 1.1, 2.4, 3.1], "texture": "#1"},
				"up": {"uv": [2.848, 1.1, 2.4, 0], "texture": "#1"},
				"down": {"uv": [2.848, 4.2, 2.4, 3.1], "texture": "#1"}
			}
		},
		{
			"from": [8.41, 1.4, 6.35],
			"to": [9.21, 1.6, 7.65],
			"faces": {
				"east": {"uv": [0, 13.3, 0.016, 13.35], "texture": "#1"},
				"up": {"uv": [0, 13.3, 0.016, 13.35], "texture": "#1"},
				"down": {"uv": [0, 13.3, 0.016, 13.35], "texture": "#1"}
			}
		},
		{
			"from": [8.41, 0.6, 6.35],
			"to": [9.21, 0.8, 7.65],
			"faces": {
				"east": {"uv": [0, 13.3, 0.016, 13.35], "texture": "#1"},
				"up": {"uv": [0, 13.3, 0.016, 13.35], "texture": "#1"},
				"down": {"uv": [0, 13.3, 0.016, 13.35], "texture": "#1"}
			}
		},
		{
			"from": [10.01, 2.2, 7.65],
			"to": [8.41, 0, 6.35],
			"faces": {
				"north": {"uv": [0.048, 13.3, 0.08, 13.85], "texture": "#1"},
				"east": {"uv": [0.064, 13.3, 0.048, 13.85], "texture": "#1"},
				"south": {"uv": [0.08, 13.3, 0.048, 13.85], "texture": "#1"},
				"west": {"uv": [0, 13.3, 0.016, 13.35], "texture": "#1"},
				"up": {"uv": [0, 13.3, 0.016, 13.35], "texture": "#1"},
				"down": {"uv": [0, 13.3, 0.016, 13.35], "texture": "#1"}
			}
		},
		{
			"from": [6.89, 0.1, 6.45],
			"to": [8.29, 2.1, 7.55],
			"faces": {
				"north": {"uv": [9.76, 1.1, 10.208, 3.1], "texture": "#1"},
				"south": {"uv": [10.208, 1.1, 9.76, 3.1], "texture": "#1"},
				"up": {"uv": [10.208, 1.1, 9.76, 0], "texture": "#1"},
				"down": {"uv": [10.208, 4.2, 9.76, 3.1], "texture": "#1"}
			}
		},
		{
			"from": [7.99, 0, 6.35],
			"to": [8.39, 1.6, 7.65],
			"faces": {
				"west": {"uv": [0, 13.3, 0.016, 13.35], "texture": "#1"},
				"up": {"uv": [0, 13.3, 0.016, 13.35], "texture": "#1"}
			}
		},
		{
			"from": [6.79, 0, 6.35],
			"to": [7.19, 1.6, 7.65],
			"faces": {
				"east": {"uv": [0, 13.3, 0.016, 13.35], "texture": "#1"},
				"up": {"uv": [0, 13.3, 0.016, 13.35], "texture": "#1"}
			}
		},
		{
			"from": [8.39, 2.2, 7.65],
			"to": [6.79, 0, 6.35],
			"faces": {
				"north": {"uv": [0.032, 14.4, 0.096, 13.85], "texture": "#1"},
				"east": {"uv": [0.032, 14.4, 0.048, 13.85], "texture": "#1"},
				"south": {"uv": [0.032, 14.4, 0.096, 13.85], "texture": "#1"},
				"west": {"uv": [0.032, 14.4, 0.048, 13.85], "texture": "#1"},
				"up": {"uv": [0.032, 14.4, 0.096, 14.35], "texture": "#1"},
				"down": {"uv": [0, 13.3, 0.016, 13.35], "texture": "#1"}
			}
		},
		{
			"from": [5.29, 0.1, 6.45],
			"to": [6.69, 2.1, 7.55],
			"faces": {
				"north": {"uv": [2.4, 1.1, 2.848, 3.1], "texture": "#1"},
				"south": {"uv": [2.848, 1.1, 2.4, 3.1], "texture": "#1"},
				"up": {"uv": [2.848, 1.1, 2.4, 0], "texture": "#1"},
				"down": {"uv": [2.848, 4.2, 2.4, 3.1], "texture": "#1"}
			}
		},
		{
			"from": [5.19, 1.4, 6.35],
			"to": [5.99, 1.6, 7.65],
			"faces": {
				"east": {"uv": [0, 13.3, 0.016, 13.35], "texture": "#1"},
				"up": {"uv": [0, 13.3, 0.016, 13.35], "texture": "#1"},
				"down": {"uv": [0, 13.3, 0.016, 13.35], "texture": "#1"}
			}
		},
		{
			"from": [5.19, 0.6, 6.35],
			"to": [5.99, 0.8, 7.65],
			"faces": {
				"east": {"uv": [0, 13.3, 0.016, 13.35], "texture": "#1"},
				"up": {"uv": [0, 13.3, 0.016, 13.35], "texture": "#1"},
				"down": {"uv": [0, 13.3, 0.016, 13.35], "texture": "#1"}
			}
		},
		{
			"from": [6.79, 2.2, 7.65],
			"to": [5.19, 0, 6.35],
			"faces": {
				"north": {"uv": [0.048, 13.3, 0.08, 13.85], "texture": "#1"},
				"east": {"uv": [0.064, 13.3, 0.048, 13.85], "texture": "#1"},
				"south": {"uv": [0.08, 13.3, 0.048, 13.85], "texture": "#1"},
				"west": {"uv": [0, 13.3, 0.016, 13.35], "texture": "#1"},
				"up": {"uv": [0, 13.3, 0.016, 13.35], "texture": "#1"},
				"down": {"uv": [0, 13.3, 0.016, 13.35], "texture": "#1"}
			}
		},
		{
			"from": [3.69, 0.1, 6.45],
			"to": [5.09, 2.1, 7.55],
			"faces": {
				"north": {"uv": [0.48, 1.1, 0.928, 3.1], "texture": "#1"},
				"south": {"uv": [0.928, 1.1, 0.48, 3.1], "texture": "#1"},
				"up": {"uv": [0.928, 1.1, 0.48, 0], "texture": "#1"},
				"down": {"uv": [0.928, 4.2, 0.48, 3.1], "texture": "#1"}
			}
		},
		{
			"from": [5.19, 2.2, 7.65],
			"to": [3.59, 0, 6.35],
			"faces": {
				"north": {"uv": [0, 13.3, 0.016, 13.35], "texture": "#1"},
				"east": {"uv": [0, 13.3, 0.016, 13.35], "texture": "#1"},
				"south": {"uv": [0, 13.3, 0.016, 13.35], "texture": "#1"},
				"west": {"uv": [0, 13.3, 0.016, 13.35], "texture": "#1"},
				"up": {"uv": [0, 13.3, 0.016, 13.35], "texture": "#1"},
				"down": {"uv": [0, 13.3, 0.016, 13.35], "texture": "#1"}
			}
		},
		{
			"from": [1.49, 0.1, 6.45],
			"to": [3.49, 2.1, 7.55],
			"faces": {
				"north": {"uv": [5.92, 1.1, 6.56, 3.1], "texture": "#1"},
				"east": {"uv": [0.032, 13.4, 0.048, 13.3], "texture": "#1"},
				"south": {"uv": [6.56, 1.1, 5.92, 3.1], "texture": "#1"},
				"west": {"uv": [0.032, 13.4, 0.048, 13.3], "texture": "#1"},
				"up": {"uv": [6.56, 1.1, 5.92, 0], "texture": "#1"},
				"down": {"uv": [6.56, 4.2, 5.92, 3.1], "texture": "#1"}
			}
		},
		{
			"from": [2.29, 0.5, 6.45],
			"to": [2.69, 0.5, 7.55],
			"faces": {
				"down": {"uv": [6.72, 4.2, 6.592, 3.1], "texture": "#1"}
			}
		},
		{
			"from": [2.19, 1.8, 6.35],
			"to": [2.79, 2.2, 7.65],
			"faces": {
				"east": {"uv": [0, 13.3, 0.016, 13.35], "texture": "#1"},
				"west": {"uv": [0, 13.3, 0.016, 13.35], "texture": "#1"},
				"down": {"uv": [0.016, 13.35, 0.064, 13.4], "texture": "#1"}
			}
		},
		{
			"from": [2.39, 1.4, 6.35],
			"to": [2.59, 1.8, 7.65],
			"faces": {
				"east": {"uv": [0, 13.3, 0.016, 13.35], "texture": "#1"},
				"west": {"uv": [0, 13.3, 0.016, 13.35], "texture": "#1"},
				"down": {"uv": [0, 13.3, 0.016, 13.35], "texture": "#1"}
			}
		},
		{
			"from": [2.19, 0, 6.35],
			"to": [2.79, 0.4, 7.65],
			"faces": {
				"east": {"uv": [0, 13.3, 0.016, 13.35], "texture": "#1"},
				"west": {"uv": [0, 13.3, 0.016, 13.35], "texture": "#1"},
				"up": {"uv": [0, 13.3, 0.016, 13.35], "texture": "#1"}
			}
		},
		{
			"from": [3.59, 2.2, 7.65],
			"to": [1.39, 0, 6.35],
			"faces": {
				"north": {"uv": [0.192, 13.85, 0.368, 13.3], "texture": "#1"},
				"east": {"uv": [0, 13.3, 0.016, 13.35], "texture": "#1"},
				"south": {"uv": [0.192, 13.85, 0.368, 13.3], "texture": "#1"},
				"west": {"uv": [0, 13.3, 0.016, 13.35], "texture": "#1"},
				"up": {"uv": [0.192, 13.3, 0.368, 13.35], "texture": "#1"},
				"down": {"uv": [0.192, 13.3, 0.368, 13.35], "texture": "#1"}
			}
		}
	],
	"display": {
		"thirdperson_righthand": {
			"rotation": [0, 180, 0],
			"translation": [0, 7.25, 0]
		},
		"firstperson_righthand": {
			"rotation": [0, 180, 0],
			"translation": [-1.5, 7.75, 0]
		},
		"ground": {
			"translation": [0, 4.75, 0]
		},
		"gui": {
			"rotation": [0, 180, 0],
			"translation": [0, 6, 0]
		},
		"head": {
			"translation": [0, 14.25, 0]
		},
		"fixed": {
			"translation": [0, 6, 0]
		}
	},
	"groups": [
		{
			"name": "group",
			"origin": [8, 8, 8],
			"color": 0,
			"nbt": "{}",
			"children": [
				{
					"name": "wins_!",
					"origin": [0, 0, 0],
					"color": 0,
					"nbt": "{}",
					"children": [
						{
							"name": "wins",
							"origin": [0, 0, 0],
							"color": 0,
							"nbt": "{}",
							"children": [
								{
									"name": "w",
									"origin": [0, 0, 0],
									"color": 0,
									"nbt": "{}",
									"children": [0, 1, 2, 3, 4, 5, 6]
								},
								{
									"name": "i",
									"origin": [0, 0, 0],
									"color": 0,
									"nbt": "{}",
									"children": [7, 8]
								},
								{
									"name": "n",
									"origin": [0, 0, 0],
									"color": 0,
									"nbt": "{}",
									"children": [9, 10, 11, 12]
								},
								{
									"name": "s",
									"origin": [0, 0, 0],
									"color": 0,
									"nbt": "{}",
									"children": [13, 14, 15, 16]
								}
							]
						},
						{
							"name": "!",
							"origin": [0, 0, 0],
							"color": 0,
							"nbt": "{}",
							"children": [
								{
									"name": "!",
									"origin": [0, 0, 0],
									"color": 0,
									"nbt": "{}",
									"children": [17, 18]
								}
							]
						}
					]
				},
				{
					"name": "blue_team",
					"origin": [0, 0, 0],
					"color": 0,
					"nbt": "{}",
					"children": [
						{
							"name": "blue",
							"origin": [0, 0, 0],
							"color": 0,
							"nbt": "{}",
							"children": [
								{
									"name": "b",
									"origin": [0, 0, 0],
									"color": 0,
									"nbt": "{}",
									"children": [19, 20]
								},
								{
									"name": "l",
									"origin": [0, 0, 0],
									"color": 0,
									"nbt": "{}",
									"children": [21, 22, 23]
								},
								{
									"name": "u",
									"origin": [0, 0, 0],
									"color": 0,
									"nbt": "{}",
									"children": [24, 25]
								},
								{
									"name": "e",
									"origin": [0, 0, 0],
									"color": 0,
									"nbt": "{}",
									"children": [26, 27, 28, 29]
								}
							]
						},
						{
							"name": "team",
							"origin": [0, 0, 0],
							"color": 0,
							"nbt": "{}",
							"children": [
								{
									"name": "t",
									"origin": [0, 0, 0],
									"color": 0,
									"nbt": "{}",
									"children": [30, 31, 32, 33]
								},
								{
									"name": "e",
									"origin": [0, 0, 0],
									"color": 0,
									"nbt": "{}",
									"children": [34, 35, 36, 37]
								},
								{
									"name": "a",
									"origin": [0, 0, 0],
									"color": 0,
									"nbt": "{}",
									"children": [38, 39]
								},
								{
									"name": "m",
									"origin": [0, 0, 0],
									"color": 0,
									"nbt": "{}",
									"children": [40, 41, 42, 43, 44, 45]
								}
							]
						}
					]
				}
			]
		}
	]
}