{
	"credit": "Made with Blockbench",
	"texture_size": [32, 32],
	"textures": {
		"2": "item/buttongray/texture",
		"particle": "block/texture"
	},
	"elements": [
		{
			"from": [5.5, 0, 5.5],
			"to": [10.5, 1, 10.5],
			"faces": {
				"north": {"uv": [4.5, 5, 7, 5.5], "texture": "#2"},
				"east": {"uv": [4.5, 5.5, 7, 6], "texture": "#2"},
				"south": {"uv": [0, 6, 2.5, 6.5], "texture": "#2"},
				"west": {"uv": [2.5, 6, 5, 6.5], "texture": "#2"},
				"up": {"uv": [2.5, 2.5, 0, 0], "texture": "#2"},
				"down": {"uv": [2.5, 2.5, 0, 5], "texture": "#2"}
			}
		},
		{
			"from": [6.25, 1, 6.25],
			"to": [9.75, 2, 9.75],
			"faces": {
				"north": {"uv": [5, 6, 7, 6.5], "texture": "#2"},
				"east": {"uv": [0, 6.5, 2, 7], "texture": "#2"},
				"south": {"uv": [6.5, 0, 8.5, 0.5], "texture": "#2"},
				"west": {"uv": [6.5, 0.5, 8.5, 1], "texture": "#2"},
				"up": {"uv": [4.5, 2, 2.5, 0], "texture": "#2"},
				"down": {"uv": [4.5, 2, 2.5, 4], "texture": "#2"}
			}
		},
		{
			"from": [10, 2.25, 10],
			"to": [6, 0.25, 6],
			"faces": {
				"north": {"uv": [4.5, 2, 6.5, 3], "texture": "#2"},
				"east": {"uv": [4.5, 3, 6.5, 4], "texture": "#2"},
				"south": {"uv": [4.5, 4, 6.5, 5], "texture": "#2"},
				"west": {"uv": [0, 5, 2, 6], "texture": "#2"},
				"up": {"uv": [4.5, 6, 2.5, 4], "texture": "#2"},
				"down": {"uv": [6.5, 0, 4.5, 2], "texture": "#2"}
			}
		}
	],
	"gui_light": "front",
	"groups": [
		{
			"name": "group",
			"origin": [8, 8, 8],
			"color": 0,
			"nbt": "{}",
			"children": [0, 1, 2]
		}
	]
}