{
	"credit": "Made with Blockbench",
	"texture_size": [32, 32],
	"textures": {
		"1": "item/callelevator/texture"
	},
	"elements": [
		{
			"from": [4, 0, 8],
			"to": [12, 16, 9],
			"faces": {
				"north": {"uv": [0, 0, 4, 8], "texture": "#1"},
				"east": {"uv": [2.5, 8, 3, 16], "texture": "#1"},
				"south": {"uv": [4, 0, 8, 8], "texture": "#1"},
				"west": {"uv": [8, 2.5, 8.5, 10.5], "texture": "#1"},
				"up": {"uv": [12.5, 3, 8.5, 2.5], "texture": "#1"},
				"down": {"uv": [12.5, 3, 8.5, 3.5], "texture": "#1"}
			}
		},
		{
			"from": [6, 9, 7],
			"to": [10, 13, 8],
			"faces": {
				"north": {"uv": [3, 8, 5, 10], "texture": "#1"},
				"east": {"uv": [8.5, 4.5, 9, 6.5], "texture": "#1"},
				"south": {"uv": [5, 8, 7, 10], "texture": "#1"},
				"west": {"uv": [8.5, 6.5, 9, 8.5], "texture": "#1"},
				"up": {"uv": [10.5, 9, 8.5, 8.5], "texture": "#1"},
				"down": {"uv": [11, 4.5, 9, 5], "texture": "#1"}
			}
		},
		{
			"from": [10.25, 13.25, 8],
			"to": [5.75, 8.75, 6.75],
			"faces": {
				"north": {"uv": [0, 8, 2.5, 10.5], "texture": "#1"},
				"east": {"uv": [7, 8, 7.5, 10.5], "texture": "#1"},
				"south": {"uv": [8, 0, 10.5, 2.5], "texture": "#1"},
				"west": {"uv": [7.5, 8, 8, 10.5], "texture": "#1"},
				"up": {"uv": [11, 4, 8.5, 3.5], "texture": "#1"},
				"down": {"uv": [11, 4, 8.5, 4.5], "texture": "#1"}
			}
		}
	],
	"groups": [
		{
			"name": "group",
			"origin": [8, 8, 8],
			"color": 0,
			"nbt": "{}",
			"children": [0, 1, 2]
		}
	]
}