{
	"credit": "Made with Blockbench",
	"parent": "chicken",
	"texture_size": [32, 32],
	"textures": {
		"1": "item/chickenride/texture"
	},
	"elements": [
		{
			"from": [5, 0, 6],
			"to": [11, 0, 9],
			"faces": {
				"north": {"uv": [0, 0, 3, 0], "texture": "#1"},
				"east": {"uv": [0, 0, 1.5, 0], "texture": "#1"},
				"south": {"uv": [0, 0, 3, 0], "texture": "#1"},
				"west": {"uv": [0, 0, 1.5, 0], "texture": "#1"},
				"up": {"uv": [11, 11.5, 8, 10], "texture": "#1"},
				"down": {"uv": [3, 11, 0, 12.5], "texture": "#1"}
			}
		},
		{
			"from": [8, 0, 9],
			"to": [11, 5, 9],
			"faces": {
				"north": {"uv": [8, 11.5, 9.5, 14], "texture": "#1"},
				"east": {"uv": [0, 0, 0, 2.5], "texture": "#1"},
				"south": {"uv": [9.5, 11.5, 11, 14], "texture": "#1"},
				"west": {"uv": [0, 0, 0, 2.5], "texture": "#1"},
				"up": {"uv": [1.5, 0, 0, 0], "texture": "#1"},
				"down": {"uv": [1.5, 0, 0, 0], "texture": "#1"}
			}
		},
		{
			"from": [5, 0, 9],
			"to": [8, 5, 9],
			"faces": {
				"north": {"uv": [5, 12, 6.5, 14.5], "texture": "#1"},
				"east": {"uv": [0, 0, 0, 2.5], "texture": "#1"},
				"south": {"uv": [6.5, 12, 8, 14.5], "texture": "#1"},
				"west": {"uv": [0, 0, 0, 2.5], "texture": "#1"},
				"up": {"uv": [1.5, 0, 0, 0], "texture": "#1"},
				"down": {"uv": [1.5, 0, 0, 0], "texture": "#1"}
			}
		},
		{
			"from": [5, 5, 4],
			"to": [11, 11, 12],
			"faces": {
				"north": {"uv": [0, 8, 3, 11], "texture": "#1"},
				"east": {"uv": [4, 0, 8, 3], "texture": "#1"},
				"south": {"uv": [8, 0, 11, 3], "texture": "#1"},
				"west": {"uv": [4, 3, 8, 6], "texture": "#1"},
				"up": {"uv": [7, 10, 4, 6], "texture": "#1"},
				"down": {"uv": [10, 6, 7, 10], "texture": "#1"}
			}
		},
		{
			"from": [6, 9, 2],
			"to": [10, 15, 5],
			"rotation": {"angle": -22.5, "axis": "x", "origin": [8, 10, 5]},
			"faces": {
				"north": {"uv": [8, 3, 10, 6], "texture": "#1"},
				"east": {"uv": [11, 0, 12.5, 3], "texture": "#1"},
				"south": {"uv": [3, 10, 5, 13], "texture": "#1"},
				"west": {"uv": [11, 9, 12.5, 12], "texture": "#1"},
				"up": {"uv": [13, 13.5, 11, 12], "texture": "#1"},
				"down": {"uv": [2, 12.5, 0, 14], "texture": "#1"}
			}
		},
		{
			"from": [6, 11.5, 4],
			"to": [10, 13.5, 6],
			"rotation": {"angle": -22.5, "axis": "x", "origin": [8, 0, 8]},
			"faces": {
				"north": {"uv": [13, 3, 15, 4], "texture": "#1"},
				"east": {"uv": [3, 8, 4, 9], "texture": "#1"},
				"south": {"uv": [13, 4, 15, 5], "texture": "#1"},
				"west": {"uv": [3, 9, 4, 10], "texture": "#1"},
				"up": {"uv": [15, 6, 13, 5], "texture": "#1"},
				"down": {"uv": [15, 6, 13, 7], "texture": "#1"}
			}
		},
		{
			"from": [7, 9.5, 5],
			"to": [9, 11.5, 7],
			"rotation": {"angle": -22.5, "axis": "x", "origin": [8, 0, 8]},
			"faces": {
				"north": {"uv": [10, 9, 11, 10], "texture": "#1"},
				"east": {"uv": [13, 7, 14, 8], "texture": "#1"},
				"south": {"uv": [13, 8, 14, 9], "texture": "#1"},
				"west": {"uv": [13.5, 9, 14.5, 10], "texture": "#1"},
				"up": {"uv": [14.5, 11, 13.5, 10], "texture": "#1"},
				"down": {"uv": [12, 13.5, 11, 14.5], "texture": "#1"}
			}
		},
		{
			"from": [11, 7, 5],
			"to": [12, 11, 11],
			"faces": {
				"north": {"uv": [13.5, 11, 14, 13], "texture": "#1"},
				"east": {"uv": [10, 3, 13, 5], "texture": "#1"},
				"south": {"uv": [12, 13.5, 12.5, 15.5], "texture": "#1"},
				"west": {"uv": [5, 10, 8, 12], "texture": "#1"},
				"up": {"uv": [4.5, 16, 4, 13], "texture": "#1"},
				"down": {"uv": [5, 13, 4.5, 16], "texture": "#1"}
			}
		},
		{
			"from": [4, 7, 5],
			"to": [5, 11, 11],
			"faces": {
				"north": {"uv": [12.5, 13.5, 13, 15.5], "texture": "#1"},
				"east": {"uv": [10, 5, 13, 7], "texture": "#1"},
				"south": {"uv": [13.5, 13, 14, 15], "texture": "#1"},
				"west": {"uv": [10, 7, 13, 9], "texture": "#1"},
				"up": {"uv": [13.5, 15, 13, 12], "texture": "#1"},
				"down": {"uv": [14, 0, 13.5, 3], "texture": "#1"}
			}
		},
		{
			"from": [4, 11, 4],
			"to": [12, 11, 12],
			"faces": {
				"north": {"uv": [0, 0, 4, 0], "texture": "#1"},
				"east": {"uv": [0, 0, 4, 0], "texture": "#1"},
				"south": {"uv": [0, 0, 4, 0], "texture": "#1"},
				"west": {"uv": [0, 0, 4, 0], "texture": "#1"},
				"up": {"uv": [4, 4, 0, 0], "texture": "#1"},
				"down": {"uv": [4, 4, 0, 8], "texture": "#1"}
			}
		},
		{
			"from": [4, 5, 7],
			"to": [4, 11, 9],
			"rotation": {"angle": -22.5, "axis": "z", "origin": [4, 11, 8]},
			"faces": {
				"north": {"uv": [0, 0, 0, 3], "texture": "#1"},
				"east": {"uv": [12.5, 0, 13.5, 3], "texture": "#1"},
				"south": {"uv": [0, 0, 0, 3], "texture": "#1"},
				"west": {"uv": [2, 12.5, 3, 15.5], "texture": "#1"},
				"up": {"uv": [0, 1, 0, 0], "texture": "#1"},
				"down": {"uv": [0, 0, 0, 1], "texture": "#1"}
			}
		},
		{
			"from": [12, 5, 7],
			"to": [12, 11, 9],
			"rotation": {"angle": 22.5, "axis": "z", "origin": [12, 11, 8]},
			"faces": {
				"north": {"uv": [0, 0, 0, 3], "texture": "#1"},
				"east": {"uv": [12.5, 9, 13.5, 12], "texture": "#1"},
				"south": {"uv": [0, 0, 0, 3], "texture": "#1"},
				"west": {"uv": [3, 13, 4, 16], "texture": "#1"},
				"up": {"uv": [0, 1, 0, 0], "texture": "#1"},
				"down": {"uv": [0, 0, 0, 1], "texture": "#1"}
			}
		}
	],
	"gui_light": "front",
	"display": {
		"thirdperson_righthand": {
			"rotation": [33, 0, 0],
			"scale": [0.6, 0.6, 0.6]
		},
		"thirdperson_lefthand": {
			"rotation": [33, 0, 0],
			"scale": [0.6, 0.6, 0.6]
		},
		"firstperson_righthand": {
			"rotation": [16, 5, 0]
		},
		"firstperson_lefthand": {
			"rotation": [16, 5, 0]
		},
		"ground": {
			"translation": [0, 4.25, 0]
		},
		"gui": {
			"rotation": [0, 130, 24],
			"translation": [0, 1, 0]
		},
		"head": {
			"rotation": [0, 0, 180],
			"translation": [0, 11.5, 0],
			"scale": [1.7, 1.7, 1.7]
		}
	},
	"groups": [
		{
			"name": "group",
			"origin": [8, 8, 8],
			"color": 0,
			"nbt": "{}",
			"children": [0, 1, 2, 3, 4, 5, 6, 7, 8, 9, 10, 11]
		}
	]
}