{
	"credit": "Made with Blockbench",
	"parent": "chicken",
	"gui_light": "front",
	"texture_size": [32, 32],
	"textures": {
		"1": "item/chicken_gold/texture"
	},
	"elements": [
		{
			"from": [5, 0, 6],
			"to": [11, 0, 9],
			"faces": {
				"north": {"uv": [0, 0, 3, 0], "texture": "#1"},
				"east": {"uv": [0, 0, 1.5, 0], "texture": "#1"},
				"south": {"uv": [0, 0, 3, 0], "texture": "#1"},
				"west": {"uv": [0, 0, 1.5, 0], "texture": "#1"},
				"up": {"uv": [9, 10.5, 6, 9], "texture": "#1"},
				"down": {"uv": [12, 7, 9, 8.5], "texture": "#1"}
			}
		},
		{
			"from": [8, 0, 9],
			"to": [11, 5, 9],
			"faces": {
				"north": {"uv": [3, 10, 4.5, 12.5], "texture": "#1"},
				"east": {"uv": [0, 0, 0, 2.5], "texture": "#1"},
				"south": {"uv": [4.5, 10, 6, 12.5], "texture": "#1"},
				"west": {"uv": [0, 0, 0, 2.5], "texture": "#1"},
				"up": {"uv": [1.5, 0, 0, 0], "texture": "#1"},
				"down": {"uv": [1.5, 0, 0, 0], "texture": "#1"}
			}
		},
		{
			"from": [5, 0, 9],
			"to": [8, 5, 9],
			"faces": {
				"north": {"uv": [6, 10.5, 7.5, 13], "texture": "#1"},
				"east": {"uv": [0, 0, 0, 2.5], "texture": "#1"},
				"south": {"uv": [7.5, 10.5, 9, 13], "texture": "#1"},
				"west": {"uv": [0, 0, 0, 2.5], "texture": "#1"},
				"up": {"uv": [1.5, 0, 0, 0], "texture": "#1"},
				"down": {"uv": [1.5, 0, 0, 0], "texture": "#1"}
			}
		},
		{
			"from": [5, 5, 4],
			"to": [11, 11, 12],
			"faces": {
				"north": {"uv": [0, 6, 3, 9], "texture": "#1"},
				"east": {"uv": [0, 0, 4, 3], "texture": "#1"},
				"south": {"uv": [7, 0, 10, 3], "texture": "#1"},
				"west": {"uv": [0, 3, 4, 6], "texture": "#1"},
				"up": {"uv": [7, 4, 4, 0], "texture": "#1"},
				"down": {"uv": [7, 4, 4, 8], "texture": "#1"}
			}
		},
		{
			"from": [6, 9, 2],
			"to": [10, 15, 5],
			"rotation": {"angle": -22.5, "axis": "x", "origin": [8, 10, 5]},
			"faces": {
				"north": {"uv": [7, 3, 9, 6], "texture": "#1"},
				"east": {"uv": [9, 8.5, 10.5, 11.5], "texture": "#1"},
				"south": {"uv": [7, 6, 9, 9], "texture": "#1"},
				"west": {"uv": [10, 0, 11.5, 3], "texture": "#1"},
				"up": {"uv": [12.5, 10, 10.5, 8.5], "texture": "#1"},
				"down": {"uv": [12.5, 10, 10.5, 11.5], "texture": "#1"}
			}
		},
		{
			"from": [6, 11.5, 4],
			"to": [10, 13.5, 6],
			"rotation": {"angle": -22.5, "axis": "x", "origin": [8, 0, 8]},
			"faces": {
				"north": {"uv": [0, 11, 2, 12], "texture": "#1"},
				"east": {"uv": [3, 6, 4, 7], "texture": "#1"},
				"south": {"uv": [11.5, 0, 13.5, 1], "texture": "#1"},
				"west": {"uv": [3, 7, 4, 8], "texture": "#1"},
				"up": {"uv": [13.5, 2, 11.5, 1], "texture": "#1"},
				"down": {"uv": [13.5, 2, 11.5, 3], "texture": "#1"}
			}
		},
		{
			"from": [7, 9.5, 5],
			"to": [9, 11.5, 7],
			"rotation": {"angle": -22.5, "axis": "x", "origin": [8, 0, 8]},
			"faces": {
				"north": {"uv": [6, 8, 7, 9], "texture": "#1"},
				"east": {"uv": [10, 11.5, 11, 12.5], "texture": "#1"},
				"south": {"uv": [11, 11.5, 12, 12.5], "texture": "#1"},
				"west": {"uv": [0, 12, 1, 13], "texture": "#1"},
				"up": {"uv": [2, 13, 1, 12], "texture": "#1"},
				"down": {"uv": [13, 3, 12, 4], "texture": "#1"}
			}
		},
		{
			"from": [11, 7, 5],
			"to": [12, 11, 11],
			"faces": {
				"north": {"uv": [12, 4, 12.5, 6], "texture": "#1"},
				"east": {"uv": [3, 8, 6, 10], "texture": "#1"},
				"south": {"uv": [12, 6, 12.5, 8], "texture": "#1"},
				"west": {"uv": [0, 9, 3, 11], "texture": "#1"},
				"up": {"uv": [2.5, 14, 2, 11], "texture": "#1"},
				"down": {"uv": [3, 11, 2.5, 14], "texture": "#1"}
			}
		},
		{
			"from": [4, 7, 5],
			"to": [5, 11, 11],
			"faces": {
				"north": {"uv": [12, 11.5, 12.5, 13.5], "texture": "#1"},
				"east": {"uv": [9, 3, 12, 5], "texture": "#1"},
				"south": {"uv": [3, 12.5, 3.5, 14.5], "texture": "#1"},
				"west": {"uv": [9, 5, 12, 7], "texture": "#1"},
				"up": {"uv": [9.5, 14.5, 9, 11.5], "texture": "#1"},
				"down": {"uv": [10, 11.5, 9.5, 14.5], "texture": "#1"}
			}
		}
	],
	"display": {
		"thirdperson_righthand": {
			"scale": [0, 0, 0]
		},
		"thirdperson_lefthand": {
			"scale": [0, 0, 0]
		},
		"firstperson_righthand": {
			"rotation": [-41, 144, 10]
		},
		"firstperson_lefthand": {
			"rotation": [-41, 144, 10]
		},
		"ground": {
			"translation": [0, 4.25, 0]
		},
		"gui": {
			"rotation": [0, 142, 0],
			"translation": [0, 1, 0]
		},
		"head": {
			"translation": [0, 11.5, 0],
			"scale": [1.7, 1.7, 1.7]
		}
	},
	"groups": [
		{
			"name": "group",
			"origin": [8, 8, 8],
			"color": 0,
			"nbt": "{}",
			"children": [0, 1, 2, 3, 4, 5, 6, 7, 8]
		}
	]
}