{
	"credit": "Made with Blockbench",
	"parent": "net",
	"texture_size": [64, 64],
	"textures": {
		"0": "item/chickennet/texture",
		"particle": "texture"
	},
	"elements": [
		{
			"from": [7, 0, 7],
			"to": [9, 16, 9],
			"faces": {
				"north": {"uv": [2.5, 7.5, 3, 11.5], "texture": "#0"},
				"east": {"uv": [3, 7.5, 3.5, 11.5], "texture": "#0"},
				"south": {"uv": [3.5, 7.5, 4, 11.5], "texture": "#0"},
				"west": {"uv": [4, 7.5, 4.5, 11.5], "texture": "#0"},
				"up": {"uv": [6.5, 8, 6, 7.5], "texture": "#0"},
				"down": {"uv": [11.25, 3, 10.75, 3.5], "texture": "#0"}
			}
		},
		{
			"from": [7, 16, 3],
			"to": [9, 18, 13],
			"faces": {
				"north": {"uv": [10.75, 3.5, 11.25, 4], "texture": "#0"},
				"east": {"uv": [9, 6.5, 11.5, 7], "texture": "#0"},
				"south": {"uv": [10.75, 4, 11.25, 4.5], "texture": "#0"},
				"west": {"uv": [9, 7, 11.5, 7.5], "texture": "#0"},
				"up": {"uv": [8.25, 11.5, 7.75, 9], "texture": "#0"},
				"down": {"uv": [8.75, 9, 8.25, 11.5], "texture": "#0"}
			}
		},
		{
			"from": [7, 28, 3],
			"to": [9, 30, 13],
			"faces": {
				"north": {"uv": [10.75, 4.5, 11.25, 5], "texture": "#0"},
				"east": {"uv": [9, 7.5, 11.5, 8], "texture": "#0"},
				"south": {"uv": [10.75, 9.5, 11.25, 10], "texture": "#0"},
				"west": {"uv": [8.75, 9, 11.25, 9.5], "texture": "#0"},
				"up": {"uv": [5, 12, 4.5, 9.5], "texture": "#0"},
				"down": {"uv": [5.5, 9.5, 5, 12], "texture": "#0"}
			}
		},
		{
			"from": [7, 18, 1],
			"to": [9, 28, 3],
			"faces": {
				"north": {"uv": [5.5, 9.5, 6, 12], "texture": "#0"},
				"east": {"uv": [6, 9.5, 6.5, 12], "texture": "#0"},
				"south": {"uv": [6.5, 9.5, 7, 12], "texture": "#0"},
				"west": {"uv": [7, 9.5, 7.5, 12], "texture": "#0"},
				"up": {"uv": [11.25, 10.5, 10.75, 10], "texture": "#0"},
				"down": {"uv": [11.25, 10.5, 10.75, 11], "texture": "#0"}
			}
		},
		{
			"from": [9, 18, 2],
			"to": [22, 28, 2],
			"rotation": {"angle": 0, "axis": "y", "origin": [9, 23, 2]},
			"faces": {
				"north": {"uv": [0, 0, 3.25, 2.5], "texture": "#0"},
				"east": {"uv": [0, 0, 0, 2.5], "texture": "#0"},
				"south": {"uv": [0, 2.5, 3.25, 5], "texture": "#0"},
				"west": {"uv": [0, 0, 0, 2.5], "texture": "#0"},
				"up": {"uv": [3.25, 0, 0, 0], "texture": "#0"},
				"down": {"uv": [3.25, 0, 0, 0], "texture": "#0"}
			}
		},
		{
			"from": [9, 18, 14],
			"to": [22, 28, 14],
			"faces": {
				"north": {"uv": [3.25, 0, 6.5, 2.5], "texture": "#0"},
				"east": {"uv": [0, 0, 0, 2.5], "texture": "#0"},
				"south": {"uv": [3.25, 2.5, 6.5, 5], "texture": "#0"},
				"west": {"uv": [0, 0, 0, 2.5], "texture": "#0"},
				"up": {"uv": [3.25, 0, 0, 0], "texture": "#0"},
				"down": {"uv": [3.25, 0, 0, 0], "texture": "#0"}
			}
		},
		{
			"from": [7, 18, 13],
			"to": [9, 28, 15],
			"faces": {
				"north": {"uv": [8.75, 9.5, 9.25, 12], "texture": "#0"},
				"east": {"uv": [9.25, 9.5, 9.75, 12], "texture": "#0"},
				"south": {"uv": [9.75, 0, 10.25, 2.5], "texture": "#0"},
				"west": {"uv": [9.75, 2.5, 10.25, 5], "texture": "#0"},
				"up": {"uv": [11.5, 0.5, 11, 0], "texture": "#0"},
				"down": {"uv": [11.5, 0.5, 11, 1], "texture": "#0"}
			}
		},
		{
			"from": [9, 29, 3],
			"to": [22, 29, 13],
			"faces": {
				"north": {"uv": [0, 0, 3.25, 0], "texture": "#0"},
				"east": {"uv": [0, 0, 2.5, 0], "texture": "#0"},
				"south": {"uv": [0, 0, 3.25, 0], "texture": "#0"},
				"west": {"uv": [0, 0, 2.5, 0], "texture": "#0"},
				"up": {"uv": [3.25, 7.5, 0, 5], "texture": "#0"},
				"down": {"uv": [6.5, 5, 3.25, 7.5], "texture": "#0"}
			}
		},
		{
			"from": [9, 17, 3],
			"to": [22, 17, 13],
			"faces": {
				"north": {"uv": [0, 0, 3.25, 0], "texture": "#0"},
				"east": {"uv": [0, 0, 2.5, 0], "texture": "#0"},
				"south": {"uv": [0, 0, 3.25, 0], "texture": "#0"},
				"west": {"uv": [0, 0, 2.5, 0], "texture": "#0"},
				"up": {"uv": [9.75, 2.5, 6.5, 0], "texture": "#0"},
				"down": {"uv": [9.75, 2.5, 6.5, 5], "texture": "#0"}
			}
		},
		{
			"from": [7, 27.59, 2],
			"to": [9, 30.41, 3.5],
			"rotation": {"angle": 45, "axis": "x", "origin": [8, 29, 2]},
			"faces": {
				"north": {"uv": [10.25, 2.5, 10.75, 3.25], "texture": "#0"},
				"east": {"uv": [10.25, 3.25, 10.75, 4], "texture": "#0"},
				"south": {"uv": [10.25, 4, 10.75, 4.75], "texture": "#0"},
				"west": {"uv": [10.25, 9.5, 10.75, 10.25], "texture": "#0"},
				"up": {"uv": [11.5, 1.5, 11, 1], "texture": "#0"},
				"down": {"uv": [11.5, 1.5, 11, 2], "texture": "#0"}
			}
		},
		{
			"from": [9, 28.25, 2.75],
			"to": [22, 29.75, 2.75],
			"rotation": {"angle": 45, "axis": "x", "origin": [8, 29, 2]},
			"faces": {
				"north": {"uv": [4.5, 8, 7.75, 8.5], "texture": "#0"},
				"east": {"uv": [0, 0, 0, 0.5], "texture": "#0"},
				"south": {"uv": [7.75, 8, 11, 8.5], "texture": "#0"},
				"west": {"uv": [0, 0, 0, 0.5], "texture": "#0"},
				"up": {"uv": [3.25, 0, 0, 0], "texture": "#0"},
				"down": {"uv": [3.25, 0, 0, 0], "texture": "#0"}
			}
		},
		{
			"from": [7, 27.5, 12.59],
			"to": [9, 29, 15.41],
			"rotation": {"angle": 45, "axis": "x", "origin": [8, 29, 14]},
			"faces": {
				"north": {"uv": [11, 8, 11.5, 8.5], "texture": "#0"},
				"east": {"uv": [4.5, 7.5, 5.25, 8], "texture": "#0"},
				"south": {"uv": [11, 8.5, 11.5, 9], "texture": "#0"},
				"west": {"uv": [5.25, 7.5, 6, 8], "texture": "#0"},
				"up": {"uv": [10.75, 11, 10.25, 10.25], "texture": "#0"},
				"down": {"uv": [0.5, 10.5, 0, 11.25], "texture": "#0"}
			}
		},
		{
			"from": [9, 28.25, 13.25],
			"to": [22, 28.25, 14.75],
			"rotation": {"angle": 45, "axis": "x", "origin": [8, 29, 14]},
			"faces": {
				"north": {"uv": [0, 0, 3.25, 0], "texture": "#0"},
				"east": {"uv": [0, 0, 0.5, 0], "texture": "#0"},
				"south": {"uv": [0, 0, 3.25, 0], "texture": "#0"},
				"west": {"uv": [0, 0, 0.5, 0], "texture": "#0"},
				"up": {"uv": [7.75, 9, 4.5, 8.5], "texture": "#0"},
				"down": {"uv": [11, 8.5, 7.75, 9], "texture": "#0"}
			}
		},
		{
			"from": [7, 15.59, 12.5],
			"to": [9, 18.41, 14],
			"rotation": {"angle": 45, "axis": "x", "origin": [8, 17, 14]},
			"faces": {
				"north": {"uv": [10.5, 0, 11, 0.75], "texture": "#0"},
				"east": {"uv": [0.5, 10.5, 1, 11.25], "texture": "#0"},
				"south": {"uv": [10.5, 0.75, 11, 1.5], "texture": "#0"},
				"west": {"uv": [1, 10.5, 1.5, 11.25], "texture": "#0"},
				"up": {"uv": [10.75, 11.5, 10.25, 11], "texture": "#0"},
				"down": {"uv": [11.25, 11, 10.75, 11.5], "texture": "#0"}
			}
		},
		{
			"from": [9, 16.25, 13.25],
			"to": [22, 17.75, 13.25],
			"rotation": {"angle": 45, "axis": "x", "origin": [8, 17, 14]},
			"faces": {
				"north": {"uv": [4.5, 9, 7.75, 9.5], "texture": "#0"},
				"east": {"uv": [0, 0, 0, 0.5], "texture": "#0"},
				"south": {"uv": [9, 5, 12.25, 5.5], "texture": "#0"},
				"west": {"uv": [0, 0, 0, 0.5], "texture": "#0"},
				"up": {"uv": [3.25, 0, 0, 0], "texture": "#0"},
				"down": {"uv": [3.25, 0, 0, 0], "texture": "#0"}
			}
		},
		{
			"from": [7, 15.59, 2],
			"to": [9, 18.41, 3.5],
			"rotation": {"angle": -45, "axis": "x", "origin": [8, 17, 2]},
			"faces": {
				"north": {"uv": [1.5, 10.5, 2, 11.25], "texture": "#0"},
				"east": {"uv": [10.5, 1.5, 11, 2.25], "texture": "#0"},
				"south": {"uv": [2, 10.5, 2.5, 11.25], "texture": "#0"},
				"west": {"uv": [10.75, 2.25, 11.25, 3], "texture": "#0"},
				"up": {"uv": [0.5, 11.75, 0, 11.25], "texture": "#0"},
				"down": {"uv": [1, 11.25, 0.5, 11.75], "texture": "#0"}
			}
		},
		{
			"from": [9, 16.25, 2.75],
			"to": [22, 17.75, 2.75],
			"rotation": {"angle": -45, "axis": "x", "origin": [8, 17, 2]},
			"faces": {
				"north": {"uv": [9, 5.5, 12.25, 6], "texture": "#0"},
				"east": {"uv": [0, 0, 0, 0.5], "texture": "#0"},
				"south": {"uv": [9, 6, 12.25, 6.5], "texture": "#0"},
				"west": {"uv": [0, 0, 0, 0.5], "texture": "#0"},
				"up": {"uv": [3.25, 0, 0, 0], "texture": "#0"},
				"down": {"uv": [3.25, 0, 0, 0], "texture": "#0"}
			}
		},
		{
			"from": [22, 17, 3],
			"to": [22, 29, 13],
			"faces": {
				"north": {"uv": [0, 0, 0, 3], "texture": "#0"},
				"east": {"uv": [6.5, 5, 9, 8], "texture": "#0"},
				"south": {"uv": [0, 0, 0, 3], "texture": "#0"},
				"west": {"uv": [0, 7.5, 2.5, 10.5], "texture": "#0"},
				"up": {"uv": [0, 2.5, 0, 0], "texture": "#0"},
				"down": {"uv": [0, 0, 0, 2.5], "texture": "#0"}
			}
		},
		{
			"from": [22, 18, 2],
			"to": [22, 28, 3],
			"faces": {
				"north": {"uv": [0, 0, 0, 2.5], "texture": "#0"},
				"east": {"uv": [7.5, 9.5, 7.75, 12], "texture": "#0"},
				"south": {"uv": [0, 0, 0, 2.5], "texture": "#0"},
				"west": {"uv": [9.75, 9.5, 10, 12], "texture": "#0"},
				"up": {"uv": [0, 0.25, 0, 0], "texture": "#0"},
				"down": {"uv": [0, 0, 0, 0.25], "texture": "#0"}
			}
		},
		{
			"from": [22, 18, 13],
			"to": [22, 28, 14],
			"faces": {
				"north": {"uv": [0, 0, 0, 2.5], "texture": "#0"},
				"east": {"uv": [10, 9.5, 10.25, 12], "texture": "#0"},
				"south": {"uv": [0, 0, 0, 2.5], "texture": "#0"},
				"west": {"uv": [10.25, 0, 10.5, 2.5], "texture": "#0"},
				"up": {"uv": [0, 0.25, 0, 0], "texture": "#0"},
				"down": {"uv": [0, 0, 0, 0.25], "texture": "#0"}
			}
		},
		{
			"from": [22, 27.75, 12.75],
			"to": [22, 29.25, 13.5],
			"rotation": {"angle": -45, "axis": "x", "origin": [22, 28.5, 13.5]},
			"faces": {
				"north": {"uv": [0, 0, 0, 0.5], "texture": "#0"},
				"east": {"uv": [1, 11.25, 1.25, 11.75], "texture": "#0"},
				"south": {"uv": [0, 0, 0, 0.5], "texture": "#0"},
				"west": {"uv": [1.25, 11.25, 1.5, 11.75], "texture": "#0"},
				"up": {"uv": [0, 0.25, 0, 0], "texture": "#0"},
				"down": {"uv": [0, 0, 0, 0.25], "texture": "#0"}
			}
		},
		{
			"from": [22, 17.5, 12.75],
			"to": [22, 18.25, 14.25],
			"rotation": {"angle": -45, "axis": "x", "origin": [22, 17.5, 13.5]},
			"faces": {
				"north": {"uv": [0, 0, 0, 0.25], "texture": "#0"},
				"east": {"uv": [10.25, 4.75, 10.75, 5], "texture": "#0"},
				"south": {"uv": [0, 0, 0, 0.25], "texture": "#0"},
				"west": {"uv": [11, 2, 11.5, 2.25], "texture": "#0"},
				"up": {"uv": [0, 0.5, 0, 0], "texture": "#0"},
				"down": {"uv": [0, 0, 0, 0.5], "texture": "#0"}
			}
		},
		{
			"from": [22, 16.75, 2.5],
			"to": [22, 18.25, 3.25],
			"rotation": {"angle": -45, "axis": "x", "origin": [22, 17.5, 2.5]},
			"faces": {
				"north": {"uv": [0, 0, 0, 0.5], "texture": "#0"},
				"east": {"uv": [1.5, 11.25, 1.75, 11.75], "texture": "#0"},
				"south": {"uv": [0, 0, 0, 0.5], "texture": "#0"},
				"west": {"uv": [1.75, 11.25, 2, 11.75], "texture": "#0"},
				"up": {"uv": [0, 0.25, 0, 0], "texture": "#0"},
				"down": {"uv": [0, 0, 0, 0.25], "texture": "#0"}
			}
		},
		{
			"from": [22, 27.75, 1.75],
			"to": [22, 28.5, 3.25],
			"rotation": {"angle": -45, "axis": "x", "origin": [22, 28.5, 2.5]},
			"faces": {
				"north": {"uv": [0, 0, 0, 0.25], "texture": "#0"},
				"east": {"uv": [2, 11.25, 2.5, 11.5], "texture": "#0"},
				"south": {"uv": [0, 0, 0, 0.25], "texture": "#0"},
				"west": {"uv": [11.25, 2.25, 11.75, 2.5], "texture": "#0"},
				"up": {"uv": [0, 0.5, 0, 0], "texture": "#0"},
				"down": {"uv": [0, 0, 0, 0.5], "texture": "#0"}
			}
		}
	],
	"gui_light": "front",
	"display": {
		"thirdperson_righthand": {
			"rotation": [0, -90, 0],
			"translation": [0, 4.25, 1.5],
			"scale": [0.6, 0.6, 0.6]
		},
		"thirdperson_lefthand": {
			"rotation": [0, 90, 0],
			"translation": [0, 4.25, 1.5],
			"scale": [0.6, 0.6, 0.6]
		},
		"firstperson_righthand": {
			"rotation": [0, -85, 0],
			"translation": [0, 0, 1],
			"scale": [0.5, 0.5, 0.5]
		},
		"firstperson_lefthand": {
			"rotation": [0, 85, 0],
			"translation": [0, 0, 1],
			"scale": [0.5, 0.5, 0.5]
		},
		"ground": {
			"rotation": [90, 0, 0],
			"scale": [0.6, 0.6, 0.6]
		},
		"gui": {
			"rotation": [0, 53, 0],
			"translation": [0, -3.25, 0],
			"scale": [0.5, 0.5, 0.5]
		},
		"head": {
			"rotation": [0, 90, -90],
			"translation": [0, 6.75, -9.25]
		},
		"fixed": {
			"translation": [0, -3, -2.75],
			"scale": [0.5, 0.5, 0.5]
		}
	},
	"groups": [
		{
			"name": "group",
			"origin": [8, 8, 8],
			"color": 0,
			"nbt": "{}",
			"children": [0, 1, 2, 3, 4, 5, 6, 7, 8, 9, 10, 11, 12, 13, 14, 15, 16, 17, 18, 19, 20, 21, 22, 23]
		}
	]
}