{
	"credit": "Made with Blockbench",
	"parent": "chickenride",
	"gui_light": "front",
	"texture_size": [32, 32],
	"textures": {
		"1": "item/chickenlauncher/texture",
		"particle": "block/texture"
	},
	"elements": [
		{
			"from": [6, 2, 0],
			"to": [10, 8, 3],
			"rotation": {"angle": 0, "axis": "y", "origin": [0, 0, -1]},
			"faces": {
				"north": {"uv": [3, 3, 5, 6], "texture": "#1"},
				"east": {"uv": [5.5, 0, 7, 3], "texture": "#1"},
				"south": {"uv": [5, 3, 7, 6], "texture": "#1"},
				"west": {"uv": [3, 6, 4.5, 9], "texture": "#1"},
				"up": {"uv": [6.5, 7.5, 4.5, 6], "texture": "#1"},
				"down": {"uv": [8.5, 6, 6.5, 7.5], "texture": "#1"}
			}
		},
		{
			"from": [6, 5, -2],
			"to": [10, 6, 0],
			"rotation": {"angle": 0, "axis": "y", "origin": [0, 0, -1]},
			"faces": {
				"north": {"uv": [9, 5.5, 11, 6], "texture": "#1"},
				"east": {"uv": [8.5, 7, 9.5, 7.5], "texture": "#1"},
				"south": {"uv": [1, 10, 3, 10.5], "texture": "#1"},
				"west": {"uv": [10.5, 5, 11.5, 5.5], "texture": "#1"},
				"up": {"uv": [9, 6, 7, 5], "texture": "#1"},
				"down": {"uv": [10.5, 6, 8.5, 7], "texture": "#1"}
			}
		},
		{
			"from": [6.25, 4, -2],
			"to": [9.75, 5, 0],
			"rotation": {"angle": -22.5, "axis": "x", "origin": [8, 5, 0]},
			"faces": {
				"north": {"uv": [10, 3, 12, 3.5], "texture": "#1"},
				"east": {"uv": [10.5, 10.5, 11.5, 11], "texture": "#1"},
				"south": {"uv": [10, 3.5, 12, 4], "texture": "#1"},
				"west": {"uv": [11, 0, 12, 0.5], "texture": "#1"},
				"up": {"uv": [11, 1, 9, 0], "texture": "#1"},
				"down": {"uv": [11, 1, 9, 2], "texture": "#1"}
			}
		},
		{
			"from": [7, 2, -0.75],
			"to": [9, 4, 0],
			"rotation": {"angle": 0, "axis": "y", "origin": [0, 0, -1]},
			"faces": {
				"north": {"uv": [3, 10, 4, 11], "texture": "#1"},
				"east": {"uv": [11, 0.5, 11.5, 1.5], "texture": "#1"},
				"south": {"uv": [6, 10, 7, 11], "texture": "#1"},
				"west": {"uv": [3, 11, 3.5, 12], "texture": "#1"},
				"up": {"uv": [12, 2, 11, 1.5], "texture": "#1"},
				"down": {"uv": [12, 5.5, 11, 6], "texture": "#1"}
			}
		},
		{
			"from": [6.75, 3.75, 3],
			"to": [9.25, 6.25, 14],
			"faces": {
				"north": {"uv": [8, 7.5, 9.5, 9], "texture": "#1"},
				"east": {"uv": [0, 0, 5.5, 1.5], "texture": "#1"},
				"south": {"uv": [0, 8.5, 1.5, 10], "texture": "#1"},
				"west": {"uv": [0, 1.5, 5.5, 3], "texture": "#1"},
				"up": {"uv": [1.5, 8.5, 0, 3], "texture": "#1"},
				"down": {"uv": [3, 3, 1.5, 8.5], "texture": "#1"}
			}
		},
		{
			"from": [6.5, 4, 7],
			"to": [6.75, 6, 10.25],
			"faces": {
				"north": {"uv": [3.5, 11, 4, 12], "texture": "#1"},
				"east": {"uv": [9, 2, 10.5, 3], "texture": "#1"},
				"south": {"uv": [6, 11, 6.5, 12], "texture": "#1"},
				"west": {"uv": [3, 9, 4.5, 10], "texture": "#1"},
				"up": {"uv": [9.5, 11.5, 9, 10], "texture": "#1"},
				"down": {"uv": [11, 9, 10.5, 10.5], "texture": "#1"}
			}
		},
		{
			"from": [6.5, 3.5, 11.25],
			"to": [6.75, 5.5, 12.25],
			"faces": {
				"north": {"uv": [6.5, 11, 7, 12], "texture": "#1"},
				"east": {"uv": [7, 11, 7.5, 12], "texture": "#1"},
				"south": {"uv": [11, 7, 11.5, 8], "texture": "#1"},
				"west": {"uv": [7.5, 11, 8, 12], "texture": "#1"},
				"up": {"uv": [9, 5, 8.5, 4.5], "texture": "#1"},
				"down": {"uv": [4.5, 10, 4, 10.5], "texture": "#1"}
			}
		},
		{
			"from": [9.25, 3.5, 11.25],
			"to": [9.5, 5.5, 12.25],
			"faces": {
				"north": {"uv": [8, 11, 8.5, 12], "texture": "#1"},
				"east": {"uv": [8.5, 11, 9, 12], "texture": "#1"},
				"south": {"uv": [11, 9, 11.5, 10], "texture": "#1"},
				"west": {"uv": [9.5, 11, 10, 12], "texture": "#1"},
				"up": {"uv": [10.5, 4.5, 10, 4], "texture": "#1"},
				"down": {"uv": [6, 11.5, 5.5, 12], "texture": "#1"}
			}
		},
		{
			"from": [3.75, 4, 7.75],
			"to": [6.5, 6, 7.75],
			"faces": {
				"north": {"uv": [9, 4.5, 10.5, 5.5], "texture": "#1"},
				"east": {"uv": [0, 0, 0, 1], "texture": "#1"},
				"south": {"uv": [8, 9, 9.5, 10], "texture": "#1"},
				"west": {"uv": [0, 0, 0, 1], "texture": "#1"},
				"up": {"uv": [1.5, 0, 0, 0], "texture": "#1"},
				"down": {"uv": [1.5, 0, 0, 0], "texture": "#1"}
			}
		},
		{
			"from": [7.25, 4.25, 14],
			"to": [8.75, 5.75, 16],
			"faces": {
				"north": {"uv": [7, 10, 8, 11], "texture": "#1"},
				"east": {"uv": [8, 10, 9, 11], "texture": "#1"},
				"south": {"uv": [1, 10.5, 2, 11.5], "texture": "#1"},
				"west": {"uv": [2, 10.5, 3, 11.5], "texture": "#1"},
				"up": {"uv": [11.5, 3, 10.5, 2], "texture": "#1"},
				"down": {"uv": [5, 10.5, 4, 11.5], "texture": "#1"}
			}
		},
		{
			"from": [7.25, 1.25, 13.5],
			"to": [8.75, 2.75, 16],
			"faces": {
				"north": {"uv": [10.5, 4, 11.5, 5], "texture": "#1"},
				"east": {"uv": [4.5, 9.5, 6, 10.5], "texture": "#1"},
				"south": {"uv": [5, 10.5, 6, 11.5], "texture": "#1"},
				"west": {"uv": [9.5, 7, 11, 8], "texture": "#1"},
				"up": {"uv": [10.5, 9.5, 9.5, 8], "texture": "#1"},
				"down": {"uv": [10.5, 9.5, 9.5, 11], "texture": "#1"}
			}
		},
		{
			"from": [6.5, 0.5, 10],
			"to": [9.5, 3.5, 13.5],
			"faces": {
				"north": {"uv": [1.5, 8.5, 3, 10], "texture": "#1"},
				"east": {"uv": [7, 0, 9, 1.5], "texture": "#1"},
				"south": {"uv": [8.5, 3, 10, 4.5], "texture": "#1"},
				"west": {"uv": [7, 1.5, 9, 3], "texture": "#1"},
				"up": {"uv": [8.5, 5, 7, 3], "texture": "#1"},
				"down": {"uv": [6, 7.5, 4.5, 9.5], "texture": "#1"}
			}
		},
		{
			"from": [7.25, 1.25, 16],
			"to": [8.75, 5.75, 17.25],
			"faces": {
				"north": {"uv": [6, 7.5, 7, 10], "texture": "#1"},
				"east": {"uv": [0, 10, 0.5, 12.5], "texture": "#1"},
				"south": {"uv": [7, 7.5, 8, 10], "texture": "#1"},
				"west": {"uv": [0.5, 10, 1, 12.5], "texture": "#1"},
				"up": {"uv": [11, 11.5, 10, 11], "texture": "#1"},
				"down": {"uv": [12, 10, 11, 10.5], "texture": "#1"}
			}
		},
		{
			"from": [7.5, 2, 5.5],
			"to": [8.5, 4, 6.5],
			"faces": {
				"north": {"uv": [11, 11, 11.5, 12], "texture": "#1"},
				"east": {"uv": [11.5, 0.5, 12, 1.5], "texture": "#1"},
				"south": {"uv": [1, 11.5, 1.5, 12.5], "texture": "#1"},
				"west": {"uv": [1.5, 11.5, 2, 12.5], "texture": "#1"},
				"up": {"uv": [12, 6.5, 11.5, 6], "texture": "#1"},
				"down": {"uv": [12, 6.5, 11.5, 7], "texture": "#1"}
			}
		},
		{
			"from": [7.5, 2.5, 5],
			"to": [8.5, 4, 5.5],
			"rotation": {"angle": -45, "axis": "x", "origin": [8, 3.375, 5.125]},
			"faces": {
				"north": {"uv": [2, 11.5, 2.5, 12.5], "texture": "#1"},
				"east": {"uv": [11.5, 2, 12, 3], "texture": "#1"},
				"south": {"uv": [2.5, 11.5, 3, 12.5], "texture": "#1"},
				"west": {"uv": [4, 11.5, 4.5, 12.5], "texture": "#1"},
				"up": {"uv": [12, 7.5, 11.5, 7], "texture": "#1"},
				"down": {"uv": [12, 7.5, 11.5, 8], "texture": "#1"}
			}
		},
		{
			"from": [7.25, 3.5, 4.5],
			"to": [8.75, 4, 6.75],
			"faces": {
				"north": {"uv": [11.5, 4, 12.5, 4.5], "texture": "#1"},
				"east": {"uv": [4.5, 11.5, 5.5, 12], "texture": "#1"},
				"south": {"uv": [11.5, 4.5, 12.5, 5], "texture": "#1"},
				"west": {"uv": [11.5, 5, 12.5, 5.5], "texture": "#1"},
				"up": {"uv": [11.5, 7, 10.5, 6], "texture": "#1"},
				"down": {"uv": [11.5, 8, 10.5, 9], "texture": "#1"}
			}
		}
	],
	"display": {
		"thirdperson_righthand": {
			"translation": [0, 4.25, 1.5]
		},
		"thirdperson_lefthand": {
			"translation": [0, 4.25, 1.5]
		},
		"firstperson_righthand": {
			"translation": [-6, 11.25, 1.75]
		},
		"firstperson_lefthand": {
			"translation": [-6, 11.25, 1.75]
		}
	},
	"groups": [
		{
			"name": "group",
			"origin": [8, 8, 8],
			"color": 0,
			"nbt": "{}",
			"children": [0, 1, 2, 3, 4, 5, 6, 7, 8, 9, 10, 11, 12, 13, 14, 15]
		}
	]
}