{
	"credit": "Made with Blockbench",
	"texture_size": [64, 64],
	"textures": {
		"3": "item/chickenholo/texture",
		"particle": "texture"
	},
	"elements": [
		{
			"from": [5, 2.25, 6],
			"to": [11, 2.25, 9],
			"rotation": {"angle": 0, "axis": "y", "origin": [0, 2.25, 0]},
			"faces": {
				"north": {"uv": [0, 0, 1.5, 0], "texture": "#3"},
				"east": {"uv": [0, 0, 0.75, 0], "texture": "#3"},
				"south": {"uv": [0, 0, 1.5, 0], "texture": "#3"},
				"west": {"uv": [0, 0, 0.75, 0], "texture": "#3"},
				"up": {"uv": [9, 1.75, 7.5, 1], "texture": "#3"},
				"down": {"uv": [9, 1.75, 7.5, 2.5], "texture": "#3"}
			}
		},
		{
			"from": [8, 2.25, 9],
			"to": [11, 7.25, 9],
			"rotation": {"angle": 0, "axis": "y", "origin": [0, 2.25, 0]},
			"faces": {
				"north": {"uv": [7.5, 7.5, 8.25, 8.75], "texture": "#3"},
				"east": {"uv": [0, 0, 0, 1.25], "texture": "#3"},
				"south": {"uv": [1.5, 8, 2.25, 9.25], "texture": "#3"},
				"west": {"uv": [0, 0, 0, 1.25], "texture": "#3"},
				"up": {"uv": [0.75, 0, 0, 0], "texture": "#3"},
				"down": {"uv": [0.75, 0, 0, 0], "texture": "#3"}
			}
		},
		{
			"from": [5, 2.25, 9],
			"to": [8, 7.25, 9],
			"rotation": {"angle": 0, "axis": "y", "origin": [0, 2.25, 0]},
			"faces": {
				"north": {"uv": [2.25, 8, 3, 9.25], "texture": "#3"},
				"east": {"uv": [0, 0, 0, 1.25], "texture": "#3"},
				"south": {"uv": [3, 8, 3.75, 9.25], "texture": "#3"},
				"west": {"uv": [0, 0, 0, 1.25], "texture": "#3"},
				"up": {"uv": [0.75, 0, 0, 0], "texture": "#3"},
				"down": {"uv": [0.75, 0, 0, 0], "texture": "#3"}
			}
		},
		{
			"from": [5, 7.25, 4],
			"to": [11, 13.25, 12],
			"rotation": {"angle": 0, "axis": "y", "origin": [0, 2.25, 0]},
			"faces": {
				"north": {"uv": [6, 4, 7.5, 5.5], "texture": "#3"},
				"east": {"uv": [4, 5.25, 6, 6.75], "texture": "#3"},
				"south": {"uv": [6, 5.5, 7.5, 7], "texture": "#3"},
				"west": {"uv": [0, 5.75, 2, 7.25], "texture": "#3"},
				"up": {"uv": [7.5, 2, 6, 0], "texture": "#3"},
				"down": {"uv": [7.5, 2, 6, 4], "texture": "#3"}
			}
		},
		{
			"from": [6, 11.25, 2],
			"to": [10, 17.25, 5],
			"rotation": {"angle": -22.5, "axis": "x", "origin": [8, 12.25, 5]},
			"faces": {
				"north": {"uv": [4, 6.75, 5, 8.25], "texture": "#3"},
				"east": {"uv": [7.5, 2.5, 8.25, 4], "texture": "#3"},
				"south": {"uv": [5, 6.75, 6, 8.25], "texture": "#3"},
				"west": {"uv": [7.5, 4, 8.25, 5.5], "texture": "#3"},
				"up": {"uv": [7, 8.75, 6, 8], "texture": "#3"},
				"down": {"uv": [1, 8.25, 0, 9], "texture": "#3"}
			}
		},
		{
			"from": [6, 13.75, 4],
			"to": [10, 15.75, 6],
			"rotation": {"angle": -22.5, "axis": "x", "origin": [8, 2.25, 8]},
			"faces": {
				"north": {"uv": [8.25, 2.5, 9.25, 3], "texture": "#3"},
				"east": {"uv": [3.5, 7, 4, 7.5], "texture": "#3"},
				"south": {"uv": [8.25, 3, 9.25, 3.5], "texture": "#3"},
				"west": {"uv": [1.5, 7.25, 2, 7.75], "texture": "#3"},
				"up": {"uv": [9.25, 4, 8.25, 3.5], "texture": "#3"},
				"down": {"uv": [4.75, 8.25, 3.75, 8.75], "texture": "#3"}
			}
		},
		{
			"from": [7, 11.75, 5],
			"to": [9, 13.75, 7],
			"rotation": {"angle": -22.5, "axis": "x", "origin": [8, 2.25, 8]},
			"faces": {
				"north": {"uv": [3.5, 7.5, 4, 8], "texture": "#3"},
				"east": {"uv": [8.25, 4, 8.75, 4.5], "texture": "#3"},
				"south": {"uv": [8.25, 4.5, 8.75, 5], "texture": "#3"},
				"west": {"uv": [4.75, 8.25, 5.25, 8.75], "texture": "#3"},
				"up": {"uv": [8.75, 5.5, 8.25, 5], "texture": "#3"},
				"down": {"uv": [5.75, 8.25, 5.25, 8.75], "texture": "#3"}
			}
		},
		{
			"from": [11, 9.25, 5],
			"to": [12, 13.25, 11],
			"rotation": {"angle": 0, "axis": "y", "origin": [0, 2.25, 0]},
			"faces": {
				"north": {"uv": [5.75, 8.25, 6, 9.25], "texture": "#3"},
				"east": {"uv": [2, 7, 3.5, 8], "texture": "#3"},
				"south": {"uv": [8.25, 7.5, 8.5, 8.5], "texture": "#3"},
				"west": {"uv": [6, 7, 7.5, 8], "texture": "#3"},
				"up": {"uv": [7.25, 9.5, 7, 8], "texture": "#3"},
				"down": {"uv": [7.5, 8, 7.25, 9.5], "texture": "#3"}
			}
		},
		{
			"from": [4, 9.25, 5],
			"to": [5, 13.25, 11],
			"rotation": {"angle": 0, "axis": "y", "origin": [0, 2.25, 0]},
			"faces": {
				"north": {"uv": [8.5, 7.5, 8.75, 8.5], "texture": "#3"},
				"east": {"uv": [0, 7.25, 1.5, 8.25], "texture": "#3"},
				"south": {"uv": [8.25, 8.5, 8.5, 9.5], "texture": "#3"},
				"west": {"uv": [7.5, 0, 9, 1], "texture": "#3"},
				"up": {"uv": [1.25, 9.75, 1, 8.25], "texture": "#3"},
				"down": {"uv": [1.5, 8.25, 1.25, 9.75], "texture": "#3"}
			}
		},
		{
			"from": [4, 0, 4],
			"to": [12, 2, 12],
			"faces": {
				"north": {"uv": [7.5, 5.5, 9.5, 6], "texture": "#3"},
				"east": {"uv": [7.5, 6, 9.5, 6.5], "texture": "#3"},
				"south": {"uv": [7.5, 6.5, 9.5, 7], "texture": "#3"},
				"west": {"uv": [7.5, 7, 9.5, 7.5], "texture": "#3"},
				"up": {"uv": [2, 2, 0, 0], "texture": "#3"},
				"down": {"uv": [2, 2, 0, 4], "texture": "#3"}
			}
		},
		{
			"from": [2.75, 2, 4],
			"to": [2.75, 9, 12],
			"rotation": {"angle": 22.5, "axis": "z", "origin": [4, 5.5, 8]},
			"faces": {
				"north": {"uv": [0, 0, 0, 1.75], "texture": "#3"},
				"east": {"uv": [2, 0, 4, 1.75], "texture": "#3"},
				"south": {"uv": [0, 0, 0, 1.75], "texture": "#3"},
				"west": {"uv": [2, 1.75, 4, 3.5], "texture": "#3"},
				"up": {"uv": [0, 2, 0, 0], "texture": "#3"},
				"down": {"uv": [0, 0, 0, 2], "texture": "#3"}
			}
		},
		{
			"from": [13.25, 2, 4],
			"to": [13.25, 9, 12],
			"rotation": {"angle": -22.5, "axis": "z", "origin": [12, 5.5, 8]},
			"faces": {
				"north": {"uv": [0, 0, 0, 1.75], "texture": "#3"},
				"east": {"uv": [2, 3.5, 4, 5.25], "texture": "#3"},
				"south": {"uv": [0, 0, 0, 1.75], "texture": "#3"},
				"west": {"uv": [0, 4, 2, 5.75], "texture": "#3"},
				"up": {"uv": [0, 2, 0, 0], "texture": "#3"},
				"down": {"uv": [0, 0, 0, 2], "texture": "#3"}
			}
		},
		{
			"from": [4, 2, 13.25],
			"to": [12, 9, 13.25],
			"rotation": {"angle": 22.5, "axis": "x", "origin": [8, 5.5, 12]},
			"faces": {
				"north": {"uv": [4, 0, 6, 1.75], "texture": "#3"},
				"east": {"uv": [0, 0, 0, 1.75], "texture": "#3"},
				"south": {"uv": [4, 1.75, 6, 3.5], "texture": "#3"},
				"west": {"uv": [0, 0, 0, 1.75], "texture": "#3"},
				"up": {"uv": [2, 0, 0, 0], "texture": "#3"},
				"down": {"uv": [2, 0, 0, 0], "texture": "#3"}
			}
		},
		{
			"from": [4, 2, 2.75],
			"to": [12, 9, 2.75],
			"rotation": {"angle": -22.5, "axis": "x", "origin": [8, 5.5, 4]},
			"faces": {
				"north": {"uv": [4, 3.5, 6, 5.25], "texture": "#3"},
				"east": {"uv": [0, 0, 0, 1.75], "texture": "#3"},
				"south": {"uv": [2, 5.25, 4, 7], "texture": "#3"},
				"west": {"uv": [0, 0, 0, 1.75], "texture": "#3"},
				"up": {"uv": [2, 0, 0, 0], "texture": "#3"},
				"down": {"uv": [2, 0, 0, 0], "texture": "#3"}
			}
		}
	],
	"display": {
		"thirdperson_righthand": {
			"scale": [0, 0, 0]
		},
		"thirdperson_lefthand": {
			"scale": [0, 0, 0]
		},
		"firstperson_righthand": {
			"rotation": [-41, 144, 10]
		},
		"firstperson_lefthand": {
			"rotation": [-41, 144, 10]
		},
		"ground": {
			"translation": [0, 4.25, 0]
		},
		"gui": {
			"rotation": [0, 142, 0],
			"translation": [0, 1, 0]
		},
		"head": {
			"translation": [0, 11.5, 0],
			"scale": [1.7, 1.7, 1.7]
		}
	},
	"groups": [
		{
			"name": "group",
			"origin": [8, 8, 8],
			"color": 0,
			"nbt": "{}",
			"children": [
				{
					"name": "group",
					"origin": [8, 8, 8],
					"color": 0,
					"nbt": "{}",
					"children": [0, 1, 2, 3, 4, 5, 6, 7, 8]
				},
				{
					"name": "group",
					"origin": [8, 8, 8],
					"color": 0,
					"nbt": "{}",
					"children": [9, 10, 11, 12, 13]
				}
			]
		}
	]
}