{
	"credit": "Made with Blockbench",
	"texture_size": [64, 64],
	"textures": {
		"0": "item/computer/texture",
		"particle": "item/computer/texture"
	},
	"elements": [
		{
			"from": [1, 0, 1],
			"to": [15, 1, 15],
			"rotation": {"angle": 0, "axis": "y", "origin": [8.0388, 5.75, 8]},
			"faces": {
				"north": {"uv": [10, 7.25, 13.5, 7.5], "texture": "#0"},
				"east": {"uv": [10, 7.5, 13.5, 7.75], "texture": "#0"},
				"south": {"uv": [10, 7.75, 13.5, 8], "texture": "#0"},
				"west": {"uv": [10, 8, 13.5, 8.25], "texture": "#0"},
				"up": {"uv": [3.5, 3.5, 0, 0], "texture": "#0"},
				"down": {"uv": [3.5, 3.5, 0, 7], "texture": "#0"}
			}
		},
		{
			"from": [6, 1, 1],
			"to": [15, 2, 15],
			"rotation": {"angle": 0, "axis": "y", "origin": [8.0388, 5.75, 8]},
			"faces": {
				"north": {"uv": [10.25, 6.25, 12.5, 6.5], "texture": "#0"},
				"east": {"uv": [10, 8.25, 13.5, 8.5], "texture": "#0"},
				"south": {"uv": [0, 10.5, 2.25, 10.75], "texture": "#0"},
				"west": {"uv": [8.5, 10, 12, 10.25], "texture": "#0"},
				"up": {"uv": [5.75, 3.5, 3.5, 0], "texture": "#0"},
				"down": {"uv": [5.75, 3.5, 3.5, 7], "texture": "#0"}
			}
		},
		{
			"from": [2.5, 1, 1],
			"to": [6, 1.75, 15],
			"rotation": {"angle": 0, "axis": "y", "origin": [8.0388, 5.75, 8]},
			"faces": {
				"north": {"uv": [1, 10.75, 2, 11], "texture": "#0"},
				"east": {"uv": [10.25, 3, 13.75, 3.25], "texture": "#0"},
				"south": {"uv": [10.75, 10.5, 11.75, 10.75], "texture": "#0"},
				"west": {"uv": [10.25, 3.25, 13.75, 3.5], "texture": "#0"},
				"up": {"uv": [4, 12, 3, 8.5], "texture": "#0"},
				"down": {"uv": [5, 8.5, 4, 12], "texture": "#0"}
			}
		},
		{
			"from": [4.25, 1.75, 1],
			"to": [6, 2.5, 15],
			"rotation": {"angle": 0, "axis": "y", "origin": [8.0388, 5.75, 8]},
			"faces": {
				"north": {"uv": [9.25, 6.5, 9.75, 6.75], "texture": "#0"},
				"east": {"uv": [10.25, 3.5, 13.75, 3.75], "texture": "#0"},
				"south": {"uv": [9.25, 6.75, 9.75, 7], "texture": "#0"},
				"west": {"uv": [10.25, 3.75, 13.75, 4], "texture": "#0"},
				"up": {"uv": [9.75, 6.5, 9.25, 3], "texture": "#0"},
				"down": {"uv": [10.25, 3, 9.75, 6.5], "texture": "#0"}
			}
		},
		{
			"from": [-0.20688, 3.44625, 1],
			"to": [5.54312, 4.19625, 15],
			"rotation": {"angle": 22.5, "axis": "z", "origin": [8.0388, 5.75, 8]},
			"faces": {
				"north": {"uv": [7, 10.75, 8.5, 11], "texture": "#0"},
				"east": {"uv": [10.25, 4, 13.75, 4.25], "texture": "#0"},
				"south": {"uv": [10.75, 10.25, 12.25, 10.5], "texture": "#0"},
				"west": {"uv": [10.25, 4.25, 13.75, 4.5], "texture": "#0"},
				"up": {"uv": [1.5, 10.5, 0, 7], "texture": "#0"},
				"down": {"uv": [3, 7, 1.5, 10.5], "texture": "#0"}
			}
		},
		{
			"from": [7, 2, 1],
			"to": [15, 8, 15],
			"rotation": {"angle": 0, "axis": "y", "origin": [8.0388, 5.75, 8]},
			"faces": {
				"north": {"uv": [7, 8.5, 9, 10], "texture": "#0"},
				"east": {"uv": [3, 7, 6.5, 8.5], "texture": "#0"},
				"south": {"uv": [9, 8.5, 11, 10], "texture": "#0"},
				"west": {"uv": [6.5, 7, 10, 8.5], "texture": "#0"},
				"up": {"uv": [7.75, 3.5, 5.75, 0], "texture": "#0"},
				"down": {"uv": [7.75, 3.5, 5.75, 7], "texture": "#0"}
			}
		},
		{
			"from": [6, 2, 1],
			"to": [7, 11.5, 2],
			"rotation": {"angle": 0, "axis": "y", "origin": [8.0388, 5.75, 8]},
			"faces": {
				"north": {"uv": [2.25, 10.5, 2.5, 12.75], "texture": "#0"},
				"east": {"uv": [2.5, 10.5, 2.75, 12.75], "texture": "#0"},
				"south": {"uv": [2.75, 10.5, 3, 12.75], "texture": "#0"},
				"west": {"uv": [10.5, 10.25, 10.75, 12.5], "texture": "#0"},
				"up": {"uv": [10, 6.75, 9.75, 6.5], "texture": "#0"},
				"down": {"uv": [10, 6.75, 9.75, 7], "texture": "#0"}
			}
		},
		{
			"from": [6, 2, 14],
			"to": [7, 11.5, 15],
			"rotation": {"angle": 0, "axis": "y", "origin": [8.0388, 5.75, 8]},
			"faces": {
				"north": {"uv": [0, 10.75, 0.25, 13], "texture": "#0"},
				"east": {"uv": [0.25, 10.75, 0.5, 13], "texture": "#0"},
				"south": {"uv": [0.5, 10.75, 0.75, 13], "texture": "#0"},
				"west": {"uv": [0.75, 10.75, 1, 13], "texture": "#0"},
				"up": {"uv": [2.25, 11, 2, 10.75], "texture": "#0"},
				"down": {"uv": [11, 10.75, 10.75, 11], "texture": "#0"}
			}
		},
		{
			"from": [6, 10.5, 2],
			"to": [7, 11.5, 14],
			"rotation": {"angle": 0, "axis": "y", "origin": [8.0388, 5.75, 8]},
			"faces": {
				"north": {"uv": [1, 11, 1.25, 11.25], "texture": "#0"},
				"east": {"uv": [10.25, 4.5, 13.25, 4.75], "texture": "#0"},
				"south": {"uv": [1.25, 11, 1.5, 11.25], "texture": "#0"},
				"west": {"uv": [10.25, 4.75, 13.25, 5], "texture": "#0"},
				"up": {"uv": [8.75, 13.25, 8.5, 10.25], "texture": "#0"},
				"down": {"uv": [9, 10.25, 8.75, 13.25], "texture": "#0"}
			}
		},
		{
			"from": [6, 2.5, 2],
			"to": [7, 3.5, 14],
			"rotation": {"angle": 0, "axis": "y", "origin": [8.0388, 5.75, 8]},
			"faces": {
				"north": {"uv": [1.5, 11, 1.75, 11.25], "texture": "#0"},
				"east": {"uv": [10.25, 5, 13.25, 5.25], "texture": "#0"},
				"south": {"uv": [1.75, 11, 2, 11.25], "texture": "#0"},
				"west": {"uv": [10.25, 5.25, 13.25, 5.5], "texture": "#0"},
				"up": {"uv": [9.25, 13.25, 9, 10.25], "texture": "#0"},
				"down": {"uv": [9.5, 10.25, 9.25, 13.25], "texture": "#0"}
			}
		},
		{
			"from": [7, 8, 1],
			"to": [11.5, 11.5, 15],
			"rotation": {"angle": 0, "axis": "y", "origin": [8.0388, 5.75, 8]},
			"faces": {
				"north": {"uv": [10, 6.5, 11.5, 7.25], "texture": "#0"},
				"east": {"uv": [9.25, 0, 12.75, 0.75], "texture": "#0"},
				"south": {"uv": [7, 10, 8.5, 10.75], "texture": "#0"},
				"west": {"uv": [9.25, 0.75, 12.75, 1.5], "texture": "#0"},
				"up": {"uv": [9.25, 3.5, 7.75, 0], "texture": "#0"},
				"down": {"uv": [9.25, 3.5, 7.75, 7], "texture": "#0"}
			}
		},
		{
			"from": [6.4988, 9.2633, 1],
			"to": [11.4988, 12.2633, 15],
			"rotation": {"angle": -45, "axis": "z", "origin": [8.0388, 5.75, 8]},
			"faces": {
				"north": {"uv": [10.25, 5.5, 11.25, 6.25], "texture": "#0"},
				"east": {"uv": [9.25, 1.5, 12.75, 2.25], "texture": "#0"},
				"south": {"uv": [9.5, 10.25, 10.5, 11], "texture": "#0"},
				"west": {"uv": [9.25, 2.25, 12.75, 3], "texture": "#0"},
				"up": {"uv": [6, 12, 5, 8.5], "texture": "#0"},
				"down": {"uv": [7, 8.5, 6, 12], "texture": "#0"}
			}
		}
	],
	"display": {
		"thirdperson_righthand": {
			"rotation": [0, 90, 0],
			"translation": [0, 3.75, 0],
			"scale": [0.5, 0.5, 0.5]
		},
		"thirdperson_lefthand": {
			"rotation": [0, -90, 0],
			"translation": [0, 3.75, 0],
			"scale": [0.5, 0.5, 0.5]
		},
		"firstperson_righthand": {
			"rotation": [0, 90, 0],
			"translation": [0, 3.75, 0],
			"scale": [0.5, 0.5, 0.5]
		},
		"firstperson_lefthand": {
			"rotation": [0, -90, 0],
			"translation": [0, 3.75, 0],
			"scale": [0.5, 0.5, 0.5]
		},
		"ground": {
			"scale": [0.5, 0.5, 0.5]
		},
		"gui": {
			"rotation": [0, 90, 0],
			"translation": [0, 2.25, 0]
		},
		"head": {
			"rotation": [0, -90, 0],
			"translation": [0, 3, -1],
			"scale": [1.5, 1.5, 1.5]
		},
		"fixed": {
			"rotation": [0, -90, 0]
		}
	},
	"groups": [
		{
			"name": "group",
			"origin": [8, 8, 8],
			"color": 0,
			"nbt": "{}",
			"children": [0, 1, 2, 3, 4, 5, 6, 7, 8, 9, 10, 11]
		}
	]
}