{
	"credit": "Made with Blockbench",
	"texture_size": [32, 32],
	"textures": {
		"1": "item/featherstaff/texture"
	},
	"elements": [
		{
			"from": [7, 0, 7],
			"to": [9, 13, 9],
			"rotation": {"angle": 0, "axis": "x", "origin": [8, 3, 8]},
			"faces": {
				"north": {"uv": [0, 0, 1, 6.5], "texture": "#1"},
				"east": {"uv": [1, 0, 2, 6.5], "texture": "#1"},
				"south": {"uv": [2, 0, 3, 6.5], "texture": "#1"},
				"west": {"uv": [3, 0, 4, 6.5], "texture": "#1"},
				"up": {"uv": [10, 1, 9, 0], "texture": "#1"},
				"down": {"uv": [10, 1, 9, 2], "texture": "#1"}
			}
		},
		{
			"from": [6.75, 0, 6.75],
			"to": [9.25, 0.5, 9.25],
			"rotation": {"angle": 0, "axis": "x", "origin": [8, 3, 8]},
			"faces": {
				"north": {"uv": [10, 3, 11.5, 3.5], "texture": "#1"},
				"east": {"uv": [10, 3.5, 11.5, 4], "texture": "#1"},
				"south": {"uv": [10, 4, 11.5, 4.5], "texture": "#1"},
				"west": {"uv": [10, 4.5, 11.5, 5], "texture": "#1"},
				"up": {"uv": [7.5, 1.5, 6, 0], "texture": "#1"},
				"down": {"uv": [7.5, 1.5, 6, 3], "texture": "#1"}
			}
		},
		{
			"from": [6.75, 12, 6.75],
			"to": [9.25, 12.5, 9.25],
			"rotation": {"angle": 0, "axis": "x", "origin": [8, 3, 8]},
			"faces": {
				"north": {"uv": [10, 5, 11.5, 5.5], "texture": "#1"},
				"east": {"uv": [10, 5.5, 11.5, 6], "texture": "#1"},
				"south": {"uv": [6, 10, 7.5, 10.5], "texture": "#1"},
				"west": {"uv": [7.5, 10, 9, 10.5], "texture": "#1"},
				"up": {"uv": [7.5, 4.5, 6, 3], "texture": "#1"},
				"down": {"uv": [7.5, 4.5, 6, 6], "texture": "#1"}
			}
		},
		{
			"from": [7, 12.5, 7],
			"to": [9, 19.5, 9],
			"rotation": {"angle": 22.5, "axis": "x", "origin": [8, 13, 8]},
			"faces": {
				"north": {"uv": [4, 0, 5, 3.5], "texture": "#1"},
				"east": {"uv": [4, 3.5, 5, 7], "texture": "#1"},
				"south": {"uv": [5, 0, 6, 3.5], "texture": "#1"},
				"west": {"uv": [5, 3.5, 6, 7], "texture": "#1"},
				"up": {"uv": [10, 3, 9, 2], "texture": "#1"},
				"down": {"uv": [10, 3, 9, 4], "texture": "#1"}
			}
		},
		{
			"from": [6.75, 18.5, 6.75],
			"to": [9.25, 19, 9.25],
			"rotation": {"angle": 22.5, "axis": "x", "origin": [8, 13, 8]},
			"faces": {
				"north": {"uv": [10.5, 6, 12, 6.5], "texture": "#1"},
				"east": {"uv": [10.5, 6.5, 12, 7], "texture": "#1"},
				"south": {"uv": [7.5, 10.5, 9, 11], "texture": "#1"},
				"west": {"uv": [10.5, 8, 12, 8.5], "texture": "#1"},
				"up": {"uv": [3, 8, 1.5, 6.5], "texture": "#1"},
				"down": {"uv": [4.5, 7, 3, 8.5], "texture": "#1"}
			}
		},
		{
			"from": [7, 18.71976, 9.48796],
			"to": [9, 22.96976, 11.23796],
			"rotation": {"angle": 0, "axis": "x", "origin": [8, 18.9888, 10.57683]},
			"faces": {
				"north": {"uv": [7.5, 6, 8.5, 8], "texture": "#1"},
				"east": {"uv": [0, 8, 1, 10], "texture": "#1"},
				"south": {"uv": [1, 8, 2, 10], "texture": "#1"},
				"west": {"uv": [2, 8, 3, 10], "texture": "#1"},
				"up": {"uv": [10, 5, 9, 4], "texture": "#1"},
				"down": {"uv": [10, 5, 9, 6], "texture": "#1"}
			}
		},
		{
			"from": [7.25, 22.46976, 9.48796],
			"to": [8.75, 26.96976, 11.23796],
			"rotation": {"angle": -45, "axis": "x", "origin": [8, 22.84476, 10.48796]},
			"faces": {
				"north": {"uv": [7.5, 8, 8.5, 10], "texture": "#1"},
				"east": {"uv": [3, 8.5, 4, 10.5], "texture": "#1"},
				"south": {"uv": [4, 8.5, 5, 10.5], "texture": "#1"},
				"west": {"uv": [5, 8.5, 6, 10.5], "texture": "#1"},
				"up": {"uv": [7, 10, 6, 9], "texture": "#1"},
				"down": {"uv": [10.5, 6, 9.5, 7], "texture": "#1"}
			}
		},
		{
			"from": [7.25, 24.94095, 3.749],
			"to": [8.75, 26.19095, 8.249],
			"rotation": {"angle": -22.5, "axis": "x", "origin": [8, 25.76418, 7.31855]},
			"faces": {
				"north": {"uv": [3, 6.5, 4, 7], "texture": "#1"},
				"east": {"uv": [9.5, 7, 11.5, 7.5], "texture": "#1"},
				"south": {"uv": [10.5, 8.5, 11.5, 9], "texture": "#1"},
				"west": {"uv": [9.5, 7.5, 11.5, 8], "texture": "#1"},
				"up": {"uv": [9.5, 8, 8.5, 6], "texture": "#1"},
				"down": {"uv": [9.5, 8, 8.5, 10], "texture": "#1"}
			}
		},
		{
			"from": [7, 24.69095, 4.249],
			"to": [9, 26.44095, 4.749],
			"rotation": {"angle": -22.5, "axis": "x", "origin": [8, 25.76418, 7.31855]},
			"faces": {
				"north": {"uv": [9.5, 8, 10.5, 9], "texture": "#1"},
				"east": {"uv": [7, 9, 7.5, 10], "texture": "#1"},
				"south": {"uv": [9.5, 9, 10.5, 10], "texture": "#1"},
				"west": {"uv": [9, 10.5, 9.5, 11.5], "texture": "#1"},
				"up": {"uv": [11.5, 9.5, 10.5, 9], "texture": "#1"},
				"down": {"uv": [10.5, 10.5, 9.5, 11], "texture": "#1"}
			}
		},
		{
			"from": [7, 20.5, 6.25],
			"to": [9, 22.5, 8.25],
			"rotation": {"angle": -45, "axis": "x", "origin": [8, 21, 7]},
			"faces": {
				"north": {"uv": [0, 10, 1, 11], "texture": "#1"},
				"east": {"uv": [10, 0, 11, 1], "texture": "#1"},
				"south": {"uv": [1, 10, 2, 11], "texture": "#1"},
				"west": {"uv": [10, 1, 11, 2], "texture": "#1"},
				"up": {"uv": [3, 11, 2, 10], "texture": "#1"},
				"down": {"uv": [11, 2, 10, 3], "texture": "#1"}
			}
		},
		{
			"from": [9.25, 22.75, 8.5],
			"to": [6.75, 20.25, 6],
			"rotation": {"angle": -45, "axis": "x", "origin": [8, 21, 7]},
			"faces": {
				"north": {"uv": [4.5, 7, 6, 8.5], "texture": "#1"},
				"east": {"uv": [7.5, 0, 9, 1.5], "texture": "#1"},
				"south": {"uv": [7.5, 1.5, 9, 3], "texture": "#1"},
				"west": {"uv": [7.5, 3, 9, 4.5], "texture": "#1"},
				"up": {"uv": [9, 6, 7.5, 4.5], "texture": "#1"},
				"down": {"uv": [7.5, 7.5, 6, 9], "texture": "#1"}
			}
		}
	],
	"gui_light": "front",
	"display": {
		"thirdperson_righthand": {
			"translation": [0, 2, 1.25]
		},
		"thirdperson_lefthand": {
			"translation": [0, 2, 1.25]
		},
		"ground": {
			"rotation": [0, 0, 90]
		},
		"gui": {
			"rotation": [0, 103, 0]
		},
		"head": {
			"rotation": [-90, 0, 90],
			"translation": [4, 3, -3.5],
			"scale": [1.5, 1.5, 1.5]
		},
		"fixed": {
			"rotation": [0, 0, -90]
		}
	},
	"groups": [
		{
			"name": "group",
			"origin": [8, 8, 8],
			"color": 0,
			"nbt": "{}",
			"children": [0, 1, 2, 3, 4, 5, 6, 7, 8, 9, 10]
		}
	]
}