{
	"credit": "Made with Blockbench",
	"texture_size": [32, 32],
	"textures": {
		"1": "item/flashlight/on",
		"particle": "item/flashlight/on"
	},
	"elements": [
		{
			"from": [6.5, 4, 4],
			"to": [9.5, 7, 12],
			"rotation": {"angle": 0, "axis": "y", "origin": [8, 5.5, 8]},
			"faces": {
				"north": {"uv": [6.5, 0, 8, 1.5], "texture": "#1"},
				"east": {"uv": [2.5, 0, 6.5, 1.5], "texture": "#1"},
				"south": {"uv": [6, 6, 7.5, 7.5], "texture": "#1"},
				"west": {"uv": [2.5, 1.5, 6.5, 3], "texture": "#1"},
				"up": {"uv": [6.5, 4.5, 2.5, 3], "rotation": 90, "texture": "#1"},
				"down": {"uv": [6.5, 4.5, 2.5, 6], "rotation": 270, "texture": "#1"}
			}
		},
		{
			"from": [5.5, 3, 1],
			"to": [10.5, 8, 4],
			"rotation": {"angle": 45, "axis": "z", "origin": [8, 5.5, 2.5]},
			"faces": {
				"north": {"uv": [0, 2.5, 2.5, 5], "texture": "#1"},
				"east": {"uv": [0, 5, 1.5, 7.5], "texture": "#1"},
				"south": {"uv": [0, 0, 2.5, 2.5], "texture": "#1"},
				"west": {"uv": [1.5, 6, 3, 8.5], "texture": "#1"},
				"up": {"uv": [4.5, 8.5, 3, 6], "rotation": 90, "texture": "#1"},
				"down": {"uv": [6, 6, 4.5, 8.5], "rotation": 270, "texture": "#1"}
			}
		}
	],
	"gui_light": "front",
	"display": {
		"thirdperson_righthand": {
			"rotation": [90, 0, 0],
			"translation": [0, 0, 3.5],
			"scale": [0.7, 0.7, 0.7]
		},
		"thirdperson_lefthand": {
			"rotation": [90, 0, 0],
			"translation": [0, 0, 3.5],
			"scale": [0.7, 0.7, 0.7]
		},
		"firstperson_righthand": {
			"translation": [0, 1.25, 0.75]
		},
		"firstperson_lefthand": {
			"translation": [2, 1.25, 0.75]
		},
		"gui": {
			"rotation": [21, 135, 25],
			"translation": [2.5, 2.75, 0],
			"scale": [1.2, 1.2, 1.2]
		},
		"head": {
			"translation": [0, 1.75, 0]
		},
		"fixed": {
			"rotation": [90, 0, 180],
			"translation": [0, 0, -3.5]
		}
	},
	"groups": [
		{
			"name": "group",
			"origin": [8, 8, 8],
			"color": 0,
			"nbt": "{}",
			"children": [0, 1]
		}
	]
}