{
	"credit": "Made with Blockbench",
	"parent": "icecharge",
	"texture_size": [32, 32],
	"textures": {
		"0": "item/icecharge/texture",
		"particle": "texture"
	},
	"elements": [
		{
			"from": [6, 0, 6],
			"to": [10, 1, 10],
			"faces": {
				"north": {"uv": [4.5, 6, 6.5, 6.5], "texture": "#0"},
				"east": {"uv": [6, 5.5, 8, 6], "texture": "#0"},
				"south": {"uv": [4.5, 6.5, 6.5, 7], "texture": "#0"},
				"west": {"uv": [6.5, 6, 8.5, 6.5], "texture": "#0"},
				"up": {"uv": [2, 2, 0, 0], "texture": "#0"},
				"down": {"uv": [2, 2, 0, 4], "texture": "#0"}
			}
		},
		{
			"from": [6, 5, 6],
			"to": [10, 6, 10],
			"faces": {
				"north": {"uv": [6.5, 6.5, 8.5, 7], "texture": "#0"},
				"east": {"uv": [7, 0, 9, 0.5], "texture": "#0"},
				"south": {"uv": [7, 0.5, 9, 1], "texture": "#0"},
				"west": {"uv": [7, 1, 9, 1.5], "texture": "#0"},
				"up": {"uv": [4, 2, 2, 0], "texture": "#0"},
				"down": {"uv": [4, 2, 2, 4], "texture": "#0"}
			}
		},
		{
			"from": [6.75, 1, 6.75],
			"to": [9.25, 5, 9.25],
			"faces": {
				"north": {"uv": [0, 4, 1.5, 6], "texture": "#0"},
				"east": {"uv": [4, 0, 5.5, 2], "texture": "#0"},
				"south": {"uv": [1.5, 4, 3, 6], "texture": "#0"},
				"west": {"uv": [4, 2, 5.5, 4], "texture": "#0"},
				"up": {"uv": [1.5, 7.5, 0, 6], "texture": "#0"},
				"down": {"uv": [3, 6, 1.5, 7.5], "texture": "#0"}
			}
		},
		{
			"from": [9.5, 5, 9.5],
			"to": [6.5, 1, 6.5],
			"faces": {
				"north": {"uv": [3, 4, 4.5, 6], "texture": "#0"},
				"east": {"uv": [4.5, 4, 6, 6], "texture": "#0"},
				"south": {"uv": [5.5, 0, 7, 2], "texture": "#0"},
				"west": {"uv": [5.5, 2, 7, 4], "texture": "#0"},
				"up": {"uv": [4.5, 7.5, 3, 6], "texture": "#0"},
				"down": {"uv": [7.5, 4, 6, 5.5], "texture": "#0"}
			}
		}
	],
	"display": {
		"thirdperson_righthand": {
			"translation": [0, 3.25, 0]
		},
		"thirdperson_lefthand": {
			"translation": [0, 3.25, 0]
		},
		"firstperson_righthand": {
			"translation": [0, 7.5, 0]
		},
		"firstperson_lefthand": {
			"translation": [0, 7.5, 0]
		},
		"ground": {
			"translation": [0, 5.25, 0]
		},
		"gui": {
			"rotation": [0, 41, 0],
			"translation": [0, 4.5, 0]
		},
		"head": {
			"translation": [0, 14.5, 0]
		},
		"fixed": {
			"translation": [0, 5.25, 0]
		}
	},
	"groups": [
		{
			"name": "group",
			"origin": [8, 8, 8],
			"color": 0,
			"nbt": "{}",
			"children": [0, 1, 2, 3]
		}
	]
}