{
	"credit": "Made with Blockbench",
	"parent": "titles",
	"gui_light": "front",
	"textures": {
		"0": "item/titles/texture"
	},
	"elements": [
		{
			"from": [18.55, 0.1, 7.6],
			"to": [18.85, 2.5, 8.4],
			"faces": {
				"north": {"uv": [4.96, 9, 5.056, 11.4], "texture": "#0"},
				"east": {"uv": [4.704, 9, 4.96, 11.4], "texture": "#0"},
				"south": {"uv": [5.056, 9, 4.96, 11.4], "texture": "#0"},
				"up": {"uv": [5.056, 9, 4.96, 8.2], "texture": "#0"},
				"down": {"uv": [5.056, 12.2, 4.96, 11.4], "texture": "#0"}
			}
		},
		{
			"from": [16.75, 0.1, 7.6],
			"to": [18.55, 2.5, 8.4],
			"faces": {
				"north": {"uv": [7.712, 0.8, 8.288, 3.2], "texture": "#0"},
				"south": {"uv": [8.288, 0.8, 7.712, 3.2], "texture": "#0"},
				"up": {"uv": [8.288, 0.8, 7.712, 0], "texture": "#0"},
				"down": {"uv": [8.288, 4, 7.712, 3.2], "texture": "#0"}
			}
		},
		{
			"from": [14.95, 0.1, 7.6],
			"to": [16.75, 2.5, 8.4],
			"faces": {
				"north": {"uv": [0.608, 0.8, 1.184, 3.2], "texture": "#0"},
				"south": {"uv": [1.184, 0.8, 0.608, 3.2], "texture": "#0"},
				"up": {"uv": [1.184, 0.8, 0.608, 0], "texture": "#0"},
				"down": {"uv": [1.184, 4, 0.608, 3.2], "texture": "#0"}
			}
		},
		{
			"from": [13.15, 0.1, 7.6],
			"to": [14.95, 2.5, 8.4],
			"faces": {
				"north": {"uv": [9.536, 0.8, 10.112, 3.2], "texture": "#0"},
				"south": {"uv": [10.112, 0.8, 9.536, 3.2], "texture": "#0"},
				"up": {"uv": [10.112, 0.8, 9.536, 0], "texture": "#0"},
				"down": {"uv": [10.112, 4, 9.536, 3.2], "texture": "#0"}
			}
		},
		{
			"from": [12.55, 0.1, 7.6],
			"to": [13.15, 2.5, 8.4],
			"faces": {
				"north": {"uv": [15.616, 0.8, 15.808, 3.2], "texture": "#0"},
				"south": {"uv": [15.808, 0.8, 15.616, 3.2], "texture": "#0"},
				"up": {"uv": [15.808, 0.8, 15.616, 0], "texture": "#0"},
				"down": {"uv": [15.808, 4, 15.616, 3.2], "texture": "#0"}
			}
		},
		{
			"from": [10.75, 0.1, 7.6],
			"to": [12.55, 2.5, 8.4],
			"faces": {
				"north": {"uv": [11.36, 0.8, 11.936, 3.2], "texture": "#0"},
				"south": {"uv": [11.936, 0.8, 11.36, 3.2], "texture": "#0"},
				"up": {"uv": [11.936, 0.8, 11.36, 0], "texture": "#0"},
				"down": {"uv": [11.936, 4, 11.36, 3.2], "texture": "#0"}
			}
		},
		{
			"from": [8.95, 0.1, 7.6],
			"to": [10.75, 2.5, 8.4],
			"faces": {
				"north": {"uv": [3.04, 0.8, 3.616, 3.2], "texture": "#0"},
				"south": {"uv": [3.616, 0.8, 3.04, 3.2], "texture": "#0"},
				"up": {"uv": [3.616, 0.8, 3.04, 0], "texture": "#0"},
				"down": {"uv": [3.616, 4, 3.04, 3.2], "texture": "#0"}
			}
		},
		{
			"from": [7.15, 0.1, 7.6],
			"to": [8.95, 2.5, 8.4],
			"faces": {
				"north": {"uv": [7.104, 0.8, 7.68, 3.2], "texture": "#0"},
				"south": {"uv": [7.68, 0.8, 7.104, 3.2], "texture": "#0"},
				"up": {"uv": [7.68, 0.8, 7.104, 0], "texture": "#0"},
				"down": {"uv": [7.68, 4, 7.104, 3.2], "texture": "#0"}
			}
		},
		{
			"from": [5.35, 0.1, 7.6],
			"to": [7.15, 2.5, 8.4],
			"faces": {
				"north": {"uv": [3.04, 0.8, 3.616, 3.2], "texture": "#0"},
				"south": {"uv": [3.616, 0.8, 3.04, 3.2], "texture": "#0"},
				"up": {"uv": [3.616, 0.8, 3.04, 0], "texture": "#0"},
				"down": {"uv": [3.616, 4, 3.04, 3.2], "texture": "#0"}
			}
		},
		{
			"from": [3.55, 0.1, 7.6],
			"to": [5.35, 2.5, 8.4],
			"faces": {
				"north": {"uv": [1.824, 0.8, 2.4, 3.2], "texture": "#0"},
				"south": {"uv": [2.4, 0.8, 1.824, 3.2], "texture": "#0"},
				"up": {"uv": [2.4, 0.8, 1.824, 0], "texture": "#0"},
				"down": {"uv": [2.4, 4, 1.824, 3.2], "texture": "#0"}
			}
		},
		{
			"from": [1.75, 0.1, 7.6],
			"to": [3.55, 2.5, 8.4],
			"faces": {
				"north": {"uv": [11.968, 0.8, 12.544, 3.2], "texture": "#0"},
				"south": {"uv": [12.544, 0.8, 11.968, 3.2], "texture": "#0"},
				"up": {"uv": [12.544, 0.8, 11.968, 0], "texture": "#0"},
				"down": {"uv": [12.544, 4, 11.968, 3.2], "texture": "#0"}
			}
		},
		{
			"from": [0.55, 0.1, 7.6],
			"to": [1.75, 2.5, 8.4],
			"faces": {
				"north": {"uv": [5.472, 0.8, 5.856, 3.2], "texture": "#0"},
				"south": {"uv": [5.856, 0.8, 5.472, 3.2], "texture": "#0"},
				"up": {"uv": [5.856, 0.8, 5.472, 0], "texture": "#0"},
				"down": {"uv": [5.856, 4, 5.472, 3.2], "texture": "#0"}
			}
		},
		{
			"from": [-1.25, 0.1, 7.6],
			"to": [0.55, 2.5, 8.4],
			"faces": {
				"north": {"uv": [8.928, 0.8, 9.504, 3.2], "texture": "#0"},
				"south": {"uv": [9.504, 0.8, 8.928, 3.2], "texture": "#0"},
				"up": {"uv": [9.504, 0.8, 8.928, 0], "texture": "#0"},
				"down": {"uv": [9.504, 4, 8.928, 3.2], "texture": "#0"}
			}
		},
		{
			"from": [-3.05, 0.1, 7.6],
			"to": [-1.25, 2.5, 8.4],
			"faces": {
				"north": {"uv": [8.32, 0.8, 8.896, 3.2], "texture": "#0"},
				"south": {"uv": [8.896, 0.8, 8.32, 3.2], "texture": "#0"},
				"up": {"uv": [8.896, 0.8, 8.32, 0], "texture": "#0"},
				"down": {"uv": [8.896, 4, 8.32, 3.2], "texture": "#0"}
			}
		},
		{
			"from": [-3.35, 0.1, 7.6],
			"to": [-3.05, 2.5, 8.4],
			"faces": {
				"north": {"uv": [5.088, 9, 5.184, 11.4], "texture": "#0"},
				"south": {"uv": [5.184, 9, 5.088, 11.4], "texture": "#0"},
				"west": {"uv": [5.184, 9, 5.44, 11.4], "texture": "#0"},
				"up": {"uv": [5.184, 9, 5.088, 8.2], "texture": "#0"},
				"down": {"uv": [5.184, 12.2, 5.088, 11.4], "texture": "#0"}
			}
		},
		{
			"name": "border",
			"from": [18.95, 2.6, 8.5],
			"to": [-3.45, 0, 7.5],
			"faces": {
				"north": {"uv": [0, 12.3, 0.016, 12.35], "texture": "#0"},
				"east": {"uv": [0, 12.3, 0.016, 12.35], "texture": "#0"},
				"south": {"uv": [0, 12.3, 0.016, 12.35], "texture": "#0"},
				"west": {"uv": [0, 12.3, 0.016, 12.35], "texture": "#0"},
				"up": {"uv": [0, 12.3, 0.016, 12.35], "texture": "#0"},
				"down": {"uv": [0, 12.3, 0.016, 12.35], "texture": "#0"}
			}
		}
	],
	"display": {
		"thirdperson_righthand": {
			"rotation": [0, 180, 0],
			"translation": [0, 7.25, 0]
		},
		"firstperson_righthand": {
			"rotation": [0, 180, 0],
			"translation": [-1.5, 7.75, 0]
		},
		"ground": {
			"translation": [0, 4.75, 0]
		},
		"gui": {
			"rotation": [0, 180, 0],
			"translation": [0, 6, 0]
		},
		"head": {
			"translation": [0, 14.25, 0]
		},
		"fixed": {
			"translation": [0, 6, 0]
		}
	},
	"groups": [
		{
			"name": "map_selection",
			"origin": [0, 0, 0],
			"color": 0,
			"nbt": "{}",
			"children": [
				{
					"name": "open_terminator",
					"origin": [0, 0, 0],
					"color": 0,
					"nbt": "{}",
					"children": [0]
				},
				{
					"name": "m",
					"origin": [0, 0, 0],
					"color": 0,
					"nbt": "{}",
					"children": [1]
				},
				{
					"name": "a",
					"origin": [0, 0, 0],
					"color": 0,
					"nbt": "{}",
					"children": [2]
				},
				{
					"name": "p",
					"origin": [0, 0, 0],
					"color": 0,
					"nbt": "{}",
					"children": [3]
				},
				{
					"name": "space",
					"origin": [0, 0, 0],
					"color": 0,
					"nbt": "{}",
					"children": [4]
				},
				{
					"name": "s",
					"origin": [0, 0, 0],
					"color": 0,
					"nbt": "{}",
					"children": [5]
				},
				{
					"name": "e",
					"origin": [0, 0, 0],
					"color": 0,
					"nbt": "{}",
					"children": [6]
				},
				{
					"name": "l",
					"origin": [0, 0, 0],
					"color": 0,
					"nbt": "{}",
					"children": [7]
				},
				{
					"name": "e",
					"origin": [0, 0, 0],
					"color": 0,
					"nbt": "{}",
					"children": [8]
				},
				{
					"name": "c",
					"origin": [0, 0, 0],
					"color": 0,
					"nbt": "{}",
					"children": [9]
				},
				{
					"name": "t",
					"origin": [0, 0, 0],
					"color": 0,
					"nbt": "{}",
					"children": [10]
				},
				{
					"name": "i",
					"origin": [0, 0, 0],
					"color": 0,
					"nbt": "{}",
					"children": [11]
				},
				{
					"name": "o",
					"origin": [0, 0, 0],
					"color": 0,
					"nbt": "{}",
					"children": [12]
				},
				{
					"name": "n",
					"origin": [0, 0, 0],
					"color": 0,
					"nbt": "{}",
					"children": [13]
				},
				{
					"name": "close_terminator",
					"origin": [0, 0, 0],
					"color": 0,
					"nbt": "{}",
					"children": [14]
				},
				15
			]
		}
	]
}