{
	"credit": "Made with Blockbench",
	"parent": "arrow",
	"gui_light": "front",
	"textures": {
		"2": "item/plusgreen/texture"
	},
	"elements": [
		{
			"from": [6.5, 1.2, 6.8],
			"to": [9.5, 4.2, 9.2],
			"faces": {
				"north": {"uv": [10.912, 4.4, 11.232, 5.4], "texture": "#2"},
				"south": {"uv": [11.232, 4.4, 10.912, 5.4], "texture": "#2"},
				"up": {"uv": [11.232, 4.1, 10.912, 3.3], "texture": "#2"},
				"down": {"uv": [11.232, 6.5, 10.912, 5.7], "texture": "#2"}
			}
		},
		{
			"from": [9.8, 3.6, 9.5],
			"to": [6.2, 1.8, 6.5],
			"faces": {
				"north": {"uv": [0, 10.6, 0.016, 10.65], "texture": "#2"},
				"east": {"uv": [0, 10.6, 0.016, 10.65], "texture": "#2"},
				"south": {"uv": [0, 10.6, 0.016, 10.65], "texture": "#2"},
				"west": {"uv": [0, 10.6, 0.016, 10.65], "texture": "#2"},
				"up": {"uv": [0.064, 10.6, 0.128, 10.65], "texture": "#2"},
				"down": {"uv": [0.064, 10.6, 0.128, 10.65], "texture": "#2"}
			}
		},
		{
			"from": [8.9, 4.5, 9.5],
			"to": [7.1, 3.6, 6.5],
			"faces": {
				"north": {"uv": [0, 10.6, 0.016, 10.65], "texture": "#2"},
				"east": {"uv": [0, 10.6, 0.016, 10.65], "texture": "#2"},
				"south": {"uv": [0, 10.6, 0.016, 10.65], "texture": "#2"},
				"west": {"uv": [0, 10.6, 0.016, 10.65], "texture": "#2"},
				"down": {"uv": [0, 10.6, 0.016, 10.65], "texture": "#2"}
			}
		},
		{
			"from": [8.9, 1.8, 9.5],
			"to": [7.1, 0.9, 6.5],
			"faces": {
				"north": {"uv": [0, 10.6, 0.016, 10.65], "texture": "#2"},
				"east": {"uv": [0, 10.6, 0.016, 10.65], "texture": "#2"},
				"south": {"uv": [0, 10.6, 0.016, 10.65], "texture": "#2"},
				"west": {"uv": [0, 10.6, 0.016, 10.65], "texture": "#2"},
				"up": {"uv": [0, 10.6, 0.016, 10.65], "texture": "#2"}
			}
		}
	],
	"display": {
		"head": {
			"translation": [0, 20, 0],
			"scale": [4, 4, 4]
		}
	},
	"groups": [
		{
			"name": "+",
			"origin": [0, 0, 0],
			"color": 0,
			"nbt": "{}",
			"children": [
				{
					"name": "+",
					"origin": [0, 0, 0],
					"color": 0,
					"nbt": "{}",
					"children": [0, 1, 2, 3]
				}
			]
		}
	]
}