{
	"credit": "Made with Blockbench",
	"texture_size": [64, 64],
	"textures": {
		"2": "item/1b0bcdcc3ef9361c",
		"particle": "item/scorpionem/texture"
	},
	"elements": [
		{
			"name": "Head",
			"from": [4, 22, -2],
			"to": [12, 30, 6],
			"rotation": {"angle": -22.5, "axis": "x", "origin": [8, 24, 1]},
			"faces": {
				"north": {"uv": [2, 2, 4, 4], "texture": "#2"},
				"east": {"uv": [0, 2, 2, 4], "texture": "#2"},
				"south": {"uv": [6, 2, 8, 4], "texture": "#2"},
				"west": {"uv": [4, 2, 6, 4], "texture": "#2"},
				"up": {"uv": [4, 2, 2, 0], "texture": "#2"},
				"down": {"uv": [6, 0, 4, 2], "texture": "#2"}
			}
		},
		{
			"name": "Body",
			"from": [4, 12, 6],
			"to": [12, 24, 10],
			"rotation": {"angle": -45, "axis": "x", "origin": [8, 18, 8]},
			"faces": {
				"north": {"uv": [5, 5, 7, 8], "texture": "#2"},
				"east": {"uv": [4, 5, 5, 8], "texture": "#2"},
				"south": {"uv": [8, 5, 10, 8], "texture": "#2"},
				"west": {"uv": [7, 5, 8, 8], "texture": "#2"},
				"up": {"uv": [7, 5, 5, 4], "texture": "#2"},
				"down": {"uv": [9, 4, 7, 5], "texture": "#2"}
			}
		},
		{
			"name": "Right Arm",
			"from": [12, 22, -8.24264],
			"to": [16, 26, 3.75736],
			"rotation": {"angle": -22.5, "axis": "x", "origin": [14, 24, 8]},
			"faces": {
				"north": {"uv": [12, 4, 13, 5], "texture": "#2"},
				"east": {"uv": [11, 8, 12, 5], "rotation": 90, "texture": "#2"},
				"south": {"uv": [11, 4, 12, 5], "texture": "#2"},
				"west": {"uv": [11, 5, 12, 8], "rotation": 90, "texture": "#2"},
				"up": {"uv": [12, 8, 11, 5], "texture": "#2"},
				"down": {"uv": [12, 5, 11, 8], "texture": "#2"}
			}
		},
		{
			"name": "Left Arm",
			"from": [0, 19, 4.24264],
			"to": [4, 23, 16.24264],
			"rotation": {"angle": 0, "axis": "x", "origin": [2, 24, 8]},
			"faces": {
				"north": {"uv": [11, 4, 12, 5], "texture": "#2"},
				"east": {"uv": [9, 13, 10, 16], "rotation": 90, "texture": "#2"},
				"south": {"uv": [10, 12, 11, 13], "texture": "#2"},
				"west": {"uv": [9, 16, 10, 13], "rotation": 90, "texture": "#2"},
				"up": {"uv": [10, 13, 9, 16], "texture": "#2"},
				"down": {"uv": [10, 16, 9, 13], "texture": "#2"}
			}
		},
		{
			"name": "Right Leg",
			"from": [7.9, 11.84002, 11.65205],
			"to": [11.9, 15.84002, 23.65205],
			"rotation": {"angle": 22.5, "axis": "x", "origin": [10, 14, 8]},
			"faces": {
				"north": {"uv": [5, 12, 6, 13], "texture": "#2"},
				"east": {"uv": [5, 13, 6, 16], "rotation": 90, "texture": "#2"},
				"south": {"uv": [6, 12, 7, 13], "texture": "#2"},
				"west": {"uv": [7, 16, 8, 13], "rotation": 90, "texture": "#2"},
				"up": {"uv": [7, 13, 6, 16], "texture": "#2"},
				"down": {"uv": [5, 16, 4, 13], "texture": "#2"}
			}
		},
		{
			"name": "Left Leg",
			"from": [4.1, 2.06453, 7.3131],
			"to": [8.1, 14.06453, 11.3131],
			"rotation": {"angle": 22.5, "axis": "x", "origin": [6, 12, 8]},
			"faces": {
				"north": {"uv": [5, 13, 6, 16], "texture": "#2"},
				"east": {"uv": [4, 13, 5, 16], "texture": "#2"},
				"south": {"uv": [7, 13, 8, 16], "texture": "#2"},
				"west": {"uv": [6, 13, 7, 16], "texture": "#2"},
				"up": {"uv": [6, 13, 5, 12], "texture": "#2"},
				"down": {"uv": [7, 12, 6, 13], "texture": "#2"}
			}
		}
	],
	"groups": [
		{
			"name": "Head",
			"origin": [0, 24, 0],
			"rotation": [6, -5, 0],
			"color": 0,
			"children": [0]
		},
		{
			"name": "Body",
			"origin": [0, 24, 0],
			"color": 0,
			"children": [1]
		},
		{
			"name": "Right Arm",
			"origin": [5, 22, 0],
			"rotation": [10, 0, 0],
			"color": 0,
			"children": [2]
		},
		{
			"name": "Left Arm",
			"origin": [-5, 22, 0],
			"rotation": [-12, 0, 0],
			"color": 0,
			"children": [3]
		},
		{
			"name": "Right Leg",
			"origin": [1.9, 12, 0],
			"rotation": [-11, 0, 2],
			"color": 0,
			"children": [4]
		},
		{
			"name": "Left Leg",
			"origin": [-1.9, 12, 0],
			"rotation": [10, 0, -2],
			"color": 0,
			"children": [5]
		}
	]
}