{
	"credit": "Made with Blockbench",
	"texture_size": [64, 64],
	"textures": {
		"0": "item/projector/texture",
		"particle": "item/projector/texture"
	},
	"elements": [
		{
			"from": [2, 0, 2],
			"to": [14, 2, 14],
			"faces": {
				"north": {"uv": [12, 8, 15, 8.5], "texture": "#0"},
				"east": {"uv": [12, 8.5, 15, 9], "texture": "#0"},
				"south": {"uv": [12, 9, 15, 9.5], "texture": "#0"},
				"west": {"uv": [12, 9.5, 15, 10], "texture": "#0"},
				"up": {"uv": [3, 12, 0, 9], "texture": "#0"},
				"down": {"uv": [12.5, 0, 9.5, 3], "texture": "#0"}
			}
		},
		{
			"from": [3, 5, 2],
			"to": [13, 15, 14],
			"rotation": {"angle": -22.5, "axis": "x", "origin": [8, 10, 8]},
			"faces": {
				"north": {"uv": [5.5, 10, 8, 12.5], "texture": "#0"},
				"east": {"uv": [9.5, 3, 12.5, 5.5], "texture": "#0"},
				"south": {"uv": [8, 13.5, 10.5, 11], "texture": "#0"},
				"west": {"uv": [9.5, 5.5, 12.5, 8], "texture": "#0"},
				"up": {"uv": [12, 11, 9.5, 8], "texture": "#0"},
				"down": {"uv": [5.5, 10, 3, 13], "texture": "#0"}
			}
		},
		{
			"from": [3, 15, 14],
			"to": [13, 15, 32],
			"rotation": {"angle": -22.5, "axis": "x", "origin": [8, 10, 8]},
			"faces": {
				"north": {"uv": [0, 0, 2.5, 0], "texture": "#0"},
				"east": {"uv": [0, 0, 4.5, 0], "texture": "#0"},
				"south": {"uv": [0, 0, 2.5, 0], "texture": "#0"},
				"west": {"uv": [0, 0, 4.5, 0], "texture": "#0"},
				"up": {"uv": [2.5, 4.5, 0, 0], "texture": "#0"},
				"down": {"uv": [5, 0, 2.5, 4.5], "texture": "#0"}
			}
		},
		{
			"from": [3, 5, 14],
			"to": [13, 5, 32],
			"rotation": {"angle": -22.5, "axis": "x", "origin": [8, 10, 8]},
			"faces": {
				"north": {"uv": [0, 0, 2.5, 0], "texture": "#0"},
				"east": {"uv": [0, 0, 4.5, 0], "texture": "#0"},
				"south": {"uv": [0, 0, 2.5, 0], "texture": "#0"},
				"west": {"uv": [0, 0, 4.5, 0], "texture": "#0"},
				"up": {"uv": [2.5, 9, 0, 4.5], "texture": "#0"},
				"down": {"uv": [5, 4.5, 2.5, 9], "texture": "#0"}
			}
		},
		{
			"from": [3, 5, 14],
			"to": [3, 15, 32],
			"rotation": {"angle": -22.5, "axis": "x", "origin": [8, 10, 8]},
			"faces": {
				"north": {"uv": [0, 0, 0, 2.5], "texture": "#0"},
				"east": {"uv": [5, 0, 9.5, 2.5], "texture": "#0"},
				"south": {"uv": [0, 0, 0, 2.5], "texture": "#0"},
				"west": {"uv": [5, 2.5, 9.5, 5], "texture": "#0"},
				"up": {"uv": [0, 4.5, 0, 0], "texture": "#0"},
				"down": {"uv": [0, 0, 0, 4.5], "texture": "#0"}
			}
		},
		{
			"from": [13, 5, 14],
			"to": [13, 15, 32],
			"rotation": {"angle": -22.5, "axis": "x", "origin": [8, 10, 8]},
			"faces": {
				"north": {"uv": [0, 0, 0, 2.5], "texture": "#0"},
				"east": {"uv": [5, 5, 9.5, 7.5], "texture": "#0"},
				"south": {"uv": [0, 0, 0, 2.5], "texture": "#0"},
				"west": {"uv": [5, 7.5, 9.5, 10], "texture": "#0"},
				"up": {"uv": [0, 4.5, 0, 0], "texture": "#0"},
				"down": {"uv": [0, 0, 0, 4.5], "texture": "#0"}
			}
		},
		{
			"from": [2, 2, 6],
			"to": [3, 11, 10],
			"faces": {
				"north": {"uv": [2, 12, 2.25, 14.25], "texture": "#0"},
				"east": {"uv": [10.5, 11, 11.5, 13.25], "texture": "#0"},
				"south": {"uv": [2.25, 12, 2.5, 14.25], "texture": "#0"},
				"west": {"uv": [11.5, 11, 12.5, 13.25], "texture": "#0"},
				"up": {"uv": [3.25, 10, 3, 9], "texture": "#0"},
				"down": {"uv": [3.5, 9, 3.25, 10], "texture": "#0"}
			}
		},
		{
			"from": [13, 2, 6],
			"to": [14, 11, 10],
			"faces": {
				"north": {"uv": [2.5, 12, 2.75, 14.25], "texture": "#0"},
				"east": {"uv": [0, 12, 1, 14.25], "texture": "#0"},
				"south": {"uv": [2.75, 12, 3, 14.25], "texture": "#0"},
				"west": {"uv": [1, 12, 2, 14.25], "texture": "#0"},
				"up": {"uv": [3.75, 10, 3.5, 9], "texture": "#0"},
				"down": {"uv": [4, 9, 3.75, 10], "texture": "#0"}
			}
		}
	],
	"groups": [
		{
			"name": "group",
			"origin": [8, 8, 8],
			"color": 0,
			"nbt": "{}",
			"children": [0, 1, 2, 3, 4, 5, 6, 7]
		}
	]
}