{
	"credit": "Made with Blockbench",
	"parent": "arrow",
	"gui_light": "front",
	"textures": {
		"0": "item/warning/texture",
		"particle": "item/warning/texture"
	},
	"elements": [
		{
			"from": [7, 3, 7],
			"to": [10, 4, 8],
			"rotation": {"angle": 0, "axis": "y", "origin": [8.29419, 3.5, 7.5]},
			"faces": {
				"north": {"uv": [6, 0, 9, 1], "texture": "#0"},
				"east": {"uv": [1, 9, 2, 10], "texture": "#0"},
				"south": {"uv": [6, 1, 9, 2], "texture": "#0"},
				"west": {"uv": [2, 9, 3, 10], "texture": "#0"},
				"up": {"uv": [5, 7, 2, 6], "texture": "#0"},
				"down": {"uv": [9, 2, 6, 3], "texture": "#0"}
			}
		},
		{
			"from": [10, 3, 6.75],
			"to": [10, 4, 8.25],
			"rotation": {"angle": 0, "axis": "y", "origin": [8.29419, 3.5, 7.5]},
			"faces": {
				"north": {"uv": [0, 0, 0, 1], "texture": "#0"},
				"east": {"uv": [6, 3, 8, 4], "texture": "#0"},
				"south": {"uv": [0, 0, 0, 1], "texture": "#0"},
				"west": {"uv": [6, 4, 8, 5], "texture": "#0"},
				"up": {"uv": [0, 2, 0, 0], "texture": "#0"},
				"down": {"uv": [0, 0, 0, 2], "texture": "#0"}
			}
		},
		{
			"from": [7.75, 4, 6.75],
			"to": [10, 4, 8.25],
			"rotation": {"angle": 0, "axis": "y", "origin": [8.29419, 3.5, 7.5]},
			"faces": {
				"north": {"uv": [0, 0, 3, 0], "texture": "#0"},
				"east": {"uv": [0, 0, 2, 0], "texture": "#0"},
				"south": {"uv": [0, 0, 3, 0], "texture": "#0"},
				"west": {"uv": [0, 0, 2, 0], "texture": "#0"},
				"up": {"uv": [3, 2, 0, 0], "texture": "#0"},
				"down": {"uv": [3, 2, 0, 4], "texture": "#0"}
			}
		},
		{
			"from": [7.75, 3, 6.75],
			"to": [10, 3, 8.25],
			"rotation": {"angle": 0, "axis": "y", "origin": [8.29419, 3.5, 7.5]},
			"faces": {
				"north": {"uv": [0, 0, 3, 0], "texture": "#0"},
				"east": {"uv": [0, 0, 2, 0], "texture": "#0"},
				"south": {"uv": [0, 0, 3, 0], "texture": "#0"},
				"west": {"uv": [0, 0, 2, 0], "texture": "#0"},
				"up": {"uv": [6, 2, 3, 0], "texture": "#0"},
				"down": {"uv": [6, 2, 3, 4], "texture": "#0"}
			}
		},
		{
			"from": [6.52551, 4.26869, 7],
			"to": [8.77551, 5.26869, 8],
			"rotation": {"angle": 45, "axis": "z", "origin": [8.29419, 3.5, 7.5]},
			"faces": {
				"north": {"uv": [5, 6, 7, 7], "texture": "#0"},
				"east": {"uv": [9, 2, 10, 3], "texture": "#0"},
				"south": {"uv": [6, 5, 8, 6], "texture": "#0"},
				"west": {"uv": [3, 9, 4, 10], "texture": "#0"},
				"up": {"uv": [4, 8, 2, 7], "texture": "#0"},
				"down": {"uv": [6, 7, 4, 8], "texture": "#0"}
			}
		},
		{
			"from": [8.27551, 4.26869, 6.75],
			"to": [8.77551, 4.26869, 8.25],
			"rotation": {"angle": 45, "axis": "z", "origin": [8.29419, 3.5, 7.5]},
			"faces": {
				"north": {"uv": [0, 0, 1, 0], "texture": "#0"},
				"east": {"uv": [0, 0, 2, 0], "texture": "#0"},
				"south": {"uv": [0, 0, 1, 0], "texture": "#0"},
				"west": {"uv": [0, 0, 2, 0], "texture": "#0"},
				"up": {"uv": [7, 9, 6, 7], "texture": "#0"},
				"down": {"uv": [8, 6, 7, 8], "texture": "#0"}
			}
		},
		{
			"from": [8.77551, 4.26869, 6.75],
			"to": [8.77551, 5.26869, 8.25],
			"rotation": {"angle": 45, "axis": "z", "origin": [8.29419, 3.5, 7.5]},
			"faces": {
				"north": {"uv": [0, 0, 0, 1], "texture": "#0"},
				"east": {"uv": [0, 8, 2, 9], "texture": "#0"},
				"south": {"uv": [0, 0, 0, 1], "texture": "#0"},
				"west": {"uv": [2, 8, 4, 9], "texture": "#0"},
				"up": {"uv": [0, 2, 0, 0], "texture": "#0"},
				"down": {"uv": [0, 0, 0, 2], "texture": "#0"}
			}
		},
		{
			"from": [6.52551, 5.26869, 6.75],
			"to": [8.77551, 5.26869, 8.25],
			"rotation": {"angle": 45, "axis": "z", "origin": [8.29419, 3.5, 7.5]},
			"faces": {
				"north": {"uv": [0, 0, 2, 0], "texture": "#0"},
				"east": {"uv": [0, 0, 2, 0], "texture": "#0"},
				"south": {"uv": [0, 0, 2, 0], "texture": "#0"},
				"west": {"uv": [0, 0, 2, 0], "texture": "#0"},
				"up": {"uv": [2, 6, 0, 4], "texture": "#0"},
				"down": {"uv": [4, 4, 2, 6], "texture": "#0"}
			}
		},
		{
			"from": [6.52551, 3.01869, 7],
			"to": [7.52551, 5.26869, 8],
			"rotation": {"angle": 45, "axis": "z", "origin": [8.29419, 3.5, 7.5]},
			"faces": {
				"north": {"uv": [8, 3, 9, 5], "texture": "#0"},
				"east": {"uv": [4, 8, 5, 10], "texture": "#0"},
				"south": {"uv": [5, 8, 6, 10], "texture": "#0"},
				"west": {"uv": [8, 5, 9, 7], "texture": "#0"},
				"up": {"uv": [10, 4, 9, 3], "texture": "#0"},
				"down": {"uv": [10, 4, 9, 5], "texture": "#0"}
			}
		},
		{
			"from": [7.52551, 3.01869, 6.75],
			"to": [7.52551, 3.51869, 8.25],
			"rotation": {"angle": 45, "axis": "z", "origin": [8.29419, 3.5, 7.5]},
			"faces": {
				"north": {"uv": [0, 0, 0, 1], "texture": "#0"},
				"east": {"uv": [7, 8, 9, 9], "texture": "#0"},
				"south": {"uv": [0, 0, 0, 1], "texture": "#0"},
				"west": {"uv": [8, 7, 10, 8], "texture": "#0"},
				"up": {"uv": [0, 2, 0, 0], "texture": "#0"},
				"down": {"uv": [0, 0, 0, 2], "texture": "#0"}
			}
		},
		{
			"from": [6.52551, 3.01869, 6.75],
			"to": [7.52551, 3.01869, 8.25],
			"rotation": {"angle": 45, "axis": "z", "origin": [8.29419, 3.5, 7.5]},
			"faces": {
				"north": {"uv": [0, 0, 1, 0], "texture": "#0"},
				"east": {"uv": [0, 0, 2, 0], "texture": "#0"},
				"south": {"uv": [0, 0, 1, 0], "texture": "#0"},
				"west": {"uv": [0, 0, 2, 0], "texture": "#0"},
				"up": {"uv": [1, 11, 0, 9], "texture": "#0"},
				"down": {"uv": [10, 0, 9, 2], "texture": "#0"}
			}
		},
		{
			"from": [6.52551, 3.01869, 6.75],
			"to": [6.52551, 5.26869, 8.25],
			"rotation": {"angle": 45, "axis": "z", "origin": [8.29419, 3.5, 7.5]},
			"faces": {
				"north": {"uv": [0, 0, 0, 2], "texture": "#0"},
				"east": {"uv": [4, 4, 6, 6], "texture": "#0"},
				"south": {"uv": [0, 0, 0, 2], "texture": "#0"},
				"west": {"uv": [0, 6, 2, 8], "texture": "#0"},
				"up": {"uv": [0, 2, 0, 0], "texture": "#0"},
				"down": {"uv": [0, 0, 0, 2], "texture": "#0"}
			}
		}
	],
	"display": {
		"thirdperson_righthand": {
			"translation": [0, 5, 0]
		},
		"head": {
			"rotation": [15, 0, 0],
			"translation": [0, 18, 2],
			"scale": [4, 4, 4]
		}
	},
	"groups": [
		{
			"name": "group",
			"origin": [8, 8, 8],
			"color": 0,
			"nbt": "{}",
			"children": [0, 1, 2, 3, 4, 5, 6, 7, 8, 9, 10, 11]
		}
	]
}