{
	"credit": "Made with Blockbench",
	"parent": "smallinator",
	"texture_size": [32, 32],
	"textures": {
		"0": "item/smallimator/texture"
	},
	"elements": [
		{
			"from": [5, 1, 7],
			"to": [10, 9, 8],
			"rotation": {"angle": 0, "axis": "y", "origin": [0, 1, 0]},
			"faces": {
				"north": {"uv": [0, 0, 2.5, 4], "texture": "#0"},
				"east": {"uv": [0, 4, 0.5, 8], "texture": "#0"},
				"south": {"uv": [2.5, 0, 5, 4], "texture": "#0"},
				"west": {"uv": [0.5, 4, 1, 8], "texture": "#0"},
				"up": {"uv": [7.5, 4.5, 5, 4], "texture": "#0"},
				"down": {"uv": [7.5, 4.5, 5, 5], "texture": "#0"}
			}
		},
		{
			"from": [7, 8.25, 7.25],
			"to": [8, 11.5, 8.25],
			"rotation": {"angle": 22.5, "axis": "x", "origin": [7.5, 9, 7.75]},
			"faces": {
				"north": {"uv": [1, 8, 1.5, 9.5], "texture": "#0"},
				"east": {"uv": [8, 1, 8.5, 2.5], "texture": "#0"},
				"south": {"uv": [1.5, 8, 2, 9.5], "texture": "#0"},
				"west": {"uv": [2, 8, 2.5, 9.5], "texture": "#0"},
				"up": {"uv": [4.5, 8.5, 4, 8], "texture": "#0"},
				"down": {"uv": [5, 8, 4.5, 8.5], "texture": "#0"}
			}
		},
		{
			"from": [7, 11.01956, 8.34149],
			"to": [8, 13.51956, 9.34149],
			"rotation": {"angle": -22.5, "axis": "x", "origin": [7.5, 11, 8.75]},
			"faces": {
				"north": {"uv": [2.5, 8, 3, 9.5], "texture": "#0"},
				"east": {"uv": [8, 2.5, 8.5, 4], "texture": "#0"},
				"south": {"uv": [3, 8, 3.5, 9.5], "texture": "#0"},
				"west": {"uv": [3.5, 8, 4, 9.5], "texture": "#0"},
				"up": {"uv": [5.5, 8.5, 5, 8], "texture": "#0"},
				"down": {"uv": [8.5, 5, 8, 5.5], "texture": "#0"}
			}
		},
		{
			"from": [8.5, 14.25, 9],
			"to": [6.5, 12.25, 7],
			"rotation": {"angle": 0, "axis": "y", "origin": [0, 1, 0]},
			"faces": {
				"north": {"uv": [5, 5, 6, 6], "texture": "#0"},
				"east": {"uv": [5, 6, 6, 7], "texture": "#0"},
				"south": {"uv": [6, 5, 7, 6], "texture": "#0"},
				"west": {"uv": [6, 6, 7, 7], "texture": "#0"},
				"up": {"uv": [6, 8, 5, 7], "texture": "#0"},
				"down": {"uv": [8, 5, 7, 6], "texture": "#0"}
			}
		},
		{
			"from": [6.75, 12.5, 7.25],
			"to": [8.25, 14, 8.75],
			"rotation": {"angle": 0, "axis": "y", "origin": [0, 1, 0]},
			"faces": {
				"north": {"uv": [6, 7, 7, 8], "texture": "#0"},
				"east": {"uv": [7, 6, 8, 7], "texture": "#0"},
				"south": {"uv": [7, 7, 8, 8], "texture": "#0"},
				"west": {"uv": [7.5, 4, 8.5, 5], "texture": "#0"},
				"up": {"uv": [1, 9, 0, 8], "texture": "#0"},
				"down": {"uv": [9, 0, 8, 1], "texture": "#0"}
			}
		},
		{
			"from": [10, 1, 7],
			"to": [10.5, 9, 8],
			"rotation": {"angle": 0, "axis": "y", "origin": [0, 1, 0]},
			"faces": {
				"north": {"uv": [1, 4, 1.5, 8], "texture": "#0"},
				"east": {"uv": [1.5, 4, 2, 8], "texture": "#0"},
				"south": {"uv": [2, 4, 2.5, 8], "texture": "#0"},
				"west": {"uv": [2.5, 4, 3, 8], "texture": "#0"},
				"up": {"uv": [6, 8.5, 5.5, 8], "texture": "#0"},
				"down": {"uv": [8.5, 5.5, 8, 6], "texture": "#0"}
			}
		},
		{
			"from": [4.5, 9, 7],
			"to": [10.5, 9.5, 8],
			"rotation": {"angle": 0, "axis": "z", "origin": [0, 1, 0]},
			"faces": {
				"north": {"uv": [5, 0, 8, 0.5], "texture": "#0"},
				"east": {"uv": [6, 8, 6.5, 8.5], "texture": "#0"},
				"south": {"uv": [5, 0.5, 8, 1], "texture": "#0"},
				"west": {"uv": [8, 6, 8.5, 6.5], "texture": "#0"},
				"up": {"uv": [8, 1.5, 5, 1], "texture": "#0"},
				"down": {"uv": [8, 1.5, 5, 2], "texture": "#0"}
			}
		},
		{
			"from": [4.5, 0.5, 7],
			"to": [10.5, 1, 8],
			"rotation": {"angle": 0, "axis": "z", "origin": [0, 1, 0]},
			"faces": {
				"north": {"uv": [5, 2, 8, 2.5], "texture": "#0"},
				"east": {"uv": [6.5, 8, 7, 8.5], "texture": "#0"},
				"south": {"uv": [5, 2.5, 8, 3], "texture": "#0"},
				"west": {"uv": [8, 6.5, 8.5, 7], "texture": "#0"},
				"up": {"uv": [8, 3.5, 5, 3], "texture": "#0"},
				"down": {"uv": [8, 3.5, 5, 4], "texture": "#0"}
			}
		},
		{
			"from": [4.5, 1, 7],
			"to": [5, 9, 8],
			"rotation": {"angle": 0, "axis": "y", "origin": [0, 1, 0]},
			"faces": {
				"north": {"uv": [3, 4, 3.5, 8], "texture": "#0"},
				"east": {"uv": [3.5, 4, 4, 8], "texture": "#0"},
				"south": {"uv": [4, 4, 4.5, 8], "texture": "#0"},
				"west": {"uv": [4.5, 4, 5, 8], "texture": "#0"},
				"up": {"uv": [7.5, 8.5, 7, 8], "texture": "#0"},
				"down": {"uv": [8.5, 7, 8, 7.5], "texture": "#0"}
			}
		}
	],
	"gui_light": "front",
	"display": {
		"thirdperson_righthand": {
			"rotation": [0, 180, 0],
			"translation": [-0.5, 5.25, -0.5]
		},
		"thirdperson_lefthand": {
			"rotation": [0, 180, 0],
			"translation": [0.5, 5.25, -0.5]
		},
		"firstperson_righthand": {
			"rotation": [-20, 150, 0],
			"translation": [0, 5.5, 0]
		},
		"firstperson_lefthand": {
			"rotation": [-20, 150, 0],
			"translation": [0, 5.5, 0]
		},
		"ground": {
			"rotation": [65, 0, 0]
		},
		"gui": {
			"rotation": [0, 180, 0],
			"translation": [0, 1, 0],
			"scale": [1.2, 1.2, 1.2]
		},
		"head": {
			"translation": [0.75, 4.75, 0]
		}
	},
	"groups": [
		{
			"name": "group",
			"origin": [8, 8, 8],
			"color": 0,
			"nbt": "{}",
			"children": [0, 1, 2, 3, 4, 5, 6, 7, 8]
		}
	]
}