{
	"credit": "Made with Blockbench",
	"parent": "titles",
	"gui_light": "front",
	"textures": {
		"2": "item/start/texture"
	},
	"elements": [
		{
			"from": [10.94, 1.125, 6.825],
			"to": [11.045, 1.965, 7],
			"faces": {
				"north": {"uv": [4.96, 9, 5.056, 11.4], "texture": "#2"},
				"east": {"uv": [4.704, 9, 4.96, 11.4], "texture": "#2"},
				"south": {"uv": [5.056, 9, 4.96, 11.4], "texture": "#2"},
				"up": {"uv": [5.056, 9, 4.96, 8.2], "texture": "#2"},
				"down": {"uv": [5.056, 12.2, 4.96, 11.4], "texture": "#2"}
			}
		},
		{
			"from": [10.31, 1.125, 6.825],
			"to": [10.94, 1.965, 7],
			"faces": {
				"north": {"uv": [11.36, 0.8, 11.936, 3.2], "texture": "#2"},
				"south": {"uv": [11.936, 0.8, 11.36, 3.2], "texture": "#2"},
				"up": {"uv": [11.936, 0.8, 11.36, 0], "texture": "#2"},
				"down": {"uv": [11.936, 4, 11.36, 3.2], "texture": "#2"}
			}
		},
		{
			"from": [9.68, 1.125, 6.825],
			"to": [10.31, 1.965, 7],
			"faces": {
				"north": {"uv": [11.968, 0.8, 12.544, 3.2], "texture": "#2"},
				"south": {"uv": [12.544, 0.8, 11.968, 3.2], "texture": "#2"},
				"up": {"uv": [12.544, 0.8, 11.968, 0], "texture": "#2"},
				"down": {"uv": [12.544, 4, 11.968, 3.2], "texture": "#2"}
			}
		},
		{
			"from": [9.05, 1.125, 6.825],
			"to": [9.68, 1.965, 7],
			"faces": {
				"north": {"uv": [0.608, 0.8, 1.184, 3.2], "texture": "#2"},
				"south": {"uv": [1.184, 0.8, 0.608, 3.2], "texture": "#2"},
				"up": {"uv": [1.184, 0.8, 0.608, 0], "texture": "#2"},
				"down": {"uv": [1.184, 4, 0.608, 3.2], "texture": "#2"}
			}
		},
		{
			"from": [8.42, 1.125, 6.825],
			"to": [9.05, 1.965, 7],
			"faces": {
				"north": {"uv": [10.752, 0.8, 11.328, 3.2], "texture": "#2"},
				"south": {"uv": [11.328, 0.8, 10.752, 3.2], "texture": "#2"},
				"up": {"uv": [11.328, 0.8, 10.752, 0], "texture": "#2"},
				"down": {"uv": [11.328, 4, 10.752, 3.2], "texture": "#2"}
			}
		},
		{
			"from": [7.79, 1.125, 6.825],
			"to": [8.42, 1.965, 7],
			"faces": {
				"north": {"uv": [11.968, 0.8, 12.544, 3.2], "texture": "#2"},
				"south": {"uv": [12.544, 0.8, 11.968, 3.2], "texture": "#2"},
				"up": {"uv": [12.544, 0.8, 11.968, 0], "texture": "#2"},
				"down": {"uv": [12.544, 4, 11.968, 3.2], "texture": "#2"}
			}
		},
		{
			"from": [7.58, 1.125, 6.825],
			"to": [7.79, 1.965, 7],
			"faces": {
				"north": {"uv": [15.616, 0.8, 15.808, 3.2], "texture": "#2"},
				"south": {"uv": [15.808, 0.8, 15.616, 3.2], "texture": "#2"},
				"up": {"uv": [15.808, 0.8, 15.616, 0], "texture": "#2"},
				"down": {"uv": [15.808, 4, 15.616, 3.2], "texture": "#2"}
			}
		},
		{
			"from": [6.95, 1.125, 6.825],
			"to": [7.58, 1.965, 7],
			"faces": {
				"north": {"uv": [4.256, 0.8, 4.832, 3.2], "texture": "#2"},
				"south": {"uv": [4.832, 0.8, 4.256, 3.2], "texture": "#2"},
				"up": {"uv": [4.832, 0.8, 4.256, 0], "texture": "#2"},
				"down": {"uv": [4.832, 4, 4.256, 3.2], "texture": "#2"}
			}
		},
		{
			"from": [6.32, 1.125, 6.825],
			"to": [6.95, 1.965, 7],
			"faces": {
				"north": {"uv": [0.608, 0.8, 1.184, 3.2], "texture": "#2"},
				"south": {"uv": [1.184, 0.8, 0.608, 3.2], "texture": "#2"},
				"up": {"uv": [1.184, 0.8, 0.608, 0], "texture": "#2"},
				"down": {"uv": [1.184, 4, 0.608, 3.2], "texture": "#2"}
			}
		},
		{
			"from": [5.69, 1.125, 6.825],
			"to": [6.32, 1.965, 7],
			"faces": {
				"north": {"uv": [7.712, 0.8, 8.288, 3.2], "texture": "#2"},
				"south": {"uv": [8.288, 0.8, 7.712, 3.2], "texture": "#2"},
				"up": {"uv": [8.288, 0.8, 7.712, 0], "texture": "#2"},
				"down": {"uv": [8.288, 4, 7.712, 3.2], "texture": "#2"}
			}
		},
		{
			"from": [5.06, 1.125, 6.825],
			"to": [5.69, 1.965, 7],
			"faces": {
				"north": {"uv": [3.04, 0.8, 3.616, 3.2], "texture": "#2"},
				"south": {"uv": [3.616, 0.8, 3.04, 3.2], "texture": "#2"},
				"up": {"uv": [3.616, 0.8, 3.04, 0], "texture": "#2"},
				"down": {"uv": [3.616, 4, 3.04, 3.2], "texture": "#2"}
			}
		},
		{
			"from": [4.955, 1.125, 6.825],
			"to": [5.06, 1.965, 7],
			"faces": {
				"north": {"uv": [5.088, 9, 5.184, 11.4], "texture": "#2"},
				"south": {"uv": [5.184, 9, 5.088, 11.4], "texture": "#2"},
				"west": {"uv": [5.184, 9, 5.44, 11.4], "texture": "#2"},
				"up": {"uv": [5.184, 9, 5.088, 8.2], "texture": "#2"},
				"down": {"uv": [5.184, 12.2, 5.088, 11.4], "texture": "#2"}
			}
		},
		{
			"name": "border",
			"from": [11.08, 2, 7.035],
			"to": [4.92, 1.09, 6.79],
			"faces": {
				"north": {"uv": [0, 12.3, 0.016, 12.35], "texture": "#2"},
				"east": {"uv": [0, 12.3, 0.016, 12.35], "texture": "#2"},
				"south": {"uv": [0, 12.3, 0.016, 12.35], "texture": "#2"},
				"west": {"uv": [0, 12.3, 0.016, 12.35], "texture": "#2"},
				"up": {"uv": [0, 12.3, 0.016, 12.35], "texture": "#2"},
				"down": {"uv": [0, 12.3, 0.016, 12.35], "texture": "#2"}
			}
		}
	],
	"display": {
		"thirdperson_righthand": {
			"rotation": [0, 180, 0],
			"translation": [0, 7.25, 0]
		},
		"firstperson_righthand": {
			"rotation": [0, 180, 0],
			"translation": [-1.5, 7.75, 0]
		},
		"ground": {
			"translation": [0, 4.75, 0]
		},
		"gui": {
			"rotation": [0, 180, 0],
			"translation": [0, 6, 0]
		},
		"head": {
			"translation": [0, 14.25, 0]
		},
		"fixed": {
			"translation": [0, 6, 0]
		}
	},
	"groups": [
		{
			"name": "start_game",
			"origin": [0, 0, 0],
			"color": 0,
			"nbt": "{}",
			"children": [
				{
					"name": "open_terminator",
					"origin": [0, 0, 0],
					"color": 0,
					"nbt": "{}",
					"children": [0]
				},
				{
					"name": "s",
					"origin": [0, 0, 0],
					"color": 0,
					"nbt": "{}",
					"children": [1]
				},
				{
					"name": "t",
					"origin": [0, 0, 0],
					"color": 0,
					"nbt": "{}",
					"children": [2]
				},
				{
					"name": "a",
					"origin": [0, 0, 0],
					"color": 0,
					"nbt": "{}",
					"children": [3]
				},
				{
					"name": "r",
					"origin": [0, 0, 0],
					"color": 0,
					"nbt": "{}",
					"children": [4]
				},
				{
					"name": "t",
					"origin": [0, 0, 0],
					"color": 0,
					"nbt": "{}",
					"children": [5]
				},
				{
					"name": "space",
					"origin": [0, 0, 0],
					"color": 0,
					"nbt": "{}",
					"children": [6]
				},
				{
					"name": "g",
					"origin": [0, 0, 0],
					"color": 0,
					"nbt": "{}",
					"children": [7]
				},
				{
					"name": "a",
					"origin": [0, 0, 0],
					"color": 0,
					"nbt": "{}",
					"children": [8]
				},
				{
					"name": "m",
					"origin": [0, 0, 0],
					"color": 0,
					"nbt": "{}",
					"children": [9]
				},
				{
					"name": "e",
					"origin": [0, 0, 0],
					"color": 0,
					"nbt": "{}",
					"children": [10]
				},
				{
					"name": "close_terminator",
					"origin": [0, 0, 0],
					"color": 0,
					"nbt": "{}",
					"children": [11]
				},
				12
			]
		}
	]
}