{
	"credit": "Made with Blockbench",
	"parent": "titles",
	"gui_light": "front",
	"textures": {
		"9": "item/tie/texture"
	},
	"elements": [
		{
			"from": [9.582, -0.735, 6.685],
			"to": [9.792, -0.035, 6.965],
			"faces": {
				"north": {"uv": [4.32, 1.1, 4.512, 3.1], "texture": "#9"},
				"south": {"uv": [4.512, 1.1, 4.32, 3.1], "texture": "#9"},
				"up": {"uv": [4.512, 1.1, 4.32, 0], "texture": "#9"},
				"down": {"uv": [4.512, 4.2, 4.32, 3.1], "texture": "#9"}
			}
		},
		{
			"from": [9.827, 0, 7],
			"to": [9.547, -0.77, 6.65],
			"faces": {
				"north": {"uv": [0, 13.3, 0.016, 13.35], "texture": "#9"},
				"east": {"uv": [0, 13.3, 0.016, 13.35], "texture": "#9"},
				"south": {"uv": [0, 13.3, 0.016, 13.35], "texture": "#9"},
				"west": {"uv": [0, 13.3, 0.016, 13.35], "texture": "#9"},
				"up": {"uv": [0, 13.3, 0.016, 13.35], "texture": "#9"},
				"down": {"uv": [0, 13.3, 0.016, 13.35], "texture": "#9"}
			}
		},
		{
			"from": [9.022, -0.735, 6.685],
			"to": [9.512, -0.035, 6.965],
			"faces": {
				"north": {"uv": [9.76, 1.1, 10.208, 3.1], "texture": "#9"},
				"south": {"uv": [10.208, 1.1, 9.76, 3.1], "texture": "#9"},
				"up": {"uv": [10.208, 1.1, 9.76, 0], "texture": "#9"},
				"down": {"uv": [10.208, 4.2, 9.76, 3.1], "texture": "#9"}
			}
		},
		{
			"from": [9.407, -0.77, 6.65],
			"to": [9.547, -0.21, 7],
			"faces": {
				"west": {"uv": [0, 13.3, 0.016, 13.35], "texture": "#9"},
				"up": {"uv": [0, 13.3, 0.016, 13.35], "texture": "#9"}
			}
		},
		{
			"from": [8.987, -0.77, 6.65],
			"to": [9.127, -0.21, 7],
			"faces": {
				"east": {"uv": [0, 13.3, 0.016, 13.35], "texture": "#9"},
				"up": {"uv": [0, 13.3, 0.016, 13.35], "texture": "#9"}
			}
		},
		{
			"from": [9.547, 0, 7],
			"to": [8.987, -0.77, 6.65],
			"faces": {
				"north": {"uv": [0.032, 14.4, 0.096, 13.85], "texture": "#9"},
				"east": {"uv": [0.032, 14.4, 0.048, 13.85], "texture": "#9"},
				"south": {"uv": [0.032, 14.4, 0.096, 13.85], "texture": "#9"},
				"west": {"uv": [0.032, 14.4, 0.048, 13.85], "texture": "#9"},
				"up": {"uv": [0.032, 14.4, 0.096, 14.35], "texture": "#9"},
				"down": {"uv": [0, 13.3, 0.016, 13.35], "texture": "#9"}
			}
		},
		{
			"from": [8.742, -0.385, 6.685],
			"to": [8.952, -0.035, 6.965],
			"faces": {
				"north": {"uv": [11.328, 5.4, 11.52, 6.4], "texture": "#9"},
				"south": {"uv": [11.52, 5.4, 11.328, 6.4], "texture": "#9"},
				"up": {"uv": [11.52, 5.4, 11.328, 4.3], "texture": "#9"},
				"down": {"uv": [11.52, 8.5, 11.328, 7.4], "texture": "#9"}
			}
		},
		{
			"from": [8.917, -0.42, 6.65],
			"to": [8.987, -0.28, 7],
			"faces": {
				"west": {"uv": [0, 13.3, 0.016, 13.35], "texture": "#9"},
				"up": {"uv": [0, 13.3, 0.016, 13.35], "texture": "#9"}
			}
		},
		{
			"from": [8.987, 0, 7],
			"to": [8.707, -0.42, 6.65],
			"faces": {
				"north": {"uv": [0.096, 13.6, 0.16, 13.9], "texture": "#9"},
				"east": {"uv": [0, 13.3, 0.016, 13.35], "texture": "#9"},
				"south": {"uv": [0.16, 13.6, 0.096, 13.9], "texture": "#9"},
				"west": {"uv": [0.032, 13.6, 0.016, 13.9], "texture": "#9"},
				"up": {"uv": [0.144, 13.3, 0.08, 13.35], "texture": "#9"},
				"down": {"uv": [0, 13.3, 0.016, 13.35], "texture": "#9"}
			}
		},
		{
			"from": [8.182, -0.735, 6.685],
			"to": [8.672, -0.035, 6.965],
			"faces": {
				"north": {"uv": [9.28, 1.1, 9.728, 3.1], "texture": "#9"},
				"south": {"uv": [9.728, 1.1, 9.28, 3.1], "texture": "#9"},
				"up": {"uv": [9.728, 1.1, 9.28, 0], "texture": "#9"},
				"down": {"uv": [9.728, 4.2, 9.28, 3.1], "texture": "#9"}
			}
		},
		{
			"from": [8.427, -0.56, 6.65],
			"to": [8.707, -0.49, 7],
			"faces": {
				"west": {"uv": [0, 13.3, 0.016, 13.35], "texture": "#9"},
				"up": {"uv": [0, 13.3, 0.016, 13.35], "texture": "#9"},
				"down": {"uv": [0, 13.3, 0.016, 13.35], "texture": "#9"}
			}
		},
		{
			"from": [8.147, -0.28, 6.65],
			"to": [8.427, -0.21, 7],
			"faces": {
				"east": {"uv": [0, 13.3, 0.016, 13.35], "texture": "#9"},
				"up": {"uv": [0, 13.3, 0.016, 13.35], "texture": "#9"},
				"down": {"uv": [0, 13.3, 0.016, 13.35], "texture": "#9"}
			}
		},
		{
			"from": [8.707, 0, 7],
			"to": [8.147, -0.77, 6.65],
			"faces": {
				"north": {"uv": [0, 13.85, 0.032, 14.4], "texture": "#9"},
				"east": {"uv": [0, 13.85, 0.016, 14.4], "texture": "#9"},
				"south": {"uv": [0.032, 13.85, 0, 14.4], "texture": "#9"},
				"west": {"uv": [0.016, 13.85, 0.032, 14.4], "texture": "#9"},
				"up": {"uv": [0, 13.3, 0.016, 13.35], "texture": "#9"},
				"down": {"uv": [0, 13.3, 0.016, 13.35], "texture": "#9"}
			}
		},
		{
			"from": [7.615, -0.735, 6.685],
			"to": [8.105, -0.035, 6.965],
			"faces": {
				"north": {"uv": [0.48, 1.1, 0.928, 3.1], "texture": "#9"},
				"south": {"uv": [0.928, 1.1, 0.48, 3.1], "texture": "#9"},
				"up": {"uv": [0.928, 1.1, 0.48, 0], "texture": "#9"},
				"down": {"uv": [0.928, 4.2, 0.48, 3.1], "texture": "#9"}
			}
		},
		{
			"from": [8.14, 0, 7],
			"to": [7.58, -0.77, 6.65],
			"faces": {
				"north": {"uv": [0, 13.3, 0.016, 13.35], "texture": "#9"},
				"east": {"uv": [0, 13.3, 0.016, 13.35], "texture": "#9"},
				"south": {"uv": [0, 13.3, 0.016, 13.35], "texture": "#9"},
				"west": {"uv": [0, 13.3, 0.016, 13.35], "texture": "#9"},
				"up": {"uv": [0, 13.3, 0.016, 13.35], "texture": "#9"},
				"down": {"uv": [0, 13.3, 0.016, 13.35], "texture": "#9"}
			}
		},
		{
			"from": [7.048, -0.735, 6.685],
			"to": [7.538, -0.035, 6.965],
			"faces": {
				"north": {"uv": [9.76, 1.1, 10.208, 3.1], "texture": "#9"},
				"south": {"uv": [10.208, 1.1, 9.76, 3.1], "texture": "#9"},
				"up": {"uv": [10.208, 1.1, 9.76, 0], "texture": "#9"},
				"down": {"uv": [10.208, 4.2, 9.76, 3.1], "texture": "#9"}
			}
		},
		{
			"from": [7.433, -0.77, 6.65],
			"to": [7.573, -0.21, 7],
			"faces": {
				"west": {"uv": [0, 13.3, 0.016, 13.35], "texture": "#9"},
				"up": {"uv": [0, 13.3, 0.016, 13.35], "texture": "#9"}
			}
		},
		{
			"from": [7.013, -0.77, 6.65],
			"to": [7.153, -0.21, 7],
			"faces": {
				"east": {"uv": [0, 13.3, 0.016, 13.35], "texture": "#9"},
				"up": {"uv": [0, 13.3, 0.016, 13.35], "texture": "#9"}
			}
		},
		{
			"from": [7.573, 0, 7],
			"to": [7.013, -0.77, 6.65],
			"faces": {
				"north": {"uv": [0.032, 14.4, 0.096, 13.85], "texture": "#9"},
				"east": {"uv": [0.032, 14.4, 0.048, 13.85], "texture": "#9"},
				"south": {"uv": [0.032, 14.4, 0.096, 13.85], "texture": "#9"},
				"west": {"uv": [0.032, 14.4, 0.048, 13.85], "texture": "#9"},
				"up": {"uv": [0.032, 14.4, 0.096, 14.35], "texture": "#9"},
				"down": {"uv": [0, 13.3, 0.016, 13.35], "texture": "#9"}
			}
		},
		{
			"from": [6.768, -0.735, 6.685],
			"to": [6.978, -0.035, 6.965],
			"faces": {
				"north": {"uv": [4.32, 1.1, 4.512, 3.1], "texture": "#9"},
				"south": {"uv": [4.512, 1.1, 4.32, 3.1], "texture": "#9"},
				"up": {"uv": [4.512, 1.1, 4.32, 0], "texture": "#9"},
				"down": {"uv": [4.512, 4.2, 4.32, 3.1], "texture": "#9"}
			}
		},
		{
			"from": [7.013, 0, 7],
			"to": [6.733, -0.77, 6.65],
			"faces": {
				"north": {"uv": [0, 13.3, 0.016, 13.35], "texture": "#9"},
				"east": {"uv": [0, 13.3, 0.016, 13.35], "texture": "#9"},
				"south": {"uv": [0, 13.3, 0.016, 13.35], "texture": "#9"},
				"west": {"uv": [0, 13.3, 0.016, 13.35], "texture": "#9"},
				"up": {"uv": [0, 13.3, 0.016, 13.35], "texture": "#9"},
				"down": {"uv": [0, 13.3, 0.016, 13.35], "texture": "#9"}
			}
		},
		{
			"from": [6.208, -0.735, 6.685],
			"to": [6.698, -0.035, 6.965],
			"faces": {
				"north": {"uv": [2.4, 1.1, 2.848, 3.1], "texture": "#9"},
				"south": {"uv": [2.848, 1.1, 2.4, 3.1], "texture": "#9"},
				"up": {"uv": [2.848, 1.1, 2.4, 0], "texture": "#9"},
				"down": {"uv": [2.848, 4.2, 2.4, 3.1], "texture": "#9"}
			}
		},
		{
			"from": [6.173, -0.28, 6.65],
			"to": [6.453, -0.21, 7],
			"faces": {
				"east": {"uv": [0, 13.3, 0.016, 13.35], "texture": "#9"},
				"up": {"uv": [0, 13.3, 0.016, 13.35], "texture": "#9"},
				"down": {"uv": [0, 13.3, 0.016, 13.35], "texture": "#9"}
			}
		},
		{
			"from": [6.173, -0.56, 6.65],
			"to": [6.453, -0.49, 7],
			"faces": {
				"east": {"uv": [0, 13.3, 0.016, 13.35], "texture": "#9"},
				"up": {"uv": [0, 13.3, 0.016, 13.35], "texture": "#9"},
				"down": {"uv": [0, 13.3, 0.016, 13.35], "texture": "#9"}
			}
		},
		{
			"from": [6.733, 0, 7],
			"to": [6.173, -0.77, 6.65],
			"faces": {
				"north": {"uv": [0.048, 13.3, 0.08, 13.85], "texture": "#9"},
				"east": {"uv": [0.064, 13.3, 0.048, 13.85], "texture": "#9"},
				"south": {"uv": [0.08, 13.3, 0.048, 13.85], "texture": "#9"},
				"west": {"uv": [0, 13.3, 0.016, 13.35], "texture": "#9"},
				"up": {"uv": [0, 13.3, 0.016, 13.35], "texture": "#9"},
				"down": {"uv": [0, 13.3, 0.016, 13.35], "texture": "#9"}
			}
		},
		{
			"from": [12.91, 0.1, 6.45],
			"to": [14.51, 2.1, 7.55],
			"faces": {
				"north": {"uv": [6.752, 1.1, 7.264, 3.1], "texture": "#9"},
				"south": {"uv": [7.264, 1.1, 6.752, 3.1], "texture": "#9"},
				"up": {"uv": [7.264, 1.1, 6.752, 0], "texture": "#9"},
				"down": {"uv": [7.264, 4.2, 6.752, 3.1], "texture": "#9"}
			}
		},
		{
			"from": [13.61, 1.8, 6.35],
			"to": [13.81, 2.2, 7.65],
			"faces": {
				"east": {"uv": [0, 13.3, 0.016, 13.35], "texture": "#9"},
				"west": {"uv": [0, 13.3, 0.016, 13.35], "texture": "#9"},
				"down": {"uv": [0, 13.3, 0.016, 13.35], "texture": "#9"}
			}
		},
		{
			"from": [13.61, 0, 6.35],
			"to": [13.81, 0.5, 7.65],
			"faces": {
				"east": {"uv": [0, 13.3, 0.016, 13.35], "texture": "#9"},
				"west": {"uv": [0, 13.3, 0.016, 13.35], "texture": "#9"},
				"up": {"uv": [0, 13.3, 0.016, 13.35], "texture": "#9"}
			}
		},
		{
			"from": [14.61, 2.2, 7.65],
			"to": [12.81, 0, 6.35],
			"faces": {
				"north": {"uv": [0.304, 14.4, 0.448, 13.3], "texture": "#9"},
				"east": {"uv": [0, 13.3, 0.016, 13.35], "texture": "#9"},
				"south": {"uv": [0.304, 14.4, 0.448, 13.3], "texture": "#9"},
				"west": {"uv": [0, 13.3, 0.016, 13.35], "texture": "#9"},
				"up": {"uv": [0.304, 13.3, 0.448, 13.35], "texture": "#9"},
				"down": {"uv": [0.304, 13.3, 0.448, 13.35], "texture": "#9"}
			}
		},
		{
			"from": [11.31, 0.1, 6.45],
			"to": [12.71, 2.1, 7.55],
			"faces": {
				"north": {"uv": [7.296, 1.1, 7.744, 3.1], "texture": "#9"},
				"south": {"uv": [7.744, 1.1, 7.296, 3.1], "texture": "#9"},
				"up": {"uv": [7.744, 1.1, 7.296, 0], "texture": "#9"},
				"down": {"uv": [7.744, 4.2, 7.296, 3.1], "texture": "#9"}
			}
		},
		{
			"from": [12.81, 2.2, 7.65],
			"to": [11.21, 0, 6.35],
			"faces": {
				"north": {"uv": [0, 13.3, 0.016, 13.35], "texture": "#9"},
				"east": {"uv": [0, 13.3, 0.016, 13.35], "texture": "#9"},
				"south": {"uv": [0, 13.3, 0.016, 13.35], "texture": "#9"},
				"west": {"uv": [0, 13.3, 0.016, 13.35], "texture": "#9"},
				"up": {"uv": [0, 13.3, 0.016, 13.35], "texture": "#9"},
				"down": {"uv": [0, 13.3, 0.016, 13.35], "texture": "#9"}
			}
		},
		{
			"from": [9.09, 0.1, 6.45],
			"to": [11.09, 2.1, 7.55],
			"faces": {
				"north": {"uv": [11.2, 1.1, 11.84, 3.1], "texture": "#9"},
				"east": {"uv": [0.032, 13.3, 0.048, 13.4], "texture": "#9"},
				"south": {"uv": [11.84, 1.1, 11.2, 3.1], "texture": "#9"},
				"west": {"uv": [0.032, 13.3, 0.048, 13.4], "texture": "#9"},
				"up": {"uv": [11.84, 1.1, 11.2, 0], "texture": "#9"},
				"down": {"uv": [11.84, 4.2, 11.2, 3.1], "texture": "#9"}
			}
		},
		{
			"from": [9.89, 1.5, 6.45],
			"to": [10.29, 1.5, 7.55],
			"faces": {
				"up": {"uv": [12, 1.1, 11.872, 0], "texture": "#9"}
			}
		},
		{
			"from": [9.79, 1.6, 6.35],
			"to": [10.39, 2.2, 7.65],
			"faces": {
				"east": {"uv": [0, 13.3, 0.016, 13.35], "texture": "#9"},
				"west": {"uv": [0, 13.3, 0.016, 13.35], "texture": "#9"},
				"down": {"uv": [0, 13.3, 0.016, 13.35], "texture": "#9"}
			}
		},
		{
			"from": [9.99, 0, 6.35],
			"to": [10.19, 0.6, 7.65],
			"faces": {
				"east": {"uv": [0, 13.3, 0.016, 13.35], "texture": "#9"},
				"west": {"uv": [0, 13.3, 0.016, 13.35], "texture": "#9"},
				"up": {"uv": [0, 13.3, 0.016, 13.35], "texture": "#9"}
			}
		},
		{
			"from": [10.99, 0, 6.35],
			"to": [11.19, 0.4, 7.65],
			"faces": {
				"west": {"uv": [0, 13.3, 0.016, 13.35], "texture": "#9"},
				"up": {"uv": [0, 13.3, 0.016, 13.35], "texture": "#9"}
			}
		},
		{
			"from": [8.99, 0, 6.35],
			"to": [9.19, 0.4, 7.65],
			"faces": {
				"east": {"uv": [0, 13.3, 0.016, 13.35], "texture": "#9"},
				"up": {"uv": [0, 13.3, 0.016, 13.35], "texture": "#9"}
			}
		},
		{
			"from": [11.19, 2.2, 7.65],
			"to": [8.99, 0, 6.35],
			"faces": {
				"north": {"uv": [0.448, 13.85, 0.624, 13.3], "texture": "#9"},
				"east": {"uv": [0.448, 13.85, 0.464, 13.3], "texture": "#9"},
				"south": {"uv": [0.448, 13.85, 0.624, 13.3], "texture": "#9"},
				"west": {"uv": [0.448, 13.85, 0.464, 13.3], "texture": "#9"},
				"up": {"uv": [0.448, 13.85, 0.624, 13.8], "texture": "#9"},
				"down": {"uv": [0.448, 13.35, 0.624, 13.3], "texture": "#9"}
			}
		},
		{
			"from": [8.29, 0.1, 6.45],
			"to": [8.89, 2.1, 7.55],
			"faces": {
				"north": {"uv": [4.32, 1.1, 4.512, 3.1], "texture": "#9"},
				"south": {"uv": [4.512, 1.1, 4.32, 3.1], "texture": "#9"},
				"up": {"uv": [4.512, 1.1, 4.32, 0], "texture": "#9"},
				"down": {"uv": [4.512, 4.2, 4.32, 3.1], "texture": "#9"}
			}
		},
		{
			"from": [8.99, 2.2, 7.65],
			"to": [8.19, 0, 6.35],
			"faces": {
				"north": {"uv": [0, 13.3, 0.016, 13.35], "texture": "#9"},
				"east": {"uv": [0, 13.3, 0.016, 13.35], "texture": "#9"},
				"south": {"uv": [0, 13.3, 0.016, 13.35], "texture": "#9"},
				"west": {"uv": [0, 13.3, 0.016, 13.35], "texture": "#9"},
				"up": {"uv": [0, 13.3, 0.016, 13.35], "texture": "#9"},
				"down": {"uv": [0, 13.3, 0.016, 13.35], "texture": "#9"}
			}
		},
		{
			"from": [6.49, 0.1, 6.45],
			"to": [8.09, 2.1, 7.55],
			"faces": {
				"north": {"uv": [6.752, 1.1, 7.264, 3.1], "texture": "#9"},
				"south": {"uv": [7.264, 1.1, 6.752, 3.1], "texture": "#9"},
				"up": {"uv": [7.264, 1.1, 6.752, 0], "texture": "#9"},
				"down": {"uv": [7.264, 4.2, 6.752, 3.1], "texture": "#9"}
			}
		},
		{
			"from": [7.19, 1.8, 6.35],
			"to": [7.39, 2.2, 7.65],
			"faces": {
				"east": {"uv": [0, 13.3, 0.016, 13.35], "texture": "#9"},
				"west": {"uv": [0, 13.3, 0.016, 13.35], "texture": "#9"},
				"down": {"uv": [0, 13.3, 0.016, 13.35], "texture": "#9"}
			}
		},
		{
			"from": [7.19, 0, 6.35],
			"to": [7.39, 0.5, 7.65],
			"faces": {
				"east": {"uv": [0, 13.3, 0.016, 13.35], "texture": "#9"},
				"west": {"uv": [0, 13.3, 0.016, 13.35], "texture": "#9"},
				"up": {"uv": [0, 13.3, 0.016, 13.35], "texture": "#9"}
			}
		},
		{
			"from": [8.19, 2.2, 7.65],
			"to": [6.39, 0, 6.35],
			"faces": {
				"north": {"uv": [0.304, 14.4, 0.448, 13.3], "texture": "#9"},
				"east": {"uv": [0, 13.3, 0.016, 13.35], "texture": "#9"},
				"south": {"uv": [0.304, 14.4, 0.448, 13.3], "texture": "#9"},
				"west": {"uv": [0, 13.3, 0.016, 13.35], "texture": "#9"},
				"up": {"uv": [0.304, 13.3, 0.448, 13.35], "texture": "#9"},
				"down": {"uv": [0.304, 13.3, 0.448, 13.35], "texture": "#9"}
			}
		},
		{
			"from": [4.69, 0.1, 6.45],
			"to": [6.29, 2.1, 7.55],
			"faces": {
				"north": {"uv": [6.752, 1.1, 7.264, 3.1], "texture": "#9"},
				"south": {"uv": [7.264, 1.1, 6.752, 3.1], "texture": "#9"},
				"up": {"uv": [7.264, 1.1, 6.752, 0], "texture": "#9"},
				"down": {"uv": [7.264, 4.2, 6.752, 3.1], "texture": "#9"}
			}
		},
		{
			"from": [5.39, 1.8, 6.35],
			"to": [5.59, 2.2, 7.65],
			"faces": {
				"east": {"uv": [0, 13.3, 0.016, 13.35], "texture": "#9"},
				"west": {"uv": [0, 13.3, 0.016, 13.35], "texture": "#9"},
				"down": {"uv": [0, 13.3, 0.016, 13.35], "texture": "#9"}
			}
		},
		{
			"from": [5.39, 0, 6.35],
			"to": [5.59, 0.5, 7.65],
			"faces": {
				"east": {"uv": [0, 13.3, 0.016, 13.35], "texture": "#9"},
				"west": {"uv": [0, 13.3, 0.016, 13.35], "texture": "#9"},
				"up": {"uv": [0, 13.3, 0.016, 13.35], "texture": "#9"}
			}
		},
		{
			"from": [6.39, 2.2, 7.65],
			"to": [4.59, 0, 6.35],
			"faces": {
				"north": {"uv": [0.304, 14.4, 0.448, 13.3], "texture": "#9"},
				"east": {"uv": [0, 13.3, 0.016, 13.35], "texture": "#9"},
				"south": {"uv": [0.304, 14.4, 0.448, 13.3], "texture": "#9"},
				"west": {"uv": [0, 13.3, 0.016, 13.35], "texture": "#9"},
				"up": {"uv": [0.304, 13.3, 0.448, 13.35], "texture": "#9"},
				"down": {"uv": [0.304, 13.3, 0.448, 13.35], "texture": "#9"}
			}
		},
		{
			"from": [3.09, 0.1, 6.45],
			"to": [4.49, 2.1, 7.55],
			"faces": {
				"north": {"uv": [2.4, 1.1, 2.848, 3.1], "texture": "#9"},
				"south": {"uv": [2.848, 1.1, 2.4, 3.1], "texture": "#9"},
				"up": {"uv": [2.848, 1.1, 2.4, 0], "texture": "#9"},
				"down": {"uv": [2.848, 4.2, 2.4, 3.1], "texture": "#9"}
			}
		},
		{
			"from": [2.99, 1.4, 6.35],
			"to": [3.79, 1.6, 7.65],
			"faces": {
				"east": {"uv": [0, 13.3, 0.016, 13.35], "texture": "#9"},
				"up": {"uv": [0, 13.3, 0.016, 13.35], "texture": "#9"},
				"down": {"uv": [0, 13.3, 0.016, 13.35], "texture": "#9"}
			}
		},
		{
			"from": [2.99, 0.6, 6.35],
			"to": [3.79, 0.8, 7.65],
			"faces": {
				"east": {"uv": [0, 13.3, 0.016, 13.35], "texture": "#9"},
				"up": {"uv": [0, 13.3, 0.016, 13.35], "texture": "#9"},
				"down": {"uv": [0, 13.3, 0.016, 13.35], "texture": "#9"}
			}
		},
		{
			"from": [4.59, 2.2, 7.65],
			"to": [2.99, 0, 6.35],
			"faces": {
				"north": {"uv": [0.048, 13.3, 0.08, 13.85], "texture": "#9"},
				"east": {"uv": [0.064, 13.3, 0.048, 13.85], "texture": "#9"},
				"south": {"uv": [0.08, 13.3, 0.048, 13.85], "texture": "#9"},
				"west": {"uv": [0, 13.3, 0.016, 13.35], "texture": "#9"},
				"up": {"uv": [0, 13.3, 0.016, 13.35], "texture": "#9"},
				"down": {"uv": [0, 13.3, 0.016, 13.35], "texture": "#9"}
			}
		},
		{
			"from": [1.49, 0.1, 6.45],
			"to": [2.89, 2.1, 7.55],
			"faces": {
				"north": {"uv": [8.8, 1.1, 9.248, 3.1], "texture": "#9"},
				"south": {"uv": [9.248, 1.1, 8.8, 3.1], "texture": "#9"},
				"up": {"uv": [9.248, 1.1, 8.8, 0], "texture": "#9"},
				"down": {"uv": [9.248, 4.2, 8.8, 3.1], "texture": "#9"}
			}
		},
		{
			"from": [2.99, 2.2, 7.65],
			"to": [1.39, 0, 6.35],
			"faces": {
				"north": {"uv": [0, 13.3, 0.016, 13.35], "texture": "#9"},
				"east": {"uv": [0, 13.3, 0.016, 13.35], "texture": "#9"},
				"south": {"uv": [0, 13.3, 0.016, 13.35], "texture": "#9"},
				"west": {"uv": [0, 13.3, 0.016, 13.35], "texture": "#9"},
				"up": {"uv": [0, 13.3, 0.016, 13.35], "texture": "#9"},
				"down": {"uv": [0, 13.3, 0.016, 13.35], "texture": "#9"}
			}
		}
	],
	"display": {
		"thirdperson_righthand": {
			"rotation": [0, 180, 0],
			"translation": [0, 7.25, 0]
		},
		"firstperson_righthand": {
			"rotation": [0, 180, 0],
			"translation": [-1.5, 7.75, 0]
		},
		"ground": {
			"translation": [0, 4.75, 0]
		},
		"gui": {
			"rotation": [0, 180, 0],
			"translation": [0, 6, 0]
		},
		"head": {
			"translation": [0, 14.25, 0]
		},
		"fixed": {
			"translation": [0, 6, 0]
		}
	},
	"groups": [
		{
			"name": "group",
			"origin": [8, 8, 8],
			"color": 0,
			"nbt": "{}",
			"children": [
				{
					"name": "it's_a_tie",
					"origin": [0, 0, 0],
					"color": 0,
					"nbt": "{}",
					"children": [
						{
							"name": "it's",
							"origin": [0, 0, 0],
							"color": 0,
							"nbt": "{}",
							"children": [
								{
									"name": "i",
									"origin": [0, 0, 0],
									"color": 0,
									"nbt": "{}",
									"children": [0, 1]
								},
								{
									"name": "t",
									"origin": [0, 0, 0],
									"color": 0,
									"nbt": "{}",
									"children": [2, 3, 4, 5]
								},
								{
									"name": "'",
									"origin": [0, 0, 0],
									"color": 0,
									"nbt": "{}",
									"children": [6, 7, 8]
								},
								{
									"name": "s",
									"origin": [0, 0, 0],
									"color": 0,
									"nbt": "{}",
									"children": [9, 10, 11, 12]
								}
							]
						},
						{
							"name": "a",
							"origin": [0, 0, 0],
							"color": 0,
							"nbt": "{}",
							"children": [
								{
									"name": "a",
									"origin": [0, 0, 0],
									"color": 0,
									"nbt": "{}",
									"children": [13, 14]
								}
							]
						},
						{
							"name": "tie",
							"origin": [0, 0, 0],
							"color": 0,
							"nbt": "{}",
							"children": [
								{
									"name": "t",
									"origin": [0, 0, 0],
									"color": 0,
									"nbt": "{}",
									"children": [15, 16, 17, 18]
								},
								{
									"name": "i",
									"origin": [0, 0, 0],
									"color": 0,
									"nbt": "{}",
									"children": [19, 20]
								},
								{
									"name": "e",
									"origin": [0, 0, 0],
									"color": 0,
									"nbt": "{}",
									"children": [21, 22, 23, 24]
								}
							]
						}
					]
				},
				{
					"name": "no_winner",
					"origin": [0, 0, 0],
					"color": 0,
					"nbt": "{}",
					"children": [
						{
							"name": "no",
							"origin": [0, 0, 0],
							"color": 0,
							"nbt": "{}",
							"children": [
								{
									"name": "n",
									"origin": [0, 0, 0],
									"color": 0,
									"nbt": "{}",
									"children": [25, 26, 27, 28]
								},
								{
									"name": "o",
									"origin": [0, 0, 0],
									"color": 0,
									"nbt": "{}",
									"children": [29, 30]
								}
							]
						},
						{
							"name": "winner",
							"origin": [0, 0, 0],
							"color": 0,
							"nbt": "{}",
							"children": [
								{
									"name": "w",
									"origin": [0, 0, 0],
									"color": 0,
									"nbt": "{}",
									"children": [31, 32, 33, 34, 35, 36, 37]
								},
								{
									"name": "i",
									"origin": [0, 0, 0],
									"color": 0,
									"nbt": "{}",
									"children": [38, 39]
								},
								{
									"name": "n",
									"origin": [0, 0, 0],
									"color": 0,
									"nbt": "{}",
									"children": [40, 41, 42, 43]
								},
								{
									"name": "n",
									"origin": [0, 0, 0],
									"color": 0,
									"nbt": "{}",
									"children": [44, 45, 46, 47]
								},
								{
									"name": "e",
									"origin": [0, 0, 0],
									"color": 0,
									"nbt": "{}",
									"children": [48, 49, 50, 51]
								},
								{
									"name": "r",
									"origin": [0, 0, 0],
									"color": 0,
									"nbt": "{}",
									"children": [52, 53]
								}
							]
						}
					]
				}
			]
		}
	]
}