{
	"credit": "Made with Blockbench",
	"texture_size": [32, 32],
	"textures": {
		"0": "item/trophy/texture",
		"particle": "item/trophy/texture"
	},
	"elements": [
		{
			"from": [5, 0, 5],
			"to": [11, 2, 11],
			"faces": {
				"north": {"uv": [9, 9, 12, 10], "texture": "#0"},
				"east": {"uv": [7, 10, 10, 11], "texture": "#0"},
				"south": {"uv": [10, 10, 13, 11], "texture": "#0"},
				"west": {"uv": [4, 11, 7, 12], "texture": "#0"},
				"up": {"uv": [7, 11, 4, 8], "texture": "#0"},
				"down": {"uv": [11, 4, 8, 7], "texture": "#0"}
			}
		},
		{
			"from": [7, 2, 7],
			"to": [9, 5, 9],
			"faces": {
				"north": {"uv": [11, 7, 12, 8.5], "texture": "#0"},
				"east": {"uv": [10, 11, 11, 12.5], "texture": "#0"},
				"south": {"uv": [11, 11, 12, 12.5], "texture": "#0"},
				"west": {"uv": [0, 12, 1, 13.5], "texture": "#0"},
				"up": {"uv": [9, 8, 8, 7], "texture": "#0"},
				"down": {"uv": [3.5, 12, 2.5, 13], "texture": "#0"}
			}
		},
		{
			"from": [6, 5, 6],
			"to": [10, 6, 10],
			"faces": {
				"north": {"uv": [11, 8.5, 13, 9], "texture": "#0"},
				"east": {"uv": [12, 3, 14, 3.5], "texture": "#0"},
				"south": {"uv": [3.5, 12, 5.5, 12.5], "texture": "#0"},
				"west": {"uv": [12, 3.5, 14, 4], "texture": "#0"},
				"up": {"uv": [9, 10, 7, 8], "texture": "#0"},
				"down": {"uv": [11, 7, 9, 9], "texture": "#0"}
			}
		},
		{
			"from": [4, 6, 4],
			"to": [12, 14, 12],
			"faces": {
				"north": {"uv": [0, 0, 4, 4], "texture": "#0"},
				"east": {"uv": [0, 4, 4, 8], "texture": "#0"},
				"south": {"uv": [4, 0, 8, 4], "texture": "#0"},
				"west": {"uv": [4, 4, 8, 8], "texture": "#0"},
				"up": {"uv": [4, 12, 0, 8], "texture": "#0"},
				"down": {"uv": [12, 0, 8, 4], "texture": "#0"}
			}
		},
		{
			"from": [12, 8, 7.5],
			"to": [14, 14, 8.5],
			"faces": {
				"north": {"uv": [11, 4, 12, 7], "texture": "#0"},
				"east": {"uv": [12, 0, 12.5, 3], "texture": "#0"},
				"south": {"uv": [7, 11, 8, 14], "texture": "#0"},
				"west": {"uv": [1, 12, 1.5, 15], "texture": "#0"},
				"up": {"uv": [13, 4.5, 12, 4], "texture": "#0"},
				"down": {"uv": [13, 4.5, 12, 5], "texture": "#0"}
			}
		},
		{
			"from": [2, 8, 7.5],
			"to": [4, 14, 8.5],
			"faces": {
				"north": {"uv": [8, 11, 9, 14], "texture": "#0"},
				"east": {"uv": [1.5, 12, 2, 15], "texture": "#0"},
				"south": {"uv": [9, 11, 10, 14], "texture": "#0"},
				"west": {"uv": [2, 12, 2.5, 15], "texture": "#0"},
				"up": {"uv": [13, 5.5, 12, 5], "texture": "#0"},
				"down": {"uv": [6.5, 12, 5.5, 12.5], "texture": "#0"}
			}
		}
	],
	"gui_light": "front",
	"display": {
		"thirdperson_righthand": {
			"rotation": [0, 180, 0],
			"translation": [0, 2.5, 0.75],
			"scale": [0.6, 0.6, 0.6]
		},
		"thirdperson_lefthand": {
			"rotation": [0, 180, 0],
			"translation": [0, 2.5, 0.75],
			"scale": [0.6, 0.6, 0.6]
		},
		"firstperson_righthand": {
			"rotation": [0, 180, 0],
			"translation": [0, 2.5, 0],
			"scale": [0.5, 0.5, 0.5]
		},
		"firstperson_lefthand": {
			"rotation": [0, 180, 0],
			"translation": [0, 2.5, 0],
			"scale": [0.5, 0.5, 0.5]
		},
		"ground": {
			"scale": [0.5, 0.5, 0.5]
		},
		"gui": {
			"rotation": [0, 180, 0],
			"translation": [0, 1, 0],
			"scale": [1, 1, 0]
		},
		"head": {
			"translation": [0, 14.25, 0]
		}
	},
	"groups": [
		{
			"name": "group",
			"origin": [8, 8, 8],
			"color": 0,
			"nbt": "{}",
			"children": [0, 1, 2, 3, 4, 5]
		}
	]
}