{
	"credit": "Made with Blockbench",
	"parent": "titles",
	"gui_light": "front",
	"textures": {
		"0": "item/titles/texture"
	},
	"elements": [
		{
			"from": [14.9, 0.1, 7.6],
			"to": [15.2, 2.5, 8.4],
			"faces": {
				"north": {"uv": [4.96, 9, 5.056, 11.4], "texture": "#0"},
				"east": {"uv": [4.704, 9, 4.96, 11.4], "texture": "#0"},
				"south": {"uv": [5.056, 9, 4.96, 11.4], "texture": "#0"},
				"up": {"uv": [5.056, 9, 4.96, 8.2], "texture": "#0"},
				"down": {"uv": [5.056, 12.2, 4.96, 11.4], "texture": "#0"}
			}
		},
		{
			"from": [13.1, 0.1, 7.6],
			"to": [14.9, 2.5, 8.4],
			"faces": {
				"north": {"uv": [11.968, 0.8, 12.544, 3.2], "texture": "#0"},
				"south": {"uv": [12.544, 0.8, 11.968, 3.2], "texture": "#0"},
				"up": {"uv": [12.544, 0.8, 11.968, 0], "texture": "#0"},
				"down": {"uv": [12.544, 4, 11.968, 3.2], "texture": "#0"}
			}
		},
		{
			"from": [11.3, 0.1, 7.6],
			"to": [13.1, 2.5, 8.4],
			"faces": {
				"north": {"uv": [12.576, 0.8, 13.152, 3.2], "texture": "#0"},
				"south": {"uv": [13.152, 0.8, 12.576, 3.2], "texture": "#0"},
				"up": {"uv": [13.152, 0.8, 12.576, 0], "texture": "#0"},
				"down": {"uv": [13.152, 4, 12.576, 3.2], "texture": "#0"}
			}
		},
		{
			"from": [9.5, 0.1, 7.6],
			"to": [11.3, 2.5, 8.4],
			"faces": {
				"north": {"uv": [11.968, 0.8, 12.544, 3.2], "texture": "#0"},
				"south": {"uv": [12.544, 0.8, 11.968, 3.2], "texture": "#0"},
				"up": {"uv": [12.544, 0.8, 11.968, 0], "texture": "#0"},
				"down": {"uv": [12.544, 4, 11.968, 3.2], "texture": "#0"}
			}
		},
		{
			"from": [7.7, 0.1, 7.6],
			"to": [9.5, 2.5, 8.4],
			"faces": {
				"north": {"uv": [8.928, 0.8, 9.504, 3.2], "texture": "#0"},
				"south": {"uv": [9.504, 0.8, 8.928, 3.2], "texture": "#0"},
				"up": {"uv": [9.504, 0.8, 8.928, 0], "texture": "#0"},
				"down": {"uv": [9.504, 4, 8.928, 3.2], "texture": "#0"}
			}
		},
		{
			"from": [5.9, 0.1, 7.6],
			"to": [7.7, 2.5, 8.4],
			"faces": {
				"north": {"uv": [10.752, 0.8, 11.328, 3.2], "texture": "#0"},
				"south": {"uv": [11.328, 0.8, 10.752, 3.2], "texture": "#0"},
				"up": {"uv": [11.328, 0.8, 10.752, 0], "texture": "#0"},
				"down": {"uv": [11.328, 4, 10.752, 3.2], "texture": "#0"}
			}
		},
		{
			"from": [4.7, 0.1, 7.6],
			"to": [5.9, 2.5, 8.4],
			"faces": {
				"north": {"uv": [5.472, 0.8, 5.856, 3.2], "texture": "#0"},
				"south": {"uv": [5.856, 0.8, 5.472, 3.2], "texture": "#0"},
				"up": {"uv": [5.856, 0.8, 5.472, 0], "texture": "#0"},
				"down": {"uv": [5.856, 4, 5.472, 3.2], "texture": "#0"}
			}
		},
		{
			"from": [2.9, 0.1, 7.6],
			"to": [4.7, 2.5, 8.4],
			"faces": {
				"north": {"uv": [0.608, 0.8, 1.184, 3.2], "texture": "#0"},
				"south": {"uv": [1.184, 0.8, 0.608, 3.2], "texture": "#0"},
				"up": {"uv": [1.184, 0.8, 0.608, 0], "texture": "#0"},
				"down": {"uv": [1.184, 4, 0.608, 3.2], "texture": "#0"}
			}
		},
		{
			"from": [1.1, 0.1, 7.6],
			"to": [2.9, 2.5, 8.4],
			"faces": {
				"north": {"uv": [7.104, 0.8, 7.68, 3.2], "texture": "#0"},
				"south": {"uv": [7.68, 0.8, 7.104, 3.2], "texture": "#0"},
				"up": {"uv": [7.68, 0.8, 7.104, 0], "texture": "#0"},
				"down": {"uv": [7.68, 4, 7.104, 3.2], "texture": "#0"}
			}
		},
		{
			"from": [0.8, 0.1, 7.6],
			"to": [1.1, 2.5, 8.4],
			"faces": {
				"north": {"uv": [5.088, 9, 5.184, 11.4], "texture": "#0"},
				"south": {"uv": [5.184, 9, 5.088, 11.4], "texture": "#0"},
				"west": {"uv": [5.184, 9, 5.44, 11.4], "texture": "#0"},
				"up": {"uv": [5.184, 9, 5.088, 8.2], "texture": "#0"},
				"down": {"uv": [5.184, 12.2, 5.088, 11.4], "texture": "#0"}
			}
		},
		{
			"name": "border",
			"from": [15.3, 2.6, 8.5],
			"to": [0.7, 0, 7.5],
			"faces": {
				"north": {"uv": [0, 12.3, 0.016, 12.35], "texture": "#0"},
				"east": {"uv": [0, 12.3, 0.016, 12.35], "texture": "#0"},
				"south": {"uv": [0, 12.3, 0.016, 12.35], "texture": "#0"},
				"west": {"uv": [0, 12.3, 0.016, 12.35], "texture": "#0"},
				"up": {"uv": [0, 12.3, 0.016, 12.35], "texture": "#0"},
				"down": {"uv": [0, 12.3, 0.016, 12.35], "texture": "#0"}
			}
		}
	],
	"display": {
		"thirdperson_righthand": {
			"rotation": [0, 180, 0],
			"translation": [0, 7.25, 0]
		},
		"firstperson_righthand": {
			"rotation": [0, 180, 0],
			"translation": [-1.5, 7.75, 0]
		},
		"ground": {
			"translation": [0, 4.75, 0]
		},
		"gui": {
			"rotation": [0, 180, 0],
			"translation": [0, 6, 0]
		},
		"head": {
			"translation": [0, 14.25, 0]
		},
		"fixed": {
			"translation": [0, 6, 0]
		}
	},
	"groups": [
		{
			"name": "tutorial",
			"origin": [0, 0, 0],
			"color": 0,
			"nbt": "{}",
			"children": [
				{
					"name": "open_terminator",
					"origin": [0, 0, 0],
					"color": 0,
					"nbt": "{}",
					"children": [0]
				},
				{
					"name": "t",
					"origin": [0, 0, 0],
					"color": 0,
					"nbt": "{}",
					"children": [1]
				},
				{
					"name": "u",
					"origin": [0, 0, 0],
					"color": 0,
					"nbt": "{}",
					"children": [2]
				},
				{
					"name": "t",
					"origin": [0, 0, 0],
					"color": 0,
					"nbt": "{}",
					"children": [3]
				},
				{
					"name": "o",
					"origin": [0, 0, 0],
					"color": 0,
					"nbt": "{}",
					"children": [4]
				},
				{
					"name": "r",
					"origin": [0, 0, 0],
					"color": 0,
					"nbt": "{}",
					"children": [5]
				},
				{
					"name": "i",
					"origin": [0, 0, 0],
					"color": 0,
					"nbt": "{}",
					"children": [6]
				},
				{
					"name": "a",
					"origin": [0, 0, 0],
					"color": 0,
					"nbt": "{}",
					"children": [7]
				},
				{
					"name": "l",
					"origin": [0, 0, 0],
					"color": 0,
					"nbt": "{}",
					"children": [8]
				},
				{
					"name": "close_terminator",
					"origin": [0, 0, 0],
					"color": 0,
					"nbt": "{}",
					"children": [9]
				},
				10
			]
		}
	]
}