{
	"credit": "Made with Blockbench",
	"parent": "smallinator",
	"gui_light": "front",
	"texture_size": [32, 32],
	"textures": {
		"1": "item/warning/texture",
		"particle": "texture"
	},
	"elements": [
		{
			"from": [5, 5, 4],
			"to": [10, 6, 12],
			"rotation": {"angle": -22.5, "axis": "x", "origin": [7.5, 4, 7]},
			"faces": {
				"north": {"uv": [3.5, 8, 6, 8.5], "texture": "#1"},
				"east": {"uv": [6.5, 5.5, 10.5, 6], "texture": "#1"},
				"south": {"uv": [3.5, 8.5, 6, 9], "texture": "#1"},
				"west": {"uv": [6, 6.5, 10, 7], "texture": "#1"},
				"up": {"uv": [2.5, 4, 0, 0], "texture": "#1"},
				"down": {"uv": [5, 0, 2.5, 4], "texture": "#1"}
			}
		},
		{
			"from": [10, 5, 4],
			"to": [10.5, 6, 12],
			"rotation": {"angle": -22.5, "axis": "x", "origin": [7.5, 4, 7]},
			"faces": {
				"north": {"uv": [10.5, 3.5, 11, 4], "texture": "#1"},
				"east": {"uv": [6.5, 6, 10.5, 6.5], "texture": "#1"},
				"south": {"uv": [4, 10.5, 4.5, 11], "texture": "#1"},
				"west": {"uv": [6, 7, 10, 7.5], "texture": "#1"},
				"up": {"uv": [6.5, 11.5, 6, 7.5], "texture": "#1"},
				"down": {"uv": [7, 7.5, 6.5, 11.5], "texture": "#1"}
			}
		},
		{
			"from": [4.5, 5, 12],
			"to": [10.5, 6, 12.5],
			"rotation": {"angle": -22.5, "axis": "x", "origin": [7.5, 4, 7]},
			"faces": {
				"north": {"uv": [7.5, 3.5, 10.5, 4], "texture": "#1"},
				"east": {"uv": [11, 1, 11.5, 1.5], "texture": "#1"},
				"south": {"uv": [8, 4, 11, 4.5], "texture": "#1"},
				"west": {"uv": [11.5, 3, 12, 3.5], "texture": "#1"},
				"up": {"uv": [11, 5, 8, 4.5], "texture": "#1"},
				"down": {"uv": [11, 5, 8, 5.5], "texture": "#1"}
			}
		},
		{
			"from": [4.5, 5, 3.5],
			"to": [10.5, 6, 4],
			"rotation": {"angle": -22.5, "axis": "x", "origin": [7.5, 4, 7]},
			"faces": {
				"north": {"uv": [8, 7.5, 11, 8], "texture": "#1"},
				"east": {"uv": [2.5, 12, 3, 12.5], "texture": "#1"},
				"south": {"uv": [8, 8, 11, 8.5], "texture": "#1"},
				"west": {"uv": [12, 3, 12.5, 3.5], "texture": "#1"},
				"up": {"uv": [11, 9, 8, 8.5], "texture": "#1"},
				"down": {"uv": [4.5, 9, 1.5, 9.5], "texture": "#1"}
			}
		},
		{
			"from": [4.5, 5, 4],
			"to": [5, 6, 12],
			"rotation": {"angle": -22.5, "axis": "x", "origin": [7.5, 4, 7]},
			"faces": {
				"north": {"uv": [12, 3.5, 12.5, 4], "texture": "#1"},
				"east": {"uv": [7.5, 1.5, 11.5, 2], "texture": "#1"},
				"south": {"uv": [4, 12, 4.5, 12.5], "texture": "#1"},
				"west": {"uv": [7.5, 2, 11.5, 2.5], "texture": "#1"},
				"up": {"uv": [7.5, 11.5, 7, 7.5], "texture": "#1"},
				"down": {"uv": [8, 7.5, 7.5, 11.5], "texture": "#1"}
			}
		},
		{
			"from": [6.25, 2.5, 4.25],
			"to": [8.75, 5, 14],
			"rotation": {"angle": 0, "axis": "y", "origin": [0, 3, 0]},
			"faces": {
				"north": {"uv": [6.5, 4, 8, 5.5], "texture": "#1"},
				"east": {"uv": [0, 4, 5, 5.5], "texture": "#1"},
				"south": {"uv": [4.5, 6.5, 6, 8], "texture": "#1"},
				"west": {"uv": [5, 0, 10, 1.5], "texture": "#1"},
				"up": {"uv": [6.5, 6.5, 5, 1.5], "texture": "#1"},
				"down": {"uv": [1.5, 5.5, 0, 10.5], "texture": "#1"}
			}
		},
		{
			"from": [6.75, 3, 14],
			"to": [8.25, 4.5, 15],
			"rotation": {"angle": 0, "axis": "y", "origin": [0, 3, 0]},
			"faces": {
				"north": {"uv": [4.5, 9, 5.5, 10], "texture": "#1"},
				"east": {"uv": [4.5, 5.5, 5, 6.5], "texture": "#1"},
				"south": {"uv": [8, 9, 9, 10], "texture": "#1"},
				"west": {"uv": [11.5, 1, 12, 2], "texture": "#1"},
				"up": {"uv": [11, 1.5, 10, 1], "texture": "#1"},
				"down": {"uv": [3, 11.5, 2, 12], "texture": "#1"}
			}
		},
		{
			"from": [6.5, 1.5, 0],
			"to": [8.5, 6.5, 2],
			"rotation": {"angle": 45, "axis": "x", "origin": [7.5, 0, 0]},
			"faces": {
				"north": {"uv": [1.5, 5.5, 2.5, 8], "texture": "#1"},
				"east": {"uv": [2.5, 5.5, 3.5, 8], "texture": "#1"},
				"south": {"uv": [3.5, 5.5, 4.5, 8], "texture": "#1"},
				"west": {"uv": [6.5, 1.5, 7.5, 4], "texture": "#1"},
				"up": {"uv": [10, 10, 9, 9], "texture": "#1"},
				"down": {"uv": [2.5, 9.5, 1.5, 10.5], "texture": "#1"}
			}
		},
		{
			"name": "lamp",
			"from": [6, 2.75, 11],
			"to": [6.25, 4.75, 13],
			"faces": {
				"north": {"uv": [11.5, 2, 12, 3], "texture": "#1"},
				"east": {"uv": [2.5, 9.5, 3.5, 10.5], "texture": "#1"},
				"south": {"uv": [3, 11.5, 3.5, 12.5], "texture": "#1"},
				"west": {"uv": [9.5, 2.5, 10.5, 3.5], "texture": "#1"},
				"up": {"uv": [4, 12.5, 3.5, 11.5], "texture": "#1"},
				"down": {"uv": [12, 5.5, 11.5, 6.5], "texture": "#1"}
			}
		},
		{
			"from": [8.75, 2.75, 11],
			"to": [9, 4.75, 13],
			"faces": {
				"north": {"uv": [6, 11.5, 6.5, 12.5], "texture": "#1"},
				"east": {"uv": [3.5, 9.5, 4.5, 10.5], "texture": "#1"},
				"south": {"uv": [6.5, 11.5, 7, 12.5], "texture": "#1"},
				"west": {"uv": [10, 0, 11, 1], "texture": "#1"},
				"up": {"uv": [7.5, 12.5, 7, 11.5], "texture": "#1"},
				"down": {"uv": [8, 11.5, 7.5, 12.5], "texture": "#1"}
			}
		},
		{
			"from": [9, 3, 11.25],
			"to": [10.75, 4.5, 12.75],
			"faces": {
				"north": {"uv": [4.5, 10, 5.5, 11], "texture": "#1"},
				"east": {"uv": [10, 6.5, 11, 7.5], "texture": "#1"},
				"south": {"uv": [8, 10, 9, 11], "texture": "#1"},
				"west": {"uv": [9, 10, 10, 11], "texture": "#1"},
				"up": {"uv": [11, 10, 10, 9], "texture": "#1"},
				"down": {"uv": [11, 10, 10, 11], "texture": "#1"}
			}
		},
		{
			"from": [4.25, 3, 11.25],
			"to": [6, 4.5, 12.75],
			"faces": {
				"north": {"uv": [0, 10.5, 1, 11.5], "texture": "#1"},
				"east": {"uv": [1, 10.5, 2, 11.5], "texture": "#1"},
				"south": {"uv": [2, 10.5, 3, 11.5], "texture": "#1"},
				"west": {"uv": [10.5, 2.5, 11.5, 3.5], "texture": "#1"},
				"up": {"uv": [4, 11.5, 3, 10.5], "texture": "#1"},
				"down": {"uv": [11.5, 5.5, 10.5, 6.5], "texture": "#1"}
			}
		},
		{
			"from": [6, 4.75, 13],
			"to": [4, 2.75, 11],
			"faces": {
				"north": {"uv": [11, 0, 12, 1], "texture": "#1"},
				"east": {"uv": [11, 3.5, 12, 4.5], "texture": "#1"},
				"south": {"uv": [4, 11, 5, 12], "texture": "#1"},
				"west": {"uv": [11, 4.5, 12, 5.5], "texture": "#1"},
				"up": {"uv": [6, 12, 5, 11], "texture": "#1"},
				"down": {"uv": [12, 6.5, 11, 7.5], "texture": "#1"}
			}
		},
		{
			"from": [11, 4.75, 13],
			"to": [9, 2.75, 11],
			"faces": {
				"north": {"uv": [11, 7.5, 12, 8.5], "texture": "#1"},
				"east": {"uv": [8, 11, 9, 12], "texture": "#1"},
				"south": {"uv": [11, 8.5, 12, 9.5], "texture": "#1"},
				"west": {"uv": [9, 11, 10, 12], "texture": "#1"},
				"up": {"uv": [12, 10.5, 11, 9.5], "texture": "#1"},
				"down": {"uv": [11, 11, 10, 12], "texture": "#1"}
			}
		},
		{
			"from": [7.25, -0.5, 4],
			"to": [7.75, 1.5, 8],
			"rotation": {"angle": -22.5, "axis": "x", "origin": [0, 0, 0]},
			"faces": {
				"north": {"uv": [11.5, 10.5, 12, 11.5], "texture": "#1"},
				"east": {"uv": [7.5, 2.5, 9.5, 3.5], "texture": "#1"},
				"south": {"uv": [11.5, 11.5, 12, 12.5], "texture": "#1"},
				"west": {"uv": [1.5, 8, 3.5, 9], "texture": "#1"},
				"up": {"uv": [6, 11, 5.5, 9], "texture": "#1"},
				"down": {"uv": [11.5, 10.5, 11, 12.5], "texture": "#1"}
			}
		},
		{
			"from": [7.25, 2.85058, 8.17599],
			"to": [7.75, 4.85058, 10.17599],
			"rotation": {"angle": -22.5, "axis": "x", "origin": [7.5, 4, 6]},
			"faces": {
				"north": {"uv": [12, 0, 12.5, 1], "texture": "#1"},
				"east": {"uv": [0, 11.5, 1, 12.5], "texture": "#1"},
				"south": {"uv": [12, 1, 12.5, 2], "texture": "#1"},
				"west": {"uv": [1, 11.5, 2, 12.5], "texture": "#1"},
				"up": {"uv": [2.5, 13, 2, 12], "texture": "#1"},
				"down": {"uv": [12.5, 2, 12, 3], "texture": "#1"}
			}
		}
	],
	"display": {
		"thirdperson_righthand": {
			"rotation": [0, 180, 0],
			"translation": [-0.5, 5.25, -0.5]
		},
		"thirdperson_lefthand": {
			"rotation": [0, 180, 0],
			"translation": [0.5, 5.25, -0.5]
		},
		"firstperson_righthand": {
			"rotation": [-6, -170, 0],
			"translation": [-0.5, 6, -0.5]
		},
		"firstperson_lefthand": {
			"rotation": [-6, -170, 0],
			"translation": [-0.5, 6, -0.5]
		},
		"ground": {
			"translation": [0, 2.75, 0]
		},
		"gui": {
			"rotation": [32, 121, 0],
			"translation": [-0.25, 3.5, 0],
			"scale": [1.2, 1.2, 1.2]
		},
		"head": {
			"rotation": [-63, 0, 0],
			"translation": [0.75, 2.5, -8.5]
		}
	},
	"groups": [
		{
			"name": "group",
			"origin": [8, 8, 8],
			"color": 0,
			"nbt": "{}",
			"children": [0, 1, 2, 3, 4, 5, 6, 7, 8, 9, 10, 11, 12, 13, 14, 15]
		}
	]
}