{
	"credit": "Made with Blockbench",
	"texture_size": [64, 64],
	"textures": {
		"1": "item/what/texture",
		"particle": "texture"
	},
	"elements": [
		{
			"from": [4, 0, 4],
			"to": [12, 2, 12],
			"faces": {
				"north": {"uv": [0, 5.75, 2, 6.25], "texture": "#1"},
				"east": {"uv": [6, 0, 8, 0.5], "texture": "#1"},
				"south": {"uv": [6, 0.5, 8, 1], "texture": "#1"},
				"west": {"uv": [6, 1, 8, 1.5], "texture": "#1"},
				"up": {"uv": [2, 2, 0, 0], "texture": "#1"},
				"down": {"uv": [2, 2, 0, 4], "texture": "#1"}
			}
		},
		{
			"from": [2.75, 2, 4],
			"to": [2.75, 9, 12],
			"rotation": {"angle": 22.5, "axis": "z", "origin": [4, 5.5, 8]},
			"faces": {
				"north": {"uv": [0, 0, 0, 1.75], "texture": "#1"},
				"east": {"uv": [2, 0, 4, 1.75], "texture": "#1"},
				"south": {"uv": [0, 0, 0, 1.75], "texture": "#1"},
				"west": {"uv": [2, 1.75, 4, 3.5], "texture": "#1"},
				"up": {"uv": [0, 2, 0, 0], "texture": "#1"},
				"down": {"uv": [0, 0, 0, 2], "texture": "#1"}
			}
		},
		{
			"from": [13.25, 2, 4],
			"to": [13.25, 9, 12],
			"rotation": {"angle": -22.5, "axis": "z", "origin": [12, 5.5, 8]},
			"faces": {
				"north": {"uv": [0, 0, 0, 1.75], "texture": "#1"},
				"east": {"uv": [2, 3.5, 4, 5.25], "texture": "#1"},
				"south": {"uv": [0, 0, 0, 1.75], "texture": "#1"},
				"west": {"uv": [0, 4, 2, 5.75], "texture": "#1"},
				"up": {"uv": [0, 2, 0, 0], "texture": "#1"},
				"down": {"uv": [0, 0, 0, 2], "texture": "#1"}
			}
		},
		{
			"from": [4, 2, 13.25],
			"to": [12, 9, 13.25],
			"rotation": {"angle": 22.5, "axis": "x", "origin": [8, 5.5, 12]},
			"faces": {
				"north": {"uv": [4, 0, 6, 1.75], "texture": "#1"},
				"east": {"uv": [0, 0, 0, 1.75], "texture": "#1"},
				"south": {"uv": [4, 1.75, 6, 3.5], "texture": "#1"},
				"west": {"uv": [0, 0, 0, 1.75], "texture": "#1"},
				"up": {"uv": [2, 0, 0, 0], "texture": "#1"},
				"down": {"uv": [2, 0, 0, 0], "texture": "#1"}
			}
		},
		{
			"from": [4, 2, 2.75],
			"to": [12, 9, 2.75],
			"rotation": {"angle": -22.5, "axis": "x", "origin": [8, 5.5, 4]},
			"faces": {
				"north": {"uv": [4, 3.5, 6, 5.25], "texture": "#1"},
				"east": {"uv": [0, 0, 0, 1.75], "texture": "#1"},
				"south": {"uv": [2, 5.25, 4, 7], "texture": "#1"},
				"west": {"uv": [0, 0, 0, 1.75], "texture": "#1"},
				"up": {"uv": [2, 0, 0, 0], "texture": "#1"},
				"down": {"uv": [2, 0, 0, 0], "texture": "#1"}
			}
		},
		{
			"from": [7, 3, 7],
			"to": [9, 5, 9],
			"faces": {
				"north": {"uv": [0, 8.25, 0.5, 8.75], "texture": "#1"},
				"east": {"uv": [0.5, 8.25, 1, 8.75], "texture": "#1"},
				"south": {"uv": [1, 8.25, 1.5, 8.75], "texture": "#1"},
				"west": {"uv": [8.25, 1.5, 8.75, 2], "texture": "#1"},
				"up": {"uv": [8.75, 2.5, 8.25, 2], "texture": "#1"},
				"down": {"uv": [2.75, 8.25, 2.25, 8.75], "texture": "#1"}
			}
		},
		{
			"from": [9.25, 5.25, 9.25],
			"to": [6.75, 2.75, 6.75],
			"faces": {
				"north": {"uv": [7, 5, 7.75, 5.75], "texture": "#1"},
				"east": {"uv": [6.25, 7, 7, 7.75], "texture": "#1"},
				"south": {"uv": [7, 7, 7.75, 7.75], "texture": "#1"},
				"west": {"uv": [3.5, 7.25, 4.25, 8], "texture": "#1"},
				"up": {"uv": [5, 8, 4.25, 7.25], "texture": "#1"},
				"down": {"uv": [5.75, 7.25, 5, 8], "texture": "#1"}
			}
		},
		{
			"from": [7, 6, 7],
			"to": [9, 10, 9],
			"faces": {
				"north": {"uv": [5.75, 7.25, 6.25, 8.25], "texture": "#1"},
				"east": {"uv": [3, 7.5, 3.5, 8.5], "texture": "#1"},
				"south": {"uv": [7.75, 5, 8.25, 6], "texture": "#1"},
				"west": {"uv": [7.75, 6, 8.25, 7], "texture": "#1"},
				"up": {"uv": [8.75, 3, 8.25, 2.5], "texture": "#1"},
				"down": {"uv": [8.75, 3, 8.25, 3.5], "texture": "#1"}
			}
		},
		{
			"from": [9.25, 10.25, 9.25],
			"to": [6.75, 5.75, 6.75],
			"faces": {
				"north": {"uv": [6, 1.5, 6.75, 2.75], "texture": "#1"},
				"east": {"uv": [6, 2.75, 6.75, 4], "texture": "#1"},
				"south": {"uv": [4, 6, 4.75, 7.25], "texture": "#1"},
				"west": {"uv": [6, 4, 6.75, 5.25], "texture": "#1"},
				"up": {"uv": [0.75, 8.25, 0, 7.5], "texture": "#1"},
				"down": {"uv": [1.5, 7.5, 0.75, 8.25], "texture": "#1"}
			}
		},
		{
			"from": [7, 10, 7],
			"to": [8, 11, 9],
			"faces": {
				"north": {"uv": [6.75, 5, 7, 5.25], "texture": "#1"},
				"east": {"uv": [3.5, 7, 4, 7.25], "texture": "#1"},
				"south": {"uv": [7.5, 5.75, 7.75, 6], "texture": "#1"},
				"west": {"uv": [7, 5.75, 7.5, 6], "texture": "#1"},
				"up": {"uv": [3, 8.75, 2.75, 8.25], "texture": "#1"},
				"down": {"uv": [8.5, 7, 8.25, 7.5], "texture": "#1"}
			}
		},
		{
			"from": [8.25, 11.25, 9.25],
			"to": [6.75, 9.75, 6.75],
			"faces": {
				"north": {"uv": [8.25, 3.5, 8.75, 4], "texture": "#1"},
				"east": {"uv": [7.5, 3.75, 8.25, 4.25], "texture": "#1"},
				"south": {"uv": [8.25, 5, 8.75, 5.5], "texture": "#1"},
				"west": {"uv": [8, 0, 8.75, 0.5], "texture": "#1"},
				"up": {"uv": [2, 7, 1.5, 6.25], "texture": "#1"},
				"down": {"uv": [8.5, 0.5, 8, 1.25], "texture": "#1"}
			}
		},
		{
			"from": [5, 10, 7],
			"to": [7, 14, 9],
			"faces": {
				"north": {"uv": [6.25, 7.75, 6.75, 8.75], "texture": "#1"},
				"east": {"uv": [6.75, 7.75, 7.25, 8.75], "texture": "#1"},
				"south": {"uv": [7.75, 7, 8.25, 8], "texture": "#1"},
				"west": {"uv": [7.25, 7.75, 7.75, 8.75], "texture": "#1"},
				"up": {"uv": [8.75, 6, 8.25, 5.5], "texture": "#1"},
				"down": {"uv": [6.25, 8.25, 5.75, 8.75], "texture": "#1"}
			}
		},
		{
			"from": [7.25, 14.25, 9.25],
			"to": [4.75, 9.75, 6.75],
			"faces": {
				"north": {"uv": [4.75, 6, 5.5, 7.25], "texture": "#1"},
				"east": {"uv": [5.5, 6, 6.25, 7.25], "texture": "#1"},
				"south": {"uv": [0, 6.25, 0.75, 7.5], "texture": "#1"},
				"west": {"uv": [0.75, 6.25, 1.5, 7.5], "texture": "#1"},
				"up": {"uv": [8.25, 2.25, 7.5, 1.5], "texture": "#1"},
				"down": {"uv": [3, 7.5, 2.25, 8.25], "texture": "#1"}
			}
		},
		{
			"from": [6, 14, 7],
			"to": [11, 15, 9],
			"faces": {
				"north": {"uv": [8, 1.25, 9.25, 1.5], "texture": "#1"},
				"east": {"uv": [7.5, 4.25, 8, 4.5], "texture": "#1"},
				"south": {"uv": [7.75, 8, 9, 8.25], "texture": "#1"},
				"west": {"uv": [8.25, 4, 8.75, 4.25], "texture": "#1"},
				"up": {"uv": [8, 5, 6.75, 4.5], "texture": "#1"},
				"down": {"uv": [3.5, 7, 2.25, 7.5], "texture": "#1"}
			}
		},
		{
			"from": [11.25, 15.25, 9.25],
			"to": [5.75, 13.75, 6.75],
			"faces": {
				"north": {"uv": [6.25, 6, 7.75, 6.5], "texture": "#1"},
				"east": {"uv": [1.5, 8, 2.25, 8.5], "texture": "#1"},
				"south": {"uv": [6.25, 6.5, 7.75, 7], "texture": "#1"},
				"west": {"uv": [3.5, 8, 4.25, 8.5], "texture": "#1"},
				"up": {"uv": [5.5, 6, 4, 5.25], "texture": "#1"},
				"down": {"uv": [7, 5.25, 5.5, 6], "texture": "#1"}
			}
		},
		{
			"from": [10, 11, 7],
			"to": [12, 14, 9],
			"faces": {
				"north": {"uv": [4.25, 8, 4.75, 8.75], "texture": "#1"},
				"east": {"uv": [8, 4.25, 8.5, 5], "texture": "#1"},
				"south": {"uv": [4.75, 8, 5.25, 8.75], "texture": "#1"},
				"west": {"uv": [5.25, 8, 5.75, 8.75], "texture": "#1"},
				"up": {"uv": [8.75, 6.5, 8.25, 6], "texture": "#1"},
				"down": {"uv": [8.75, 6.5, 8.25, 7], "texture": "#1"}
			}
		},
		{
			"from": [12.25, 14.25, 9.25],
			"to": [9.75, 10.75, 6.75],
			"faces": {
				"north": {"uv": [6.75, 1.5, 7.5, 2.5], "texture": "#1"},
				"east": {"uv": [6.75, 2.5, 7.5, 3.5], "texture": "#1"},
				"south": {"uv": [6.75, 3.5, 7.5, 4.5], "texture": "#1"},
				"west": {"uv": [1.5, 7, 2.25, 8], "texture": "#1"},
				"up": {"uv": [8.25, 3, 7.5, 2.25], "texture": "#1"},
				"down": {"uv": [8.25, 3, 7.5, 3.75], "texture": "#1"}
			}
		}
	],
	"display": {
		"gui": {
			"rotation": [0, 180, 0]
		}
	},
	"groups": [
		{
			"name": "group",
			"origin": [8, 8, 8],
			"color": 0,
			"nbt": "{}",
			"children": [0, 1, 2, 3, 4, 5, 6, 7, 8, 9, 10, 11, 12, 13, 14, 15, 16]
		}
	]
}