{
	"credit": "Made with Blockbench",
	"parent": "yes",
	"texture_size": [32, 32],
	"textures": {
		"6": "item/yes/texture",
		"particle": "block/texture"
	},
	"elements": [
		{
			"from": [4.5, 6, 0],
			"to": [10.5, 6.3, 0],
			"rotation": {"angle": 0, "axis": "z", "origin": [0, 3, 0]},
			"faces": {
				"north": {"uv": [10.944, 4.2, 10.976, 6.2], "rotation": 270, "texture": "#6"},
				"south": {"uv": [10.976, 4.2, 10.944, 6.2], "rotation": 90, "texture": "#6"}
			}
		},
		{
			"from": [4.5, 6.3, 0],
			"to": [10.5, 11.7, 0],
			"rotation": {"angle": 0, "axis": "z", "origin": [0, 3, 0]},
			"faces": {
				"north": {"uv": [3.648, 4.2, 4.224, 6.2], "rotation": 270, "texture": "#6"},
				"south": {"uv": [4.224, 4.2, 3.648, 6.2], "rotation": 90, "texture": "#6"}
			}
		},
		{
			"from": [4.5, 11.7, 0],
			"to": [10.5, 12, 0],
			"rotation": {"angle": 0, "axis": "z", "origin": [0, 3, 0]},
			"faces": {
				"north": {"uv": [11.008, 4.2, 11.04, 6.2], "rotation": 270, "texture": "#6"},
				"south": {"uv": [11.04, 4.2, 11.008, 6.2], "rotation": 90, "texture": "#6"}
			}
		},
		{
			"name": "border",
			"from": [10.8, 12.3, 0.3],
			"to": [4.2, 5.7, -0.3],
			"rotation": {"angle": 0, "axis": "z", "origin": [0, 3, 0]},
			"faces": {
				"north": {"uv": [0, 6.3, 0.016, 6.35], "rotation": 270, "texture": "#6"},
				"east": {"uv": [0, 6.3, 0.016, 6.35], "rotation": 90, "texture": "#6"},
				"south": {"uv": [0, 6.3, 0.016, 6.35], "rotation": 90, "texture": "#6"},
				"west": {"uv": [0, 6.3, 0.016, 6.35], "rotation": 90, "texture": "#6"},
				"up": {"uv": [0, 6.3, 0.016, 6.35], "rotation": 90, "texture": "#6"},
				"down": {"uv": [0, 6.3, 0.016, 6.35], "rotation": 90, "texture": "#6"}
			}
		}
	],
	"gui_light": "front",
	"display": {
		"thirdperson_righthand": {
			"translation": [0.5, 2.5, 8.25]
		},
		"thirdperson_lefthand": {
			"translation": [-0.5, 2.5, 8.25]
		},
		"firstperson_righthand": {
			"translation": [19, -5, 0],
			"scale": [2, 2, 2]
		},
		"firstperson_lefthand": {
			"translation": [17, -6, 0],
			"scale": [2, 2, 2]
		},
		"gui": {
			"rotation": [0, 180, 0],
			"translation": [-1.75, -2, 0],
			"scale": [2.5, 2.5, 2.5]
		}
	},
	"groups": [
		{
			"name": "<",
			"origin": [0, 0, 0],
			"color": 0,
			"nbt": "{}",
			"children": [
				{
					"name": "open_terminator",
					"origin": [0, 0, 0],
					"color": 0,
					"nbt": "{}",
					"children": [0]
				},
				{
					"name": "<",
					"origin": [0, 0, 0],
					"color": 0,
					"nbt": "{}",
					"children": [1]
				},
				{
					"name": "close_terminator",
					"origin": [0, 0, 0],
					"color": 0,
					"nbt": "{}",
					"children": [2]
				},
				3
			]
		}
	]
}