{
	"credit": "Made with Blockbench",
	"textures": {
		"1": "sg:doors/control",
		"2": "sg:doors/practice",
		"3": "block/iron_block",
		"particle": "sg:doors/control"
	},
	"elements": [
		{
			"from": [0, -16, 0],
			"to": [16, 32, 24],
			"faces": {
				"north": {"uv": [0, 0, 16, 16], "texture": "#3"},
				"east": {"uv": [0, 0, 8, 16], "texture": "#2"},
				"south": {"uv": [0, 0, 16, 16], "texture": "#3"},
				"west": {"uv": [8, 0, 16, 16], "texture": "#1"},
				"up": {"uv": [0, 0, 16, 16], "texture": "#3"},
				"down": {"uv": [0, 0, 16, 16], "texture": "#3"}
			}
		}
	]
}