{
	"textures": {
		"0": "minecraft:item/helewo"
	},
	"display": {
		"head": {
			"rotation": [0, 180, 0]
		}
	},
	"elements": [
		{
			"from": [6, -4, 6],
			"to": [10, 8, 10],
			"faces": {
				"north": {
					"uv": [5, 13, 6, 16],
					"texture": "#0"
				},
				"east": {
					"uv": [4, 13, 5, 16],
					"texture": "#0"
				},
				"south": {
					"uv": [7, 13, 8, 16],
					"texture": "#0"
				},
				"west": {
					"uv": [6, 13, 7, 16],
					"texture": "#0"
				},
				"up": {
					"uv": [6, 13, 5, 12],
					"texture": "#0"
				},
				"down": {
					"uv": [7, 12, 6, 13],
					"texture": "#0"
				}
			}
		},
		{
			"from": [5.75, -4.25, 5.75],
			"to": [10.25, 8.25, 10.25],
			"faces": {
				"north": {
					"uv": [1, 13, 2, 16],
					"texture": "#0"
				},
				"east": {
					"uv": [0, 13, 1, 16],
					"texture": "#0"
				},
				"south": {
					"uv": [3, 13, 4, 16],
					"texture": "#0"
				},
				"west": {
					"uv": [2, 13, 3, 16],
					"texture": "#0"
				},
				"up": {
					"uv": [2, 13, 1, 12],
					"texture": "#0"
				},
				"down": {
					"uv": [3, 12, 2, 13],
					"texture": "#0"
				}
			}
		}
	]
}