{
	"textures": {
		"0": "minecraft:item/helewo"
	},
	"display": {
		"head": {
			"rotation": [0, 180, 0]
		}
	},
	"elements": [
		{
			"from": [6, -3.33333, 5.33333],
			"to": [10, 8.66667, 9.33333],
			"faces": {
				"north": {
					"uv": [11, 5, 12, 8],
					"texture": "#0"
				},
				"east": {
					"uv": [10, 5, 11, 8],
					"texture": "#0"
				},
				"south": {
					"uv": [13, 5, 14, 8],
					"texture": "#0"
				},
				"west": {
					"uv": [12, 5, 13, 8],
					"texture": "#0"
				},
				"up": {
					"uv": [12, 5, 11, 4],
					"texture": "#0"
				},
				"down": {
					"uv": [13, 4, 12, 5],
					"texture": "#0"
				}
			}
		},
		{
			"from": [5.75, -3.58333, 5.08333],
			"to": [10.25, 8.91667, 9.58333],
			"faces": {
				"north": {
					"uv": [11, 9, 12, 12],
					"texture": "#0"
				},
				"east": {
					"uv": [10, 9, 11, 12],
					"texture": "#0"
				},
				"south": {
					"uv": [13, 9, 14, 12],
					"texture": "#0"
				},
				"west": {
					"uv": [12, 9, 13, 12],
					"texture": "#0"
				},
				"up": {
					"uv": [12, 9, 11, 8],
					"texture": "#0"
				},
				"down": {
					"uv": [13, 8, 12, 9],
					"texture": "#0"
				}
			}
		}
	]
}