{
	"textures": {
		"0": "minecraft:item/yadan"
	},
	"display": {
		"head": {
			"rotation": [0, 180, 0]
		}
	},
	"elements": [
		{
			"from": [0.82474, 19.62887, 5.7732],
			"to": [4.28866, 32, 10.2268],
			"faces": {
				"north": {
					"uv": [13, 13, 13.75, 16],
					"texture": "#0"
				},
				"east": {
					"uv": [12, 13, 13, 16],
					"texture": "#0"
				},
				"south": {
					"uv": [14.75, 13, 15.5, 16],
					"texture": "#0"
				},
				"west": {
					"uv": [13.75, 13, 14.75, 16],
					"texture": "#0"
				},
				"up": {
					"uv": [13.75, 13, 13, 12],
					"texture": "#0"
				},
				"down": {
					"uv": [14.5, 12, 13.75, 13],
					"texture": "#0"
				}
			}
		},
		{
			"from": [1.07216, 19.87629, 6.02062],
			"to": [4.04124, 31.75258, 9.97938],
			"faces": {
				"north": {
					"uv": [9, 13, 9.75, 16],
					"texture": "#0"
				},
				"east": {
					"uv": [8, 13, 9, 16],
					"texture": "#0"
				},
				"south": {
					"uv": [10.75, 13, 11.5, 16],
					"texture": "#0"
				},
				"west": {
					"uv": [9.75, 13, 10.75, 16],
					"texture": "#0"
				},
				"up": {
					"uv": [9.75, 13, 9, 12],
					"texture": "#0"
				},
				"down": {
					"uv": [10.5, 12, 9.75, 13],
					"texture": "#0"
				}
			}
		}
	]
}