{
	"textures": {
		"0": "minecraft:item/yadan"
	},
	"display": {
		"head": {
			"rotation": [0, 180, 0]
		}
	},
	"elements": [
		{
			"from": [11.95876, 19.87629, 6.02062],
			"to": [14.92784, 31.75258, 9.97938],
			"faces": {
				"north": {
					"uv": [11, 5, 11.75, 8],
					"texture": "#0"
				},
				"east": {
					"uv": [10, 5, 11, 8],
					"texture": "#0"
				},
				"south": {
					"uv": [12.75, 5, 13.5, 8],
					"texture": "#0"
				},
				"west": {
					"uv": [11.75, 5, 12.75, 8],
					"texture": "#0"
				},
				"up": {
					"uv": [11.75, 5, 11, 4],
					"texture": "#0"
				},
				"down": {
					"uv": [12.5, 4, 11.75, 5],
					"texture": "#0"
				}
			}
		},
		{
			"from": [11.71134, 19.62887, 5.7732],
			"to": [15.17526, 32, 10.2268],
			"faces": {
				"north": {
					"uv": [11, 9, 11.75, 12],
					"texture": "#0"
				},
				"east": {
					"uv": [10, 9, 11, 12],
					"texture": "#0"
				},
				"south": {
					"uv": [12.75, 9, 13.5, 12],
					"texture": "#0"
				},
				"west": {
					"uv": [11.75, 9, 12.75, 12],
					"texture": "#0"
				},
				"up": {
					"uv": [11.75, 9, 11, 8],
					"texture": "#0"
				},
				"down": {
					"uv": [12.5, 8, 11.75, 9],
					"texture": "#0"
				}
			}
		}
	]
}