{
	"credit": "Made with Blockbench",
	"texture_size": [64, 64],
	"textures": {
		"2": "minecraft:item/lobby/challenge_cup_silver",
		"particle": "minecraft:item/lobby/challenge_cup_silver"
	},
	"elements": [
		{
			"from": [4, 0, 4],
			"to": [12, 2, 12],
			"rotation": {"angle": 0, "axis": "y", "origin": [8, 0, 8]},
			"faces": {
				"north": {"uv": [2, 2, 4, 2.5], "texture": "#2"},
				"east": {"uv": [0, 2, 2, 2.5], "texture": "#2"},
				"south": {"uv": [6, 2, 8, 2.5], "texture": "#2"},
				"west": {"uv": [4, 2, 6, 2.5], "texture": "#2"},
				"up": {"uv": [4, 2, 2, 0], "texture": "#2"},
				"down": {"uv": [6, 0, 4, 2], "texture": "#2"}
			}
		},
		{
			"from": [5, 2, 5],
			"to": [11, 3, 11],
			"rotation": {"angle": 0, "axis": "y", "origin": [8, 0, 8]},
			"faces": {
				"north": {"uv": [1.5, 6.5, 3, 6.75], "texture": "#2"},
				"east": {"uv": [0, 6.5, 1.5, 6.75], "texture": "#2"},
				"south": {"uv": [4.5, 6.5, 6, 6.75], "texture": "#2"},
				"west": {"uv": [3, 6.5, 4.5, 6.75], "texture": "#2"},
				"up": {"uv": [3, 6.5, 1.5, 5], "texture": "#2"},
				"down": {"uv": [4.5, 5, 3, 6.5], "texture": "#2"}
			}
		},
		{
			"from": [7, 3, 7],
			"to": [9, 6, 9],
			"rotation": {"angle": 0, "axis": "y", "origin": [8, 0, 8]},
			"faces": {
				"north": {"uv": [11.5, 8, 12, 8.75], "texture": "#2"},
				"east": {"uv": [11, 8, 11.5, 8.75], "texture": "#2"},
				"south": {"uv": [12.5, 8, 13, 8.75], "texture": "#2"},
				"west": {"uv": [12, 8, 12.5, 8.75], "texture": "#2"},
				"up": {"uv": [12, 8, 11.5, 7.5], "texture": "#2"},
				"down": {"uv": [12.5, 7.5, 12, 8], "texture": "#2"}
			}
		},
		{
			"from": [6, 6, 6],
			"to": [10, 7, 10],
			"rotation": {"angle": 0, "axis": "y", "origin": [8, 0, 8]},
			"faces": {
				"north": {"uv": [10.5, 10.75, 11.5, 11], "texture": "#2"},
				"east": {"uv": [9.5, 10.75, 10.5, 11], "texture": "#2"},
				"south": {"uv": [12.5, 10.75, 13.5, 11], "texture": "#2"},
				"west": {"uv": [11.5, 10.75, 12.5, 11], "texture": "#2"},
				"up": {"uv": [11.5, 10.75, 10.5, 9.75], "texture": "#2"},
				"down": {"uv": [12.5, 9.75, 11.5, 10.75], "texture": "#2"}
			}
		},
		{
			"from": [5, 7, 5],
			"to": [11, 9, 11],
			"rotation": {"angle": 0, "axis": "y", "origin": [8, 0, 8]},
			"faces": {
				"north": {"uv": [1.5, 4.25, 3, 4.75], "texture": "#2"},
				"east": {"uv": [0, 4.25, 1.5, 4.75], "texture": "#2"},
				"south": {"uv": [4.5, 4.25, 6, 4.75], "texture": "#2"},
				"west": {"uv": [3, 4.25, 4.5, 4.75], "texture": "#2"},
				"up": {"uv": [3, 4.25, 1.5, 2.75], "texture": "#2"},
				"down": {"uv": [4.5, 2.75, 3, 4.25], "texture": "#2"}
			}
		},
		{
			"from": [5, 9, 11],
			"to": [12, 11, 12],
			"rotation": {"angle": 0, "axis": "y", "origin": [8, 0, 8]},
			"faces": {
				"north": {"uv": [11.25, 2.75, 13, 3.25], "texture": "#2"},
				"east": {"uv": [11, 2.75, 11.25, 3.25], "texture": "#2"},
				"south": {"uv": [13.25, 2.75, 15, 3.25], "texture": "#2"},
				"west": {"uv": [13, 2.75, 13.25, 3.25], "texture": "#2"},
				"up": {"uv": [13, 2.75, 11.25, 2.5], "texture": "#2"},
				"down": {"uv": [14.75, 2.5, 13, 2.75], "texture": "#2"}
			}
		},
		{
			"from": [11, 9, 4],
			"to": [12, 11, 11],
			"rotation": {"angle": 0, "axis": "y", "origin": [8, 0, 8]},
			"faces": {
				"north": {"uv": [1.75, 8.75, 2, 9.25], "texture": "#2"},
				"east": {"uv": [0, 8.75, 1.75, 9.25], "texture": "#2"},
				"south": {"uv": [3.75, 8.75, 4, 9.25], "texture": "#2"},
				"west": {"uv": [2, 8.75, 3.75, 9.25], "texture": "#2"},
				"up": {"uv": [2, 8.75, 1.75, 7], "texture": "#2"},
				"down": {"uv": [2.25, 7, 2, 8.75], "texture": "#2"}
			}
		},
		{
			"from": [4, 9, 4],
			"to": [11, 11, 5],
			"rotation": {"angle": 0, "axis": "y", "origin": [8, 0, 8]},
			"faces": {
				"north": {"uv": [11.25, 3.75, 13, 4.25], "texture": "#2"},
				"east": {"uv": [11, 3.75, 11.25, 4.25], "texture": "#2"},
				"south": {"uv": [13.25, 3.75, 15, 4.25], "texture": "#2"},
				"west": {"uv": [13, 3.75, 13.25, 4.25], "texture": "#2"},
				"up": {"uv": [13, 3.75, 11.25, 3.5], "texture": "#2"},
				"down": {"uv": [14.75, 3.5, 13, 3.75], "texture": "#2"}
			}
		},
		{
			"from": [4, 9, 5],
			"to": [5, 11, 12],
			"rotation": {"angle": 0, "axis": "y", "origin": [8, 0, 8]},
			"faces": {
				"north": {"uv": [10, 1.75, 10.25, 2.25], "texture": "#2"},
				"east": {"uv": [8.25, 1.75, 10, 2.25], "texture": "#2"},
				"south": {"uv": [12, 1.75, 12.25, 2.25], "texture": "#2"},
				"west": {"uv": [10.25, 1.75, 12, 2.25], "texture": "#2"},
				"up": {"uv": [10.25, 1.75, 10, 0], "texture": "#2"},
				"down": {"uv": [10.5, 0, 10.25, 1.75], "texture": "#2"}
			}
		},
		{
			"from": [4, 11, 3],
			"to": [12, 16, 4],
			"rotation": {"angle": 0, "axis": "y", "origin": [8, 0, 8]},
			"faces": {
				"north": {"uv": [0.25, 9.75, 2.25, 11], "texture": "#2"},
				"east": {"uv": [0, 9.75, 0.25, 11], "texture": "#2"},
				"south": {"uv": [2.5, 9.75, 4.5, 11], "texture": "#2"},
				"west": {"uv": [2.25, 9.75, 2.5, 11], "texture": "#2"},
				"up": {"uv": [2.25, 9.75, 0.25, 9.5], "texture": "#2"},
				"down": {"uv": [4.25, 9.5, 2.25, 9.75], "texture": "#2"}
			}
		},
		{
			"from": [3, 11, 4],
			"to": [4, 16, 12],
			"rotation": {"angle": 0, "axis": "y", "origin": [8, 0, 8]},
			"faces": {
				"north": {"uv": [8.25, 4.75, 8.5, 6], "texture": "#2"},
				"east": {"uv": [6.25, 4.75, 8.25, 6], "texture": "#2"},
				"south": {"uv": [10.5, 4.75, 10.75, 6], "texture": "#2"},
				"west": {"uv": [8.5, 4.75, 10.5, 6], "texture": "#2"},
				"up": {"uv": [8.5, 4.75, 8.25, 2.75], "texture": "#2"},
				"down": {"uv": [8.75, 2.75, 8.5, 4.75], "texture": "#2"}
			}
		},
		{
			"from": [4, 11, 12],
			"to": [12, 16, 13],
			"rotation": {"angle": 0, "axis": "y", "origin": [8, 0, 8]},
			"faces": {
				"north": {"uv": [5, 10, 7, 11.25], "texture": "#2"},
				"east": {"uv": [4.75, 10, 5, 11.25], "texture": "#2"},
				"south": {"uv": [7.25, 10, 9.25, 11.25], "texture": "#2"},
				"west": {"uv": [7, 10, 7.25, 11.25], "texture": "#2"},
				"up": {"uv": [7, 10, 5, 9.75], "texture": "#2"},
				"down": {"uv": [9, 9.75, 7, 10], "texture": "#2"}
			}
		},
		{
			"from": [12, 11, 4],
			"to": [13, 16, 12],
			"rotation": {"angle": 0, "axis": "y", "origin": [8, 0, 8]},
			"faces": {
				"north": {"uv": [8.25, 8.25, 8.5, 9.5], "texture": "#2"},
				"east": {"uv": [6.25, 8.25, 8.25, 9.5], "texture": "#2"},
				"south": {"uv": [10.5, 8.25, 10.75, 9.5], "texture": "#2"},
				"west": {"uv": [8.5, 8.25, 10.5, 9.5], "texture": "#2"},
				"up": {"uv": [8.5, 8.25, 8.25, 6.25], "texture": "#2"},
				"down": {"uv": [8.75, 6.25, 8.5, 8.25], "texture": "#2"}
			}
		},
		{
			"from": [2, 15, 7.5],
			"to": [3, 16, 8.5],
			"rotation": {"angle": 0, "axis": "y", "origin": [8, 0, 8]},
			"faces": {
				"north": {"uv": [4.5, 7.25, 4.75, 7.5], "texture": "#2"},
				"east": {"uv": [4.25, 7.25, 4.5, 7.5], "texture": "#2"},
				"south": {"uv": [5, 7.25, 5.25, 7.5], "texture": "#2"},
				"west": {"uv": [4.75, 7.25, 5, 7.5], "texture": "#2"},
				"up": {"uv": [4.75, 7.25, 4.5, 7], "texture": "#2"},
				"down": {"uv": [5, 7, 4.75, 7.25], "texture": "#2"}
			}
		},
		{
			"from": [1, 15, 7.5],
			"to": [2, 16, 8.5],
			"rotation": {"angle": 0, "axis": "y", "origin": [8, 0, 8]},
			"faces": {
				"north": {"uv": [4.5, 8, 4.75, 8.25], "texture": "#2"},
				"east": {"uv": [4.25, 8, 4.5, 8.25], "texture": "#2"},
				"south": {"uv": [5, 8, 5.25, 8.25], "texture": "#2"},
				"west": {"uv": [4.75, 8, 5, 8.25], "texture": "#2"},
				"up": {"uv": [4.75, 8, 4.5, 7.75], "texture": "#2"},
				"down": {"uv": [5, 7.75, 4.75, 8], "texture": "#2"}
			}
		},
		{
			"from": [0, 14, 7.5],
			"to": [1, 15, 8.5],
			"rotation": {"angle": 0, "axis": "y", "origin": [8, 0, 8]},
			"faces": {
				"north": {"uv": [4.5, 8.75, 4.75, 9], "texture": "#2"},
				"east": {"uv": [4.25, 8.75, 4.5, 9], "texture": "#2"},
				"south": {"uv": [5, 8.75, 5.25, 9], "texture": "#2"},
				"west": {"uv": [4.75, 8.75, 5, 9], "texture": "#2"},
				"up": {"uv": [4.75, 8.75, 4.5, 8.5], "texture": "#2"},
				"down": {"uv": [5, 8.5, 4.75, 8.75], "texture": "#2"}
			}
		},
		{
			"from": [0, 13, 7.5],
			"to": [1, 14, 8.5],
			"rotation": {"angle": 0, "axis": "y", "origin": [8, 0, 8]},
			"faces": {
				"north": {"uv": [11.25, 9.25, 11.5, 9.5], "texture": "#2"},
				"east": {"uv": [11, 9.25, 11.25, 9.5], "texture": "#2"},
				"south": {"uv": [11.75, 9.25, 12, 9.5], "texture": "#2"},
				"west": {"uv": [11.5, 9.25, 11.75, 9.5], "texture": "#2"},
				"up": {"uv": [11.5, 9.25, 11.25, 9], "texture": "#2"},
				"down": {"uv": [11.75, 9, 11.5, 9.25], "texture": "#2"}
			}
		},
		{
			"from": [0, 12, 7.5],
			"to": [1, 13, 8.5],
			"rotation": {"angle": 0, "axis": "y", "origin": [8, 0, 8]},
			"faces": {
				"north": {"uv": [2.5, 11.5, 2.75, 11.75], "texture": "#2"},
				"east": {"uv": [2.25, 11.5, 2.5, 11.75], "texture": "#2"},
				"south": {"uv": [3, 11.5, 3.25, 11.75], "texture": "#2"},
				"west": {"uv": [2.75, 11.5, 3, 11.75], "texture": "#2"},
				"up": {"uv": [2.75, 11.5, 2.5, 11.25], "texture": "#2"},
				"down": {"uv": [3, 11.25, 2.75, 11.5], "texture": "#2"}
			}
		},
		{
			"from": [1, 11, 7.5],
			"to": [2, 12, 8.5],
			"rotation": {"angle": 0, "axis": "y", "origin": [8, 0, 8]},
			"faces": {
				"north": {"uv": [3.75, 11.5, 4, 11.75], "texture": "#2"},
				"east": {"uv": [3.5, 11.5, 3.75, 11.75], "texture": "#2"},
				"south": {"uv": [4.25, 11.5, 4.5, 11.75], "texture": "#2"},
				"west": {"uv": [4, 11.5, 4.25, 11.75], "texture": "#2"},
				"up": {"uv": [4, 11.5, 3.75, 11.25], "texture": "#2"},
				"down": {"uv": [4.25, 11.25, 4, 11.5], "texture": "#2"}
			}
		},
		{
			"from": [2, 10, 7.5],
			"to": [3, 11, 8.5],
			"rotation": {"angle": 0, "axis": "y", "origin": [8, 0, 8]},
			"faces": {
				"north": {"uv": [9.75, 11.5, 10, 11.75], "texture": "#2"},
				"east": {"uv": [9.5, 11.5, 9.75, 11.75], "texture": "#2"},
				"south": {"uv": [10.25, 11.5, 10.5, 11.75], "texture": "#2"},
				"west": {"uv": [10, 11.5, 10.25, 11.75], "texture": "#2"},
				"up": {"uv": [10, 11.5, 9.75, 11.25], "texture": "#2"},
				"down": {"uv": [10.25, 11.25, 10, 11.5], "texture": "#2"}
			}
		},
		{
			"from": [3, 10, 7.5],
			"to": [4, 11, 8.5],
			"rotation": {"angle": 0, "axis": "y", "origin": [8, 0, 8]},
			"faces": {
				"north": {"uv": [11, 11.5, 11.25, 11.75], "texture": "#2"},
				"east": {"uv": [10.75, 11.5, 11, 11.75], "texture": "#2"},
				"south": {"uv": [11.5, 11.5, 11.75, 11.75], "texture": "#2"},
				"west": {"uv": [11.25, 11.5, 11.5, 11.75], "texture": "#2"},
				"up": {"uv": [11.25, 11.5, 11, 11.25], "texture": "#2"},
				"down": {"uv": [11.5, 11.25, 11.25, 11.5], "texture": "#2"}
			}
		},
		{
			"from": [13, 15, 7.5],
			"to": [14, 16, 8.5],
			"rotation": {"angle": 0, "axis": "y", "origin": [8, 0, 8]},
			"faces": {
				"north": {"uv": [5, 11.75, 5.25, 12], "texture": "#2"},
				"east": {"uv": [4.75, 11.75, 5, 12], "texture": "#2"},
				"south": {"uv": [5.5, 11.75, 5.75, 12], "texture": "#2"},
				"west": {"uv": [5.25, 11.75, 5.5, 12], "texture": "#2"},
				"up": {"uv": [5.25, 11.75, 5, 11.5], "texture": "#2"},
				"down": {"uv": [5.5, 11.5, 5.25, 11.75], "texture": "#2"}
			}
		},
		{
			"from": [14, 15, 7.5],
			"to": [15, 16, 8.5],
			"rotation": {"angle": 0, "axis": "y", "origin": [8, 0, 8]},
			"faces": {
				"north": {"uv": [6.25, 11.75, 6.5, 12], "texture": "#2"},
				"east": {"uv": [6, 11.75, 6.25, 12], "texture": "#2"},
				"south": {"uv": [6.75, 11.75, 7, 12], "texture": "#2"},
				"west": {"uv": [6.5, 11.75, 6.75, 12], "texture": "#2"},
				"up": {"uv": [6.5, 11.75, 6.25, 11.5], "texture": "#2"},
				"down": {"uv": [6.75, 11.5, 6.5, 11.75], "texture": "#2"}
			}
		},
		{
			"from": [15, 14, 7.5],
			"to": [16, 15, 8.5],
			"rotation": {"angle": 0, "axis": "y", "origin": [8, 0, 8]},
			"faces": {
				"north": {"uv": [7.5, 11.75, 7.75, 12], "texture": "#2"},
				"east": {"uv": [7.25, 11.75, 7.5, 12], "texture": "#2"},
				"south": {"uv": [8, 11.75, 8.25, 12], "texture": "#2"},
				"west": {"uv": [7.75, 11.75, 8, 12], "texture": "#2"},
				"up": {"uv": [7.75, 11.75, 7.5, 11.5], "texture": "#2"},
				"down": {"uv": [8, 11.5, 7.75, 11.75], "texture": "#2"}
			}
		},
		{
			"from": [15, 13, 7.5],
			"to": [16, 14, 8.5],
			"rotation": {"angle": 0, "axis": "y", "origin": [8, 0, 8]},
			"faces": {
				"north": {"uv": [2.5, 12.25, 2.75, 12.5], "texture": "#2"},
				"east": {"uv": [2.25, 12.25, 2.5, 12.5], "texture": "#2"},
				"south": {"uv": [3, 12.25, 3.25, 12.5], "texture": "#2"},
				"west": {"uv": [2.75, 12.25, 3, 12.5], "texture": "#2"},
				"up": {"uv": [2.75, 12.25, 2.5, 12], "texture": "#2"},
				"down": {"uv": [3, 12, 2.75, 12.25], "texture": "#2"}
			}
		},
		{
			"from": [15, 12, 7.5],
			"to": [16, 13, 8.5],
			"rotation": {"angle": 0, "axis": "y", "origin": [8, 0, 8]},
			"faces": {
				"north": {"uv": [3.75, 12.25, 4, 12.5], "texture": "#2"},
				"east": {"uv": [3.5, 12.25, 3.75, 12.5], "texture": "#2"},
				"south": {"uv": [4.25, 12.25, 4.5, 12.5], "texture": "#2"},
				"west": {"uv": [4, 12.25, 4.25, 12.5], "texture": "#2"},
				"up": {"uv": [4, 12.25, 3.75, 12], "texture": "#2"},
				"down": {"uv": [4.25, 12, 4, 12.25], "texture": "#2"}
			}
		},
		{
			"from": [14, 11, 7.5],
			"to": [15, 12, 8.5],
			"rotation": {"angle": 0, "axis": "y", "origin": [8, 0, 8]},
			"faces": {
				"north": {"uv": [8.75, 12.25, 9, 12.5], "texture": "#2"},
				"east": {"uv": [8.5, 12.25, 8.75, 12.5], "texture": "#2"},
				"south": {"uv": [9.25, 12.25, 9.5, 12.5], "texture": "#2"},
				"west": {"uv": [9, 12.25, 9.25, 12.5], "texture": "#2"},
				"up": {"uv": [9, 12.25, 8.75, 12], "texture": "#2"},
				"down": {"uv": [9.25, 12, 9, 12.25], "texture": "#2"}
			}
		},
		{
			"from": [13, 10, 7.5],
			"to": [14, 11, 8.5],
			"rotation": {"angle": 0, "axis": "y", "origin": [8, 0, 8]},
			"faces": {
				"north": {"uv": [10, 12.25, 10.25, 12.5], "texture": "#2"},
				"east": {"uv": [9.75, 12.25, 10, 12.5], "texture": "#2"},
				"south": {"uv": [10.5, 12.25, 10.75, 12.5], "texture": "#2"},
				"west": {"uv": [10.25, 12.25, 10.5, 12.5], "texture": "#2"},
				"up": {"uv": [10.25, 12.25, 10, 12], "texture": "#2"},
				"down": {"uv": [10.5, 12, 10.25, 12.25], "texture": "#2"}
			}
		},
		{
			"from": [12, 10, 7.5],
			"to": [13, 11, 8.5],
			"rotation": {"angle": 0, "axis": "y", "origin": [8, 0, 8]},
			"faces": {
				"north": {"uv": [11.25, 12.25, 11.5, 12.5], "texture": "#2"},
				"east": {"uv": [11, 12.25, 11.25, 12.5], "texture": "#2"},
				"south": {"uv": [11.75, 12.25, 12, 12.5], "texture": "#2"},
				"west": {"uv": [11.5, 12.25, 11.75, 12.5], "texture": "#2"},
				"up": {"uv": [11.5, 12.25, 11.25, 12], "texture": "#2"},
				"down": {"uv": [11.75, 12, 11.5, 12.25], "texture": "#2"}
			}
		},
		{
			"from": [0, 2.3, 8],
			"to": [4, 13.3, 8],
			"rotation": {"angle": 0, "axis": "y", "origin": [8, 0, 8]},
			"faces": {
				"north": {"uv": [13.75, 11.5, 15.25, 15.75], "texture": "#2"},
				"east": {"uv": [13.75, 13, 13.75, 15.75], "texture": "#2"},
				"south": {"uv": [15.25, 11.5, 13.75, 15.75], "texture": "#2"},
				"west": {"uv": [14.75, 13, 14.75, 15.75], "texture": "#2"},
				"up": {"uv": [14.75, 13, 13.75, 13], "texture": "#2"},
				"down": {"uv": [15.75, 13, 14.75, 13], "texture": "#2"}
			}
		},
		{
			"from": [12, 2.3, 8],
			"to": [16, 13.3, 8],
			"rotation": {"angle": 0, "axis": "y", "origin": [8, 0, 8]},
			"faces": {
				"north": {"uv": [15.25, 11.5, 13.75, 15.75], "texture": "#2"},
				"east": {"uv": [0, 11.25, 0, 14], "texture": "#2"},
				"south": {"uv": [13.75, 11.5, 15.25, 15.75], "texture": "#2"},
				"west": {"uv": [1, 11.25, 1, 14], "texture": "#2"},
				"up": {"uv": [1, 11.25, 0, 11.25], "texture": "#2"},
				"down": {"uv": [2, 11.25, 1, 11.25], "texture": "#2"}
			}
		}
	],
	"display": {
		"thirdperson_righthand": {
			"translation": [0, 0.75, 0],
			"scale": [0.9, 0.9, 0.9]
		},
		"thirdperson_lefthand": {
			"translation": [0, 0.75, 0],
			"scale": [0.9, 0.9, 0.9]
		},
		"firstperson_righthand": {
			"rotation": [0, -35, 0],
			"translation": [0, 3, 0.5],
			"scale": [0.5, 0.5, 0.5]
		},
		"firstperson_lefthand": {
			"rotation": [0, -35, 0],
			"translation": [0, 3, 0.5],
			"scale": [0.5, 0.5, 0.5]
		},
		"ground": {
			"translation": [0, 3, 0],
			"scale": [0.7, 0.7, 0.7]
		},
		"gui": {
			"rotation": [22.5, -45, 0],
			"scale": [0.8, 0.8, 0.8]
		},
		"head": {
			"translation": [0, 14.5, 0]
		},
		"fixed": {
			"translation": [0, 0, -0.5]
		}
	},
	"groups": [
		{
			"name": "group",
			"origin": [8, 8, 8],
			"color": 0,
			"children": [
				0,
				1,
				2,
				3,
				4,
				5,
				6,
				7,
				8,
				9,
				10,
				11,
				12,
				{
					"name": "group",
					"origin": [8, 8, 8],
					"color": 0,
					"children": [13, 14, 15, 16, 17, 18, 19, 20, 21, 22, 23, 24, 25, 26, 27, 28, 29, 30]
				}
			]
		}
	]
}