{
	"parent": "minecraft:block/cross",
	"texture_size": [32, 32],
	"textures": {
		"cross": "minecraft:block/dead_bubble_coral_fan"
	},
	"elements": [
		{
			"from": [0.8, 0, 8],
			"to": [15.2, 32, 8],
			"shade": false,
			"rotation": {"angle": 45, "axis": "y", "origin": [8, 8, 8], "rescale": true},
			"faces": {
				"north": {"uv": [0, 0, 8, 16], "texture": "#cross"},
				"south": {"uv": [0, 0, 8, 16], "texture": "#cross"}
			}
		},
		{
			"from": [8, 0, 0.8],
			"to": [8, 32, 15.2],
			"shade": false,
			"rotation": {"angle": 45, "axis": "y", "origin": [8, 8, 8], "rescale": true},
			"faces": {
				"east": {"uv": [0, 0, 8, 16], "texture": "#cross"},
				"west": {"uv": [0, 0, 8, 16], "texture": "#cross"}
			}
		}
	]
}