{
	"textures": {
		"0": "minecraft:item/moka"
	},
	"display": {
		"head": {
			"rotation": [0, 180, 0]
		}
	},
	"elements": [
		{
			"from": [4, 4, 7.5],
			"to": [12, 12, 8.5],
			"rotation": {
				"angle": 0,
				"axis": "y",
				"origin": [8, 8, 8]
			},
			"faces": {
				"north": {
					"uv": [2, 4, 4, 8],
					"texture": "#0"
				},
				"east": {
					"uv": [6.25, 4.5, 6, 6.5],
					"texture": "#0"
				},
				"south": {
					"uv": [2, 0, 4, 3.75],
					"texture": "#0"
				},
				"west": {
					"uv": [0, 4.25, 0.25, 6.25],
					"texture": "#0"
				},
				"up": {
					"uv": [6, 8.25, 8, 4],
					"texture": "#0"
				},
				"down": {
					"uv": [4, 0, 6, 4],
					"texture": "#0"
				}
			}
		}
	]
}