{
	"credit": "Made with Blockbench",
	"textures": {
		"0": "sg:item/green_arrow",
		"particle": "sg:item/green_arrow"
	},
	"elements": [
		{
			"from": [-0.5, 9, 7.501],
			"to": [16.5, 26, 7.501],
			"faces": {
				"north": {"uv": [0, 0, 16, 16], "texture": "#0"},
				"east": {"uv": [0, 0, 0, 16], "texture": "#missing"},
				"south": {"uv": [16, 0, 0, 16], "texture": "#0"},
				"west": {"uv": [0, 0, 0, 16], "texture": "#missing"},
				"up": {"uv": [0, 0, 16, 0], "texture": "#missing"},
				"down": {"uv": [0, 0, 16, 0], "texture": "#missing"}
			}
		},
		{
			"from": [-0.5, 9, 8.501],
			"to": [16.5, 26, 8.501],
			"faces": {
				"north": {"uv": [0, 0, 16, 16], "texture": "#0"},
				"east": {"uv": [0, 0, 0, 16], "texture": "#missing"},
				"south": {"uv": [16, 0, 0, 16], "texture": "#0"},
				"west": {"uv": [0, 0, 0, 16], "texture": "#missing"},
				"up": {"uv": [0, 0, 16, 0], "texture": "#missing"},
				"down": {"uv": [0, 0, 16, 0], "texture": "#missing"}
			}
		},
		{
			"from": [7.5, 10, 7.502],
			"to": [8.5, 12, 8.482],
			"faces": {
				"north": {"uv": [4.70588, 7.52941, 5.20588, 8.02941], "texture": "#0"},
				"east": {"uv": [4.70588, 7.52941, 5.20588, 8.02941], "texture": "#0"},
				"south": {"uv": [4.70588, 7.52941, 5.20588, 8.02941], "texture": "#0"},
				"west": {"uv": [4.70588, 7.52941, 5.20588, 8.02941], "texture": "#0"},
				"up": {"uv": [4.70588, 7.52941, 5.20588, 8.02941], "texture": "#0"},
				"down": {"uv": [4.70588, 7.52941, 5.20588, 8.02941], "texture": "#0"}
			}
		},
		{
			"from": [6.5, 12, 7.502],
			"to": [9.5, 14, 8.482],
			"faces": {
				"north": {"uv": [4.70588, 7.52941, 5.20588, 8.02941], "texture": "#0"},
				"east": {"uv": [4.70588, 7.52941, 5.20588, 8.02941], "texture": "#0"},
				"south": {"uv": [4.70588, 7.52941, 5.20588, 8.02941], "texture": "#0"},
				"west": {"uv": [4.70588, 7.52941, 5.20588, 8.02941], "texture": "#0"},
				"up": {"uv": [4.70588, 7.52941, 5.20588, 8.02941], "texture": "#0"},
				"down": {"uv": [4.70588, 7.52941, 5.20588, 8.02941], "texture": "#0"}
			}
		},
		{
			"from": [5.5, 14, 7.502],
			"to": [10.5, 16, 8.482],
			"faces": {
				"north": {"uv": [4.70588, 7.52941, 5.20588, 8.02941], "texture": "#0"},
				"east": {"uv": [4.70588, 7.52941, 5.20588, 8.02941], "texture": "#0"},
				"south": {"uv": [4.70588, 7.52941, 5.20588, 8.02941], "texture": "#0"},
				"west": {"uv": [4.70588, 7.52941, 5.20588, 8.02941], "texture": "#0"},
				"up": {"uv": [4.70588, 7.52941, 5.20588, 8.02941], "texture": "#0"},
				"down": {"uv": [4.70588, 7.52941, 5.20588, 8.02941], "texture": "#0"}
			}
		},
		{
			"from": [4.5, 16, 7.502],
			"to": [11.5, 18, 8.482],
			"faces": {
				"north": {"uv": [4.70588, 7.52941, 5.20588, 8.02941], "texture": "#0"},
				"east": {"uv": [4.70588, 7.52941, 5.20588, 8.02941], "texture": "#0"},
				"south": {"uv": [4.70588, 7.52941, 5.20588, 8.02941], "texture": "#0"},
				"west": {"uv": [4.70588, 7.52941, 5.20588, 8.02941], "texture": "#0"},
				"up": {"uv": [4.70588, 7.52941, 5.20588, 8.02941], "texture": "#0"},
				"down": {"uv": [4.70588, 7.52941, 5.20588, 8.02941], "texture": "#0"}
			}
		}
	]
}