{
	"textures": {
		"0": "minecraft:item/choke"
	},
	"display": {
		"head": {
			"rotation": [0, 180, 0]
		}
	},
	"elements": [
		{
			"from": [0.08247, 19.87629, 6.02062],
			"to": [4.04124, 31.75258, 9.97938],
			"faces": {
				"north": {
					"uv": [9, 13, 10, 16],
					"texture": "#0"
				},
				"east": {
					"uv": [8, 13, 9, 16],
					"texture": "#0"
				},
				"south": {
					"uv": [11, 13, 12, 16],
					"texture": "#0"
				},
				"west": {
					"uv": [10, 13, 11, 16],
					"texture": "#0"
				},
				"up": {
					"uv": [10, 13, 9, 12],
					"texture": "#0"
				},
				"down": {
					"uv": [11, 12, 10, 13],
					"texture": "#0"
				}
			}
		},
		{
			"from": [-0.16495, 19.62887, 5.7732],
			"to": [4.28866, 32, 10.2268],
			"faces": {
				"north": {
					"uv": [13, 13, 14, 16],
					"texture": "#0"
				},
				"east": {
					"uv": [12, 13, 13, 16],
					"texture": "#0"
				},
				"south": {
					"uv": [15, 13, 16, 16],
					"texture": "#0"
				},
				"west": {
					"uv": [14, 13, 15, 16],
					"texture": "#0"
				},
				"up": {
					"uv": [14, 13, 13, 12],
					"texture": "#0"
				},
				"down": {
					"uv": [15, 12, 14, 13],
					"texture": "#0"
				}
			}
		}
	]
}