{
	"textures": {
		"2": "timer_new_animated_java_rig:item/pasted"
	},
	"elements": [
		{
			"from": [
				-3.571428571428571,
				13.571428571428571,
				-1.8571428571428559
			],
			"to": [
				15.714285714285714,
				32,
				17.42857142857143
			],
			"rotation": {
				"angle": 0,
				"axis": "y",
				"origin": [
					6.285714285714286,
					8,
					8
				]
			},
			"faces": {
				"north": {
					"uv": [
						0,
						0,
						6.222222222222217,
						5.416666666666661
					],
					"texture": "#2"
				},
				"east": {
					"uv": [
						0,
						0,
						6.222222222222217,
						5.416666666666661
					],
					"texture": "#2"
				},
				"south": {
					"uv": [
						0,
						0,
						6.222222222222217,
						5.416666666666661
					],
					"texture": "#2"
				},
				"west": {
					"uv": [
						0,
						0,
						6.222222222222217,
						5.416666666666661
					],
					"texture": "#2"
				},
				"up": {
					"uv": [
						10.51388888888889,
						5.45833333333334,
						16,
						10.624999999999996
					],
					"texture": "#2"
				},
				"down": {
					"uv": [
						0,
						10.305555555555555,
						6.222222222222217,
						15.722222222222216
					],
					"texture": "#2"
				}
			}
		}
	],
	"display": {
		"head": {
			"rotation": [
				0,
				180,
				0
			]
		}
	}
}