{
	"textures": {
		"1": "minecraft:item/stoneblock"
	},
	"elements": [
		{
			"from": [
				-3.571428571428571,
				13.571428571428571,
				-1.8571428571428559
			],
			"to": [
				15.714285714285714,
				32,
				17.42857142857143
			],
			"rotation": {
				"angle": 0,
				"axis": "y",
				"origin": [
					6.285714285714286,
					8,
					8
				]
			},
			"faces": {
				"north": {
					"uv": [
						0,
						0,
						8,
						7.023809523809524
					],
					"texture": "#1"
				},
				"east": {
					"uv": [
						0,
						0,
						8,
						7.023809523809524
					],
					"texture": "#1"
				},
				"south": {
					"uv": [
						0,
						0,
						8,
						7.023809523809524
					],
					"texture": "#1"
				},
				"west": {
					"uv": [
						0,
						0,
						8,
						7.023809523809524
					],
					"texture": "#1"
				},
				"up": {
					"uv": [
						16,
						16.05442176870748,
						9.262500000000001,
						9.485965766243563
					],
					"texture": "#1"
				},
				"down": {
					"uv": [
						7.224999999999998,
						10.349964998206314,
						0,
						16.05442176870748
					],
					"texture": "#1"
				}
			}
		}
	],
	"display": {
		"head": {
			"rotation": [
				0,
				0,
				0
			]
		}
	}
}