{
	"textures": {
		"3": "timer_new_animated_java_rig:item/texture"
	},
	"elements": [
		{
			"from": [
				26.24,
				15.68,
				8
			],
			"to": [
				32,
				28.16,
				11.84
			],
			"rotation": {
				"angle": 0,
				"axis": "y",
				"origin": [
					8,
					8,
					8
				]
			},
			"faces": {
				"north": {
					"uv": [
						1.5,
						0,
						2.25,
						1.625
					],
					"texture": "#3"
				},
				"east": {
					"uv": [
						10.5,
						6.625,
						11,
						8.25
					],
					"texture": "#3"
				},
				"south": {
					"uv": [
						0,
						1.625,
						0.75,
						3.25
					],
					"texture": "#3"
				},
				"west": {
					"uv": [
						10.5,
						8.25,
						11,
						9.875
					],
					"texture": "#3"
				},
				"up": {
					"uv": [
						9,
						14.375,
						8.25,
						13.875
					],
					"texture": "#3"
				},
				"down": {
					"uv": [
						9.75,
						13.875,
						9,
						14.375
					],
					"texture": "#3"
				}
			}
		}
	],
	"display": {
		"head": {
			"rotation": [
				0,
				180,
				0
			]
		}
	}
}