{
	"textures": {
		"3": "timer_new_animated_java_rig:item/texture"
	},
	"elements": [
		{
			"from": [
				26.24,
				13.76,
				-0.6400000000000006
			],
			"to": [
				32,
				17.6,
				8.96
			],
			"rotation": {
				"angle": 0,
				"axis": "y",
				"origin": [
					8,
					8,
					8
				]
			},
			"faces": {
				"north": {
					"uv": [
						9.75,
						14.875,
						10.5,
						15.375
					],
					"texture": "#3"
				},
				"east": {
					"uv": [
						13,
						8.5,
						14.25,
						9
					],
					"texture": "#3"
				},
				"south": {
					"uv": [
						2.25,
						15,
						3,
						15.5
					],
					"texture": "#3"
				},
				"west": {
					"uv": [
						13,
						9,
						14.25,
						9.5
					],
					"texture": "#3"
				},
				"up": {
					"uv": [
						7.5,
						11.375,
						6.75,
						10.125
					],
					"texture": "#3"
				},
				"down": {
					"uv": [
						8.25,
						10.125,
						7.5,
						11.375
					],
					"texture": "#3"
				}
			}
		}
	],
	"display": {
		"head": {
			"rotation": [
				0,
				180,
				0
			]
		}
	}
}