{
	"textures": {
		"3": "timer_new_animated_java_rig:item/texture"
	},
	"elements": [
		{
			"from": [
				26.24,
				15.68,
				-2.5599999999999987
			],
			"to": [
				32,
				19.52,
				7.04
			],
			"rotation": {
				"angle": 0,
				"axis": "y",
				"origin": [
					8,
					8,
					8
				]
			},
			"faces": {
				"north": {
					"uv": [
						4,
						14,
						4.75,
						14.5
					],
					"texture": "#3"
				},
				"east": {
					"uv": [
						12.75,
						0,
						14,
						0.5
					],
					"texture": "#3"
				},
				"south": {
					"uv": [
						4.75,
						14,
						5.5,
						14.5
					],
					"texture": "#3"
				},
				"west": {
					"uv": [
						12.75,
						0.5,
						14,
						1
					],
					"texture": "#3"
				},
				"up": {
					"uv": [
						7.5,
						10.125,
						6.75,
						8.875
					],
					"texture": "#3"
				},
				"down": {
					"uv": [
						8.25,
						8.875,
						7.5,
						10.125
					],
					"texture": "#3"
				}
			}
		}
	],
	"display": {
		"head": {
			"rotation": [
				0,
				180,
				0
			]
		}
	}
}