{
	"textures": {
		"3": "timer_new_animated_java_rig:item/texture"
	},
	"elements": [
		{
			"from": [
				26.24,
				13.76,
				8
			],
			"to": [
				32,
				26.24,
				11.84
			],
			"rotation": {
				"angle": 0,
				"axis": "y",
				"origin": [
					8,
					8,
					8
				]
			},
			"faces": {
				"north": {
					"uv": [
						5.25,
						3.25,
						6,
						4.875
					],
					"texture": "#3"
				},
				"east": {
					"uv": [
						6.25,
						11.5,
						6.75,
						13.125
					],
					"texture": "#3"
				},
				"south": {
					"uv": [
						5.25,
						4.875,
						6,
						6.5
					],
					"texture": "#3"
				},
				"west": {
					"uv": [
						11.5,
						6.5,
						12,
						8.125
					],
					"texture": "#3"
				},
				"up": {
					"uv": [
						15.75,
						6.5,
						15,
						6
					],
					"texture": "#3"
				},
				"down": {
					"uv": [
						15.75,
						6.5,
						15,
						7
					],
					"texture": "#3"
				}
			}
		}
	],
	"display": {
		"head": {
			"rotation": [
				0,
				180,
				0
			]
		}
	}
}