{
	"textures": {
		"3": "timer_new_animated_java_rig:item/texture"
	},
	"elements": [
		{
			"from": [
				26.24,
				13.76,
				-6.399999999999999
			],
			"to": [
				32,
				26.24,
				-2.5599999999999987
			],
			"rotation": {
				"angle": 0,
				"axis": "y",
				"origin": [
					8,
					8,
					8
				]
			},
			"faces": {
				"north": {
					"uv": [
						3,
						0,
						3.75,
						1.625
					],
					"texture": "#3"
				},
				"east": {
					"uv": [
						1.5,
						10.625,
						2,
						12.25
					],
					"texture": "#3"
				},
				"south": {
					"uv": [
						3,
						1.625,
						3.75,
						3.25
					],
					"texture": "#3"
				},
				"west": {
					"uv": [
						2,
						10.625,
						2.5,
						12.25
					],
					"texture": "#3"
				},
				"up": {
					"uv": [
						1.5,
						14.625,
						0.75,
						14.125
					],
					"texture": "#3"
				},
				"down": {
					"uv": [
						2.25,
						14.125,
						1.5,
						14.625
					],
					"texture": "#3"
				}
			}
		}
	],
	"display": {
		"head": {
			"rotation": [
				0,
				180,
				0
			]
		}
	}
}