{
	"textures": {
		"3": "timer_new_animated_java_rig:item/texture"
	},
	"elements": [
		{
			"from": [
				26.24,
				13.76,
				-4.48
			],
			"to": [
				32,
				26.24,
				-0.6400000000000006
			],
			"rotation": {
				"angle": 0,
				"axis": "y",
				"origin": [
					8,
					8,
					8
				]
			},
			"faces": {
				"north": {
					"uv": [
						4.5,
						3.25,
						5.25,
						4.875
					],
					"texture": "#3"
				},
				"east": {
					"uv": [
						11.25,
						3.25,
						11.75,
						4.875
					],
					"texture": "#3"
				},
				"south": {
					"uv": [
						0,
						4.875,
						0.75,
						6.5
					],
					"texture": "#3"
				},
				"west": {
					"uv": [
						8.25,
						11.25,
						8.75,
						12.875
					],
					"texture": "#3"
				},
				"up": {
					"uv": [
						2.25,
						15.125,
						1.5,
						14.625
					],
					"texture": "#3"
				},
				"down": {
					"uv": [
						11.5,
						14.625,
						10.75,
						15.125
					],
					"texture": "#3"
				}
			}
		}
	],
	"display": {
		"head": {
			"rotation": [
				0,
				180,
				0
			]
		}
	}
}