{
	"textures": {
		"3": "timer_new_animated_java_rig:item/texture"
	},
	"elements": [
		{
			"from": [
				26.24,
				15.68,
				-1.5999999999999996
			],
			"to": [
				32,
				19.52,
				8
			],
			"rotation": {
				"angle": 0,
				"axis": "y",
				"origin": [
					8,
					8,
					8
				]
			},
			"faces": {
				"north": {
					"uv": [
						9.75,
						13.875,
						10.5,
						14.375
					],
					"texture": "#3"
				},
				"east": {
					"uv": [
						12.5,
						10.875,
						13.75,
						11.375
					],
					"texture": "#3"
				},
				"south": {
					"uv": [
						10.5,
						13.875,
						11.25,
						14.375
					],
					"texture": "#3"
				},
				"west": {
					"uv": [
						12.5,
						11.375,
						13.75,
						11.875
					],
					"texture": "#3"
				},
				"up": {
					"uv": [
						9,
						3.75,
						8.25,
						2.5
					],
					"texture": "#3"
				},
				"down": {
					"uv": [
						9,
						3.75,
						8.25,
						5
					],
					"texture": "#3"
				}
			}
		}
	],
	"display": {
		"head": {
			"rotation": [
				0,
				180,
				0
			]
		}
	}
}