{
	"textures": {
		"3": "timer_new_animated_java_rig:item/texture"
	},
	"elements": [
		{
			"from": [
				26.24,
				13.76,
				-4.48
			],
			"to": [
				32,
				26.24,
				-0.6400000000000006
			],
			"rotation": {
				"angle": 0,
				"axis": "y",
				"origin": [
					8,
					8,
					8
				]
			},
			"faces": {
				"north": {
					"uv": [
						2.25,
						4.875,
						3,
						6.5
					],
					"texture": "#3"
				},
				"east": {
					"uv": [
						9.75,
						11.25,
						10.25,
						12.875
					],
					"texture": "#3"
				},
				"south": {
					"uv": [
						3,
						4.875,
						3.75,
						6.5
					],
					"texture": "#3"
				},
				"west": {
					"uv": [
						6.75,
						11.375,
						7.25,
						13
					],
					"texture": "#3"
				},
				"up": {
					"uv": [
						13.75,
						15.25,
						13,
						14.75
					],
					"texture": "#3"
				},
				"down": {
					"uv": [
						14.5,
						14.75,
						13.75,
						15.25
					],
					"texture": "#3"
				}
			}
		}
	],
	"display": {
		"head": {
			"rotation": [
				0,
				180,
				0
			]
		}
	}
}