{
	"textures": {
		"3": "timer_new_animated_java_rig:item/texture"
	},
	"elements": [
		{
			"from": [
				26.24,
				15.68,
				7.04
			],
			"to": [
				32,
				28.16,
				10.879999999999999
			],
			"rotation": {
				"angle": 0,
				"axis": "y",
				"origin": [
					8,
					8,
					8
				]
			},
			"faces": {
				"north": {
					"uv": [
						2.25,
						0,
						3,
						1.625
					],
					"texture": "#3"
				},
				"east": {
					"uv": [
						0.5,
						10.625,
						1,
						12.25
					],
					"texture": "#3"
				},
				"south": {
					"uv": [
						2.25,
						1.625,
						3,
						3.25
					],
					"texture": "#3"
				},
				"west": {
					"uv": [
						1,
						10.625,
						1.5,
						12.25
					],
					"texture": "#3"
				},
				"up": {
					"uv": [
						4,
						14.5,
						3.25,
						14
					],
					"texture": "#3"
				},
				"down": {
					"uv": [
						14.75,
						3.5,
						14,
						4
					],
					"texture": "#3"
				}
			}
		}
	],
	"display": {
		"head": {
			"rotation": [
				0,
				180,
				0
			]
		}
	}
}