{
	"textures": {
		"3": "timer_new_animated_java_rig:item/texture"
	},
	"elements": [
		{
			"from": [
				26.24,
				13.76,
				7.04
			],
			"to": [
				32,
				26.24,
				10.879999999999999
			],
			"rotation": {
				"angle": 0,
				"axis": "y",
				"origin": [
					8,
					8,
					8
				]
			},
			"faces": {
				"north": {
					"uv": [
						0,
						3.25,
						0.75,
						4.875
					],
					"texture": "#3"
				},
				"east": {
					"uv": [
						2.5,
						10.625,
						3,
						12.25
					],
					"texture": "#3"
				},
				"south": {
					"uv": [
						0.75,
						3.25,
						1.5,
						4.875
					],
					"texture": "#3"
				},
				"west": {
					"uv": [
						3,
						10.625,
						3.5,
						12.25
					],
					"texture": "#3"
				},
				"up": {
					"uv": [
						15,
						5.5,
						14.25,
						5
					],
					"texture": "#3"
				},
				"down": {
					"uv": [
						15,
						5.5,
						14.25,
						6
					],
					"texture": "#3"
				}
			}
		}
	],
	"display": {
		"head": {
			"rotation": [
				0,
				180,
				0
			]
		}
	}
}