{
	"textures": {
		"3": "timer_new_animated_java_rig:item/texture"
	},
	"elements": [
		{
			"from": [
				26.24,
				15.68,
				-5.4399999999999995
			],
			"to": [
				32,
				28.16,
				-1.5999999999999996
			],
			"rotation": {
				"angle": 0,
				"axis": "y",
				"origin": [
					8,
					8,
					8
				]
			},
			"faces": {
				"north": {
					"uv": [
						0,
						0,
						0.75,
						1.625
					],
					"texture": "#3"
				},
				"east": {
					"uv": [
						10.5,
						5,
						11,
						6.625
					],
					"texture": "#3"
				},
				"south": {
					"uv": [
						0.75,
						0,
						1.5,
						1.625
					],
					"texture": "#3"
				},
				"west": {
					"uv": [
						5.25,
						10.5,
						5.75,
						12.125
					],
					"texture": "#3"
				},
				"up": {
					"uv": [
						14.5,
						13.25,
						13.75,
						12.75
					],
					"texture": "#3"
				},
				"down": {
					"uv": [
						13.75,
						13.75,
						13,
						14.25
					],
					"texture": "#3"
				}
			}
		}
	],
	"display": {
		"head": {
			"rotation": [
				0,
				180,
				0
			]
		}
	}
}