{
	"textures": {
		"3": "timer_new_animated_java_rig:item/texture"
	},
	"elements": [
		{
			"from": [
				26.24,
				13.76,
				-2.5599999999999987
			],
			"to": [
				32,
				17.6,
				7.04
			],
			"rotation": {
				"angle": 0,
				"axis": "y",
				"origin": [
					8,
					8,
					8
				]
			},
			"faces": {
				"north": {
					"uv": [
						7.75,
						14.375,
						8.5,
						14.875
					],
					"texture": "#3"
				},
				"east": {
					"uv": [
						8.25,
						12.875,
						9.5,
						13.375
					],
					"texture": "#3"
				},
				"south": {
					"uv": [
						8.5,
						14.375,
						9.25,
						14.875
					],
					"texture": "#3"
				},
				"west": {
					"uv": [
						12.5,
						12.875,
						13.75,
						13.375
					],
					"texture": "#3"
				},
				"up": {
					"uv": [
						6,
						10.5,
						5.25,
						9.25
					],
					"texture": "#3"
				},
				"down": {
					"uv": [
						0.75,
						9.375,
						0,
						10.625
					],
					"texture": "#3"
				}
			}
		}
	],
	"display": {
		"head": {
			"rotation": [
				0,
				180,
				0
			]
		}
	}
}