{
	"textures": {
		"3": "timer_new_animated_java_rig:item/texture"
	},
	"elements": [
		{
			"from": [
				26.24,
				13.76,
				-0.6400000000000006
			],
			"to": [
				32,
				17.6,
				8.96
			],
			"rotation": {
				"angle": 0,
				"axis": "y",
				"origin": [
					8,
					8,
					8
				]
			},
			"faces": {
				"north": {
					"uv": [
						14.5,
						13.25,
						15.25,
						13.75
					],
					"texture": "#3"
				},
				"east": {
					"uv": [
						13,
						5,
						14.25,
						5.5
					],
					"texture": "#3"
				},
				"south": {
					"uv": [
						14.5,
						13.75,
						15.25,
						14.25
					],
					"texture": "#3"
				},
				"west": {
					"uv": [
						13,
						5.5,
						14.25,
						6
					],
					"texture": "#3"
				},
				"up": {
					"uv": [
						4.5,
						10.625,
						3.75,
						9.375
					],
					"texture": "#3"
				},
				"down": {
					"uv": [
						10.5,
						0,
						9.75,
						1.25
					],
					"texture": "#3"
				}
			}
		}
	],
	"display": {
		"head": {
			"rotation": [
				0,
				180,
				0
			]
		}
	}
}