{
	"textures": {
		"3": "timer_new_animated_java_rig:item/texture"
	},
	"elements": [
		{
			"from": [
				26.24,
				13.76,
				-5.4399999999999995
			],
			"to": [
				32,
				26.24,
				-1.5999999999999996
			],
			"rotation": {
				"angle": 0,
				"axis": "y",
				"origin": [
					8,
					8,
					8
				]
			},
			"faces": {
				"north": {
					"uv": [
						9.25,
						4.75,
						9.75,
						6.375
					],
					"texture": "#3"
				},
				"east": {
					"uv": [
						9.25,
						4.75,
						9.75,
						6.375
					],
					"texture": "#3"
				},
				"south": {
					"uv": [
						9.25,
						4.75,
						9.75,
						6.375
					],
					"texture": "#3"
				},
				"west": {
					"uv": [
						9.25,
						4.75,
						9.75,
						6.375
					],
					"texture": "#3"
				},
				"up": {
					"uv": [
						9.25,
						4.75,
						9.75,
						6.375
					],
					"texture": "#3"
				},
				"down": {
					"uv": [
						9.25,
						4.75,
						9.75,
						6.375
					],
					"texture": "#3"
				}
			}
		}
	],
	"display": {
		"head": {
			"rotation": [
				0,
				180,
				0
			]
		}
	}
}