{
	"textures": {
		"3": "timer_new_animated_java_rig:item/texture"
	},
	"elements": [
		{
			"from": [
				26.24,
				13.76,
				-0.6400000000000006
			],
			"to": [
				32,
				17.6,
				8.96
			],
			"rotation": {
				"angle": 0,
				"axis": "y",
				"origin": [
					8,
					8,
					8
				]
			},
			"faces": {
				"north": {
					"uv": [
						14.75,
						2.5,
						15.5,
						3
					],
					"texture": "#3"
				},
				"east": {
					"uv": [
						6.75,
						13,
						8,
						13.5
					],
					"texture": "#3"
				},
				"south": {
					"uv": [
						14.75,
						3,
						15.5,
						3.5
					],
					"texture": "#3"
				},
				"west": {
					"uv": [
						13,
						7,
						14.25,
						7.5
					],
					"texture": "#3"
				},
				"up": {
					"uv": [
						10.5,
						7.5,
						9.75,
						6.25
					],
					"texture": "#3"
				},
				"down": {
					"uv": [
						10.5,
						7.5,
						9.75,
						8.75
					],
					"texture": "#3"
				}
			}
		}
	],
	"display": {
		"head": {
			"rotation": [
				0,
				180,
				0
			]
		}
	}
}