{
	"textures": {
		"3": "timer_new_animated_java_rig:item/texture"
	},
	"elements": [
		{
			"from": [
				26.24,
				13.76,
				8.96
			],
			"to": [
				32,
				26.24,
				12.8
			],
			"rotation": {
				"angle": 0,
				"axis": "y",
				"origin": [
					8,
					8,
					8
				]
			},
			"faces": {
				"north": {
					"uv": [
						4.5,
						0,
						5.25,
						1.625
					],
					"texture": "#3"
				},
				"east": {
					"uv": [
						11.25,
						0,
						11.75,
						1.625
					],
					"texture": "#3"
				},
				"south": {
					"uv": [
						4.5,
						1.625,
						5.25,
						3.25
					],
					"texture": "#3"
				},
				"west": {
					"uv": [
						11.25,
						1.625,
						11.75,
						3.25
					],
					"texture": "#3"
				},
				"up": {
					"uv": [
						15.25,
						12.75,
						14.5,
						12.25
					],
					"texture": "#3"
				},
				"down": {
					"uv": [
						15.25,
						12.75,
						14.5,
						13.25
					],
					"texture": "#3"
				}
			}
		}
	],
	"display": {
		"head": {
			"rotation": [
				0,
				180,
				0
			]
		}
	}
}