{
	"textures": {
		"3": "timer_new_animated_java_rig:item/texture"
	},
	"elements": [
		{
			"from": [
				26.24,
				13.76,
				8.96
			],
			"to": [
				32,
				26.24,
				12.8
			],
			"rotation": {
				"angle": 0,
				"axis": "y",
				"origin": [
					8,
					8,
					8
				]
			},
			"faces": {
				"north": {
					"uv": [
						3.75,
						4.875,
						4.5,
						6.5
					],
					"texture": "#3"
				},
				"east": {
					"uv": [
						7.25,
						11.375,
						7.75,
						13
					],
					"texture": "#3"
				},
				"south": {
					"uv": [
						4.5,
						4.875,
						5.25,
						6.5
					],
					"texture": "#3"
				},
				"west": {
					"uv": [
						7.75,
						11.375,
						8.25,
						13
					],
					"texture": "#3"
				},
				"up": {
					"uv": [
						9,
						15.375,
						8.25,
						14.875
					],
					"texture": "#3"
				},
				"down": {
					"uv": [
						9.75,
						14.875,
						9,
						15.375
					],
					"texture": "#3"
				}
			}
		}
	],
	"display": {
		"head": {
			"rotation": [
				0,
				180,
				0
			]
		}
	}
}