{
	"textures": {
		"3": "timer_new_animated_java_rig:item/texture"
	},
	"elements": [
		{
			"from": [
				26.24,
				13.76,
				-4.48
			],
			"to": [
				32,
				26.24,
				-0.6400000000000006
			],
			"rotation": {
				"angle": 0,
				"axis": "y",
				"origin": [
					8,
					8,
					8
				]
			},
			"faces": {
				"north": {
					"uv": [
						3.75,
						1.625,
						4.5,
						3.25
					],
					"texture": "#3"
				},
				"east": {
					"uv": [
						11,
						8.25,
						11.5,
						9.875
					],
					"texture": "#3"
				},
				"south": {
					"uv": [
						3.75,
						3.25,
						4.5,
						4.875
					],
					"texture": "#3"
				},
				"west": {
					"uv": [
						11,
						9.875,
						11.5,
						11.5
					],
					"texture": "#3"
				},
				"up": {
					"uv": [
						3,
						15,
						2.25,
						14.5
					],
					"texture": "#3"
				},
				"down": {
					"uv": [
						3.75,
						14.5,
						3,
						15
					],
					"texture": "#3"
				}
			}
		}
	],
	"display": {
		"head": {
			"rotation": [
				0,
				180,
				0
			]
		}
	}
}