{
	"textures": {
		"3": "timer_new_animated_java_rig:item/texture"
	},
	"elements": [
		{
			"from": [
				26.24,
				13.76,
				-2.5599999999999987
			],
			"to": [
				32,
				17.6,
				7.04
			],
			"rotation": {
				"angle": 0,
				"axis": "y",
				"origin": [
					8,
					8,
					8
				]
			},
			"faces": {
				"north": {
					"uv": [
						14.25,
						6,
						15,
						6.5
					],
					"texture": "#3"
				},
				"east": {
					"uv": [
						12.75,
						2,
						14,
						2.5
					],
					"texture": "#3"
				},
				"south": {
					"uv": [
						14.25,
						6.5,
						15,
						7
					],
					"texture": "#3"
				},
				"west": {
					"uv": [
						12.75,
						2.5,
						14,
						3
					],
					"texture": "#3"
				},
				"up": {
					"uv": [
						9.75,
						6.25,
						9,
						5
					],
					"texture": "#3"
				},
				"down": {
					"uv": [
						6.75,
						9,
						6,
						10.25
					],
					"texture": "#3"
				}
			}
		}
	],
	"display": {
		"head": {
			"rotation": [
				0,
				180,
				0
			]
		}
	}
}