{
	"textures": {
		"3": "timer_new_animated_java_rig:item/texture"
	},
	"elements": [
		{
			"from": [
				26.24,
				13.76,
				-1.5999999999999996
			],
			"to": [
				32,
				17.6,
				8
			],
			"rotation": {
				"angle": 0,
				"axis": "y",
				"origin": [
					8,
					8,
					8
				]
			},
			"faces": {
				"north": {
					"uv": [
						15,
						7,
						15.75,
						7.5
					],
					"texture": "#3"
				},
				"east": {
					"uv": [
						5.5,
						13.125,
						6.75,
						13.625
					],
					"texture": "#3"
				},
				"south": {
					"uv": [
						15,
						7.5,
						15.75,
						8
					],
					"texture": "#3"
				},
				"west": {
					"uv": [
						8,
						13.375,
						9.25,
						13.875
					],
					"texture": "#3"
				},
				"up": {
					"uv": [
						11.25,
						5,
						10.5,
						3.75
					],
					"texture": "#3"
				},
				"down": {
					"uv": [
						5.25,
						10.5,
						4.5,
						11.75
					],
					"texture": "#3"
				}
			}
		}
	],
	"display": {
		"head": {
			"rotation": [
				0,
				180,
				0
			]
		}
	}
}