{
	"textures": {
		"3": "timer_new_animated_java_rig:item/texture"
	},
	"elements": [
		{
			"from": [
				26.24,
				15.68,
				-6.399999999999999
			],
			"to": [
				32,
				28.16,
				-2.5599999999999987
			],
			"rotation": {
				"angle": 0,
				"axis": "y",
				"origin": [
					8,
					8,
					8
				]
			},
			"faces": {
				"north": {
					"uv": [
						0.75,
						1.625,
						1.5,
						3.25
					],
					"texture": "#3"
				},
				"east": {
					"uv": [
						10.5,
						9.875,
						11,
						11.5
					],
					"texture": "#3"
				},
				"south": {
					"uv": [
						1.5,
						1.625,
						2.25,
						3.25
					],
					"texture": "#3"
				},
				"west": {
					"uv": [
						0,
						10.625,
						0.5,
						12.25
					],
					"texture": "#3"
				},
				"up": {
					"uv": [
						14.75,
						1.5,
						14,
						1
					],
					"texture": "#3"
				},
				"down": {
					"uv": [
						14.75,
						1.5,
						14,
						2
					],
					"texture": "#3"
				}
			}
		}
	],
	"display": {
		"head": {
			"rotation": [
				0,
				180,
				0
			]
		}
	}
}