{
	"textures": {
		"3": "timer_new_animated_java_rig:item/texture"
	},
	"elements": [
		{
			"from": [
				26.24,
				13.76,
				8.96
			],
			"to": [
				32,
				26.24,
				12.8
			],
			"rotation": {
				"angle": 0,
				"axis": "y",
				"origin": [
					8,
					8,
					8
				]
			},
			"faces": {
				"north": {
					"uv": [
						0.75,
						4.875,
						1.5,
						6.5
					],
					"texture": "#3"
				},
				"east": {
					"uv": [
						8.75,
						11.25,
						9.25,
						12.875
					],
					"texture": "#3"
				},
				"south": {
					"uv": [
						1.5,
						4.875,
						2.25,
						6.5
					],
					"texture": "#3"
				},
				"west": {
					"uv": [
						9.25,
						11.25,
						9.75,
						12.875
					],
					"texture": "#3"
				},
				"up": {
					"uv": [
						15.5,
						2,
						14.75,
						1.5
					],
					"texture": "#3"
				},
				"down": {
					"uv": [
						15.5,
						2,
						14.75,
						2.5
					],
					"texture": "#3"
				}
			}
		}
	],
	"display": {
		"head": {
			"rotation": [
				0,
				180,
				0
			]
		}
	}
}