{
	"textures": {
		"3": "timer_new_animated_java_rig:item/texture"
	},
	"elements": [
		{
			"from": [
				26.24,
				13.76,
				7.04
			],
			"to": [
				32,
				26.24,
				10.879999999999999
			],
			"rotation": {
				"angle": 0,
				"axis": "y",
				"origin": [
					8,
					8,
					8
				]
			},
			"faces": {
				"north": {
					"uv": [
						3,
						3.25,
						3.75,
						4.875
					],
					"texture": "#3"
				},
				"east": {
					"uv": [
						11,
						5,
						11.5,
						6.625
					],
					"texture": "#3"
				},
				"south": {
					"uv": [
						3.75,
						0,
						4.5,
						1.625
					],
					"texture": "#3"
				},
				"west": {
					"uv": [
						11,
						6.625,
						11.5,
						8.25
					],
					"texture": "#3"
				},
				"up": {
					"uv": [
						7,
						14.875,
						6.25,
						14.375
					],
					"texture": "#3"
				},
				"down": {
					"uv": [
						7.75,
						14.375,
						7,
						14.875
					],
					"texture": "#3"
				}
			}
		}
	],
	"display": {
		"head": {
			"rotation": [
				0,
				180,
				0
			]
		}
	}
}