{
	"textures": {
		"3": "timer_new_animated_java_rig:item/texture"
	},
	"elements": [
		{
			"from": [
				26.24,
				27.2,
				-1.5999999999999996
			],
			"to": [
				32,
				30.08,
				8
			],
			"rotation": {
				"angle": 0,
				"axis": "y",
				"origin": [
					8,
					8,
					8
				]
			},
			"faces": {
				"north": {
					"uv": [
						11.25,
						12.625,
						12,
						13
					],
					"texture": "#3"
				},
				"east": {
					"uv": [
						13,
						9.5,
						14.25,
						9.875
					],
					"texture": "#3"
				},
				"south": {
					"uv": [
						14.25,
						9.5,
						15,
						9.875
					],
					"texture": "#3"
				},
				"west": {
					"uv": [
						12.5,
						13.375,
						13.75,
						13.75
					],
					"texture": "#3"
				},
				"up": {
					"uv": [
						9,
						1.25,
						8.25,
						0
					],
					"texture": "#3"
				},
				"down": {
					"uv": [
						9,
						1.25,
						8.25,
						2.5
					],
					"texture": "#3"
				}
			}
		}
	],
	"display": {
		"head": {
			"rotation": [
				0,
				180,
				0
			]
		}
	}
}