{
	"textures": {
		"3": "timer_new_animated_java_rig:item/texture"
	},
	"elements": [
		{
			"from": [
				26.24,
				25.28,
				-2.5599999999999987
			],
			"to": [
				32,
				28.16,
				7.04
			],
			"rotation": {
				"angle": 0,
				"axis": "y",
				"origin": [
					8,
					8,
					8
				]
			},
			"faces": {
				"north": {
					"uv": [
						15,
						8.75,
						15.75,
						9.125
					],
					"texture": "#3"
				},
				"east": {
					"uv": [
						10.5,
						13.5,
						11.75,
						13.875
					],
					"texture": "#3"
				},
				"south": {
					"uv": [
						15,
						9.125,
						15.75,
						9.5
					],
					"texture": "#3"
				},
				"west": {
					"uv": [
						3,
						13.625,
						4.25,
						14
					],
					"texture": "#3"
				},
				"up": {
					"uv": [
						9.75,
						3.75,
						9,
						2.5
					],
					"texture": "#3"
				},
				"down": {
					"uv": [
						9.75,
						3.75,
						9,
						5
					],
					"texture": "#3"
				}
			}
		}
	],
	"display": {
		"head": {
			"rotation": [
				0,
				180,
				0
			]
		}
	}
}