{
	"textures": {
		"3": "timer_new_animated_java_rig:item/texture"
	},
	"elements": [
		{
			"from": [
				26.24,
				27.2,
				-2.5599999999999987
			],
			"to": [
				32,
				30.08,
				7.04
			],
			"rotation": {
				"angle": 0,
				"axis": "y",
				"origin": [
					8,
					8,
					8
				]
			},
			"faces": {
				"north": {
					"uv": [
						15,
						8,
						15.75,
						8.375
					],
					"texture": "#3"
				},
				"east": {
					"uv": [
						6.75,
						13.5,
						8,
						13.875
					],
					"texture": "#3"
				},
				"south": {
					"uv": [
						15,
						8.375,
						15.75,
						8.75
					],
					"texture": "#3"
				},
				"west": {
					"uv": [
						9.25,
						13.5,
						10.5,
						13.875
					],
					"texture": "#3"
				},
				"up": {
					"uv": [
						9,
						8.75,
						8.25,
						7.5
					],
					"texture": "#3"
				},
				"down": {
					"uv": [
						9,
						8.75,
						8.25,
						10
					],
					"texture": "#3"
				}
			}
		}
	],
	"display": {
		"head": {
			"rotation": [
				0,
				180,
				0
			]
		}
	}
}