{
	"textures": {
		"3": "timer_new_animated_java_rig:item/texture"
	},
	"elements": [
		{
			"from": [
				26.24,
				25.28,
				-0.6400000000000006
			],
			"to": [
				32,
				28.16,
				8.96
			],
			"rotation": {
				"angle": 0,
				"axis": "y",
				"origin": [
					8,
					8,
					8
				]
			},
			"faces": {
				"north": {
					"uv": [
						15,
						11,
						15.75,
						11.375
					],
					"texture": "#3"
				},
				"east": {
					"uv": [
						13.75,
						9.875,
						15,
						10.25
					],
					"texture": "#3"
				},
				"south": {
					"uv": [
						15,
						11.375,
						15.75,
						11.75
					],
					"texture": "#3"
				},
				"west": {
					"uv": [
						13.75,
						10.25,
						15,
						10.625
					],
					"texture": "#3"
				},
				"up": {
					"uv": [
						10.5,
						5,
						9.75,
						3.75
					],
					"texture": "#3"
				},
				"down": {
					"uv": [
						10.5,
						5,
						9.75,
						6.25
					],
					"texture": "#3"
				}
			}
		}
	],
	"display": {
		"head": {
			"rotation": [
				0,
				180,
				0
			]
		}
	}
}