{
	"textures": {
		"3": "timer_new_animated_java_rig:item/texture"
	},
	"elements": [
		{
			"from": [
				26.24,
				25.28,
				-1.5999999999999996
			],
			"to": [
				32,
				28.16,
				8
			],
			"rotation": {
				"angle": 0,
				"axis": "y",
				"origin": [
					8,
					8,
					8
				]
			},
			"faces": {
				"north": {
					"uv": [
						0.75,
						15.125,
						1.5,
						15.5
					],
					"texture": "#3"
				},
				"east": {
					"uv": [
						13.75,
						11.375,
						15,
						11.75
					],
					"texture": "#3"
				},
				"south": {
					"uv": [
						1.5,
						15.125,
						2.25,
						15.5
					],
					"texture": "#3"
				},
				"west": {
					"uv": [
						11.75,
						13.75,
						13,
						14.125
					],
					"texture": "#3"
				},
				"up": {
					"uv": [
						11.25,
						2.5,
						10.5,
						1.25
					],
					"texture": "#3"
				},
				"down": {
					"uv": [
						11.25,
						2.5,
						10.5,
						3.75
					],
					"texture": "#3"
				}
			}
		}
	],
	"display": {
		"head": {
			"rotation": [
				0,
				180,
				0
			]
		}
	}
}