{
	"textures": {
		"3": "timer_new_animated_java_rig:item/texture"
	},
	"elements": [
		{
			"from": [
				28.651162790697676,
				23.627906976744185,
				4.651162790697675
			],
			"to": [
				32,
				25.86046511627907,
				10.232558139534884
			],
			"rotation": {
				"angle": 0,
				"axis": "y",
				"origin": [
					18.046511627906977,
					8,
					10.232558139534884
				]
			},
			"faces": {
				"north": {
					"uv": [
						3,
						15,
						3.75,
						15.5
					],
					"texture": "#3"
				},
				"east": {
					"uv": [
						9.5,
						13,
						10.75,
						13.5
					],
					"texture": "#3"
				},
				"south": {
					"uv": [
						3.75,
						15,
						4.5,
						15.5
					],
					"texture": "#3"
				},
				"west": {
					"uv": [
						10.75,
						13,
						12,
						13.5
					],
					"texture": "#3"
				},
				"up": {
					"uv": [
						6.75,
						11.5,
						6,
						10.25
					],
					"texture": "#3"
				},
				"down": {
					"uv": [
						11.25,
						0,
						10.5,
						1.25
					],
					"texture": "#3"
				}
			}
		}
	],
	"display": {
		"head": {
			"rotation": [
				0,
				180,
				0
			]
		}
	}
}