{
	"textures": {
		"3": "timer_new_animated_java_rig:item/texture"
	},
	"elements": [
		{
			"from": [
				28.651162790697676,
				23.069767441860463,
				5.209302325581396
			],
			"to": [
				32,
				25.302325581395348,
				10.790697674418604
			],
			"rotation": {
				"angle": 0,
				"axis": "y",
				"origin": [
					18.046511627906977,
					8,
					10.232558139534884
				]
			},
			"faces": {
				"north": {
					"uv": [
						9.25,
						14.375,
						10,
						14.875
					],
					"texture": "#3"
				},
				"east": {
					"uv": [
						13,
						4,
						14.25,
						4.5
					],
					"texture": "#3"
				},
				"south": {
					"uv": [
						10,
						14.375,
						10.75,
						14.875
					],
					"texture": "#3"
				},
				"west": {
					"uv": [
						13,
						4.5,
						14.25,
						5
					],
					"texture": "#3"
				},
				"up": {
					"uv": [
						1.5,
						10.625,
						0.75,
						9.375
					],
					"texture": "#3"
				},
				"down": {
					"uv": [
						2.25,
						9.375,
						1.5,
						10.625
					],
					"texture": "#3"
				}
			}
		}
	],
	"display": {
		"head": {
			"rotation": [
				0,
				180,
				0
			]
		}
	}
}