{
	"textures": {
		"3": "timer_new_animated_java_rig:item/texture"
	},
	"elements": [
		{
			"from": [
				28.651162790697676,
				23.069767441860463,
				5.209302325581396
			],
			"to": [
				32,
				25.302325581395348,
				10.790697674418604
			],
			"rotation": {
				"angle": 0,
				"axis": "y",
				"origin": [
					18.046511627906977,
					8,
					10.232558139534884
				]
			},
			"faces": {
				"north": {
					"uv": [
						0,
						14.625,
						0.75,
						15.125
					],
					"texture": "#3"
				},
				"east": {
					"uv": [
						13,
						6,
						14.25,
						6.5
					],
					"texture": "#3"
				},
				"south": {
					"uv": [
						0.75,
						14.625,
						1.5,
						15.125
					],
					"texture": "#3"
				},
				"west": {
					"uv": [
						13,
						6.5,
						14.25,
						7
					],
					"texture": "#3"
				},
				"up": {
					"uv": [
						10.5,
						2.5,
						9.75,
						1.25
					],
					"texture": "#3"
				},
				"down": {
					"uv": [
						10.5,
						2.5,
						9.75,
						3.75
					],
					"texture": "#3"
				}
			}
		}
	],
	"display": {
		"head": {
			"rotation": [
				0,
				180,
				0
			]
		}
	}
}