{
	"textures": {
		"3": "timer_new_animated_java_rig:item/texture"
	},
	"elements": [
		{
			"from": [
				28.651162790697676,
				23.627906976744185,
				4.093023255813954
			],
			"to": [
				32,
				25.86046511627907,
				9.674418604651162
			],
			"rotation": {
				"angle": 0,
				"axis": "y",
				"origin": [
					18.046511627906977,
					8,
					10.232558139534884
				]
			},
			"faces": {
				"north": {
					"uv": [
						11.625,
						0.125,
						12.875,
						0.625
					],
					"texture": "#3"
				},
				"east": {
					"uv": [
						11.625,
						0.125,
						12.875,
						0.625
					],
					"texture": "#3"
				},
				"south": {
					"uv": [
						11.625,
						0.125,
						12.875,
						0.625
					],
					"texture": "#3"
				},
				"west": {
					"uv": [
						11.625,
						0.125,
						12.875,
						0.625
					],
					"texture": "#3"
				},
				"up": {
					"uv": [
						11.625,
						0.125,
						12.875,
						0.625
					],
					"texture": "#3"
				},
				"down": {
					"uv": [
						11.625,
						0.125,
						12.875,
						0.625
					],
					"texture": "#3"
				}
			}
		}
	],
	"display": {
		"head": {
			"rotation": [
				0,
				180,
				0
			]
		}
	}
}