{
	"textures": {
		"3": "timer_new_animated_java_rig:item/texture"
	},
	"elements": [
		{
			"from": [
				28.651162790697676,
				24.74418604651163,
				4.651162790697675
			],
			"to": [
				32,
				26.97674418604651,
				10.232558139534884
			],
			"rotation": {
				"angle": 0,
				"axis": "y",
				"origin": [
					18.046511627906977,
					8,
					10.232558139534884
				]
			},
			"faces": {
				"north": {
					"uv": [
						13.75,
						11.75,
						14.5,
						12.25
					],
					"texture": "#3"
				},
				"east": {
					"uv": [
						12.5,
						9.875,
						13.75,
						10.375
					],
					"texture": "#3"
				},
				"south": {
					"uv": [
						13.75,
						12.25,
						14.5,
						12.75
					],
					"texture": "#3"
				},
				"west": {
					"uv": [
						12.5,
						10.375,
						13.75,
						10.875
					],
					"texture": "#3"
				},
				"up": {
					"uv": [
						5.25,
						9.25,
						4.5,
						8
					],
					"texture": "#3"
				},
				"down": {
					"uv": [
						6,
						8,
						5.25,
						9.25
					],
					"texture": "#3"
				}
			}
		}
	],
	"display": {
		"head": {
			"rotation": [
				0,
				180,
				0
			]
		}
	}
}