{
	"textures": {
		"3": "timer_new_animated_java_rig:item/texture"
	},
	"elements": [
		{
			"from": [
				28.651162790697676,
				24.74418604651163,
				4.093023255813954
			],
			"to": [
				32,
				26.97674418604651,
				9.674418604651162
			],
			"rotation": {
				"angle": 0,
				"axis": "y",
				"origin": [
					18.046511627906977,
					8,
					10.232558139534884
				]
			},
			"faces": {
				"north": {
					"uv": [
						14,
						0,
						14.75,
						0.5
					],
					"texture": "#3"
				},
				"east": {
					"uv": [
						12.5,
						11.875,
						13.75,
						12.375
					],
					"texture": "#3"
				},
				"south": {
					"uv": [
						14,
						0.5,
						14.75,
						1
					],
					"texture": "#3"
				},
				"west": {
					"uv": [
						12.5,
						12.375,
						13.75,
						12.875
					],
					"texture": "#3"
				},
				"up": {
					"uv": [
						9,
						6.25,
						8.25,
						5
					],
					"texture": "#3"
				},
				"down": {
					"uv": [
						9,
						6.25,
						8.25,
						7.5
					],
					"texture": "#3"
				}
			}
		}
	],
	"display": {
		"head": {
			"rotation": [
				0,
				180,
				0
			]
		}
	}
}