{
	"textures": {
		"3": "timer_new_animated_java_rig:item/texture"
	},
	"elements": [
		{
			"from": [
				28.651162790697676,
				23.627906976744185,
				5.209302325581396
			],
			"to": [
				32,
				25.86046511627907,
				10.790697674418604
			],
			"rotation": {
				"angle": 0,
				"axis": "y",
				"origin": [
					18.046511627906977,
					8,
					10.232558139534884
				]
			},
			"faces": {
				"north": {
					"uv": [
						14.75,
						3.5,
						15.5,
						4
					],
					"texture": "#3"
				},
				"east": {
					"uv": [
						13,
						7.5,
						14.25,
						8
					],
					"texture": "#3"
				},
				"south": {
					"uv": [
						12.25,
						14.75,
						13,
						15.25
					],
					"texture": "#3"
				},
				"west": {
					"uv": [
						13,
						8,
						14.25,
						8.5
					],
					"texture": "#3"
				},
				"up": {
					"uv": [
						10.5,
						10,
						9.75,
						8.75
					],
					"texture": "#3"
				},
				"down": {
					"uv": [
						9,
						10,
						8.25,
						11.25
					],
					"texture": "#3"
				}
			}
		}
	],
	"display": {
		"head": {
			"rotation": [
				0,
				180,
				0
			]
		}
	}
}