{
	"textures": {
		"3": "timer_new_animated_java_rig:item/texture"
	},
	"elements": [
		{
			"from": [
				21.411764705882355,
				23.529411764705884,
				8
			],
			"to": [
				25.647058823529413,
				32,
				10.823529411764707
			],
			"rotation": {
				"angle": 0,
				"axis": "y",
				"origin": [
					8,
					8,
					8
				]
			},
			"faces": {
				"north": {
					"uv": [
						6,
						3,
						6.75,
						4.5
					],
					"texture": "#3"
				},
				"east": {
					"uv": [
						10.25,
						11.5,
						10.75,
						13
					],
					"texture": "#3"
				},
				"south": {
					"uv": [
						6,
						4.5,
						6.75,
						6
					],
					"texture": "#3"
				},
				"west": {
					"uv": [
						10.75,
						11.5,
						11.25,
						13
					],
					"texture": "#3"
				},
				"up": {
					"uv": [
						7.5,
						14.375,
						6.75,
						13.875
					],
					"texture": "#3"
				},
				"down": {
					"uv": [
						8.25,
						13.875,
						7.5,
						14.375
					],
					"texture": "#3"
				}
			}
		}
	],
	"display": {
		"head": {
			"rotation": [
				0,
				180,
				0
			]
		}
	}
}