{
	"textures": {
		"3": "timer_new_animated_java_rig:item/texture"
	},
	"elements": [
		{
			"from": [
				22.25,
				23,
				7.25
			],
			"to": [
				26.75,
				32,
				10.25
			],
			"rotation": {
				"angle": 0,
				"axis": "y",
				"origin": [
					8,
					8,
					8
				]
			},
			"faces": {
				"north": {
					"uv": [
						3.75,
						6.5,
						4.5,
						8
					],
					"texture": "#3"
				},
				"east": {
					"uv": [
						12,
						6,
						12.5,
						7.5
					],
					"texture": "#3"
				},
				"south": {
					"uv": [
						4.5,
						6.5,
						5.25,
						8
					],
					"texture": "#3"
				},
				"west": {
					"uv": [
						12,
						7.5,
						12.5,
						9
					],
					"texture": "#3"
				},
				"up": {
					"uv": [
						15,
						4.5,
						14.25,
						4
					],
					"texture": "#3"
				},
				"down": {
					"uv": [
						15,
						4.5,
						14.25,
						5
					],
					"texture": "#3"
				}
			}
		}
	],
	"display": {
		"head": {
			"rotation": [
				0,
				180,
				0
			]
		}
	}
}