{
	"textures": {
		"3": "timer_new_animated_java_rig:item/texture"
	},
	"elements": [
		{
			"from": [
				22.25,
				23,
				7.25
			],
			"to": [
				26.75,
				32,
				10.25
			],
			"rotation": {
				"angle": 0,
				"axis": "y",
				"origin": [
					8,
					8,
					8
				]
			},
			"faces": {
				"north": {
					"uv": [
						6.75,
						1.5,
						7.5,
						3
					],
					"texture": "#3"
				},
				"east": {
					"uv": [
						12,
						12,
						12.5,
						13.5
					],
					"texture": "#3"
				},
				"south": {
					"uv": [
						6.75,
						3,
						7.5,
						4.5
					],
					"texture": "#3"
				},
				"west": {
					"uv": [
						5,
						12.125,
						5.5,
						13.625
					],
					"texture": "#3"
				},
				"up": {
					"uv": [
						14.25,
						14.75,
						13.5,
						14.25
					],
					"texture": "#3"
				},
				"down": {
					"uv": [
						15,
						14.25,
						14.25,
						14.75
					],
					"texture": "#3"
				}
			}
		}
	],
	"display": {
		"head": {
			"rotation": [
				0,
				180,
				0
			]
		}
	}
}