{
	"textures": {
		"3": "timer_new_animated_java_rig:item/texture"
	},
	"elements": [
		{
			"from": [
				21.411764705882355,
				23.529411764705884,
				7.294117647058823
			],
			"to": [
				25.647058823529413,
				32,
				10.117647058823529
			],
			"rotation": {
				"angle": 0,
				"axis": "y",
				"origin": [
					8,
					8,
					8
				]
			},
			"faces": {
				"north": {
					"uv": [
						0.75,
						6.5,
						1.5,
						8
					],
					"texture": "#3"
				},
				"east": {
					"uv": [
						11.75,
						1.5,
						12.25,
						3
					],
					"texture": "#3"
				},
				"south": {
					"uv": [
						1.5,
						6.5,
						2.25,
						8
					],
					"texture": "#3"
				},
				"west": {
					"uv": [
						11.75,
						3,
						12.25,
						4.5
					],
					"texture": "#3"
				},
				"up": {
					"uv": [
						14.75,
						3,
						14,
						2.5
					],
					"texture": "#3"
				},
				"down": {
					"uv": [
						14.75,
						3,
						14,
						3.5
					],
					"texture": "#3"
				}
			}
		}
	],
	"display": {
		"head": {
			"rotation": [
				0,
				180,
				0
			]
		}
	}
}