{
	"textures": {
		"3": "timer_new_animated_java_rig:item/texture"
	},
	"elements": [
		{
			"from": [
				22.70967741935484,
				23.483870967741936,
				8.774193548387096
			],
			"to": [
				27.35483870967742,
				32,
				11.870967741935484
			],
			"rotation": {
				"angle": 0,
				"axis": "y",
				"origin": [
					8,
					8,
					8
				]
			},
			"faces": {
				"north": {
					"uv": [
						3,
						8,
						3.75,
						9.375
					],
					"texture": "#3"
				},
				"east": {
					"uv": [
						12.5,
						7.125,
						13,
						8.5
					],
					"texture": "#3"
				},
				"south": {
					"uv": [
						3.75,
						8,
						4.5,
						9.375
					],
					"texture": "#3"
				},
				"west": {
					"uv": [
						12.5,
						8.5,
						13,
						9.875
					],
					"texture": "#3"
				},
				"up": {
					"uv": [
						15.5,
						1,
						14.75,
						0.5
					],
					"texture": "#3"
				},
				"down": {
					"uv": [
						15.5,
						1,
						14.75,
						1.5
					],
					"texture": "#3"
				}
			}
		}
	],
	"display": {
		"head": {
			"rotation": [
				0,
				180,
				0
			]
		}
	}
}