{
	"textures": {
		"3": "timer_new_animated_java_rig:item/texture"
	},
	"elements": [
		{
			"from": [
				20.75,
				23,
				8
			],
			"to": [
				25.25,
				32,
				11
			],
			"rotation": {
				"angle": 0,
				"axis": "y",
				"origin": [
					6.5,
					8,
					8
				]
			},
			"faces": {
				"north": {
					"uv": [
						6,
						7.5,
						6.75,
						9
					],
					"texture": "#3"
				},
				"east": {
					"uv": [
						2,
						12.25,
						2.5,
						13.75
					],
					"texture": "#3"
				},
				"south": {
					"uv": [
						7.5,
						6,
						8.25,
						7.5
					],
					"texture": "#3"
				},
				"west": {
					"uv": [
						2.5,
						12.25,
						3,
						13.75
					],
					"texture": "#3"
				},
				"up": {
					"uv": [
						6,
						15.5,
						5.25,
						15
					],
					"texture": "#3"
				},
				"down": {
					"uv": [
						15.75,
						5.5,
						15,
						6
					],
					"texture": "#3"
				}
			}
		}
	],
	"display": {
		"head": {
			"rotation": [
				0,
				180,
				0
			]
		}
	}
}