{
	"textures": {
		"3": "timer_new_animated_java_rig:item/texture"
	},
	"elements": [
		{
			"from": [
				22.70967741935484,
				23.483870967741936,
				8.774193548387096
			],
			"to": [
				27.35483870967742,
				32,
				11.870967741935484
			],
			"rotation": {
				"angle": 0,
				"axis": "y",
				"origin": [
					8,
					8,
					8
				]
			},
			"faces": {
				"north": {
					"uv": [
						0,
						8,
						0.75,
						9.375
					],
					"texture": "#3"
				},
				"east": {
					"uv": [
						3.5,
						12.25,
						4,
						13.625
					],
					"texture": "#3"
				},
				"south": {
					"uv": [
						0.75,
						8,
						1.5,
						9.375
					],
					"texture": "#3"
				},
				"west": {
					"uv": [
						4,
						12.25,
						4.5,
						13.625
					],
					"texture": "#3"
				},
				"up": {
					"uv": [
						6,
						15,
						5.25,
						14.5
					],
					"texture": "#3"
				},
				"down": {
					"uv": [
						15.25,
						11.75,
						14.5,
						12.25
					],
					"texture": "#3"
				}
			}
		}
	],
	"display": {
		"head": {
			"rotation": [
				0,
				180,
				0
			]
		}
	}
}