{
	"textures": {
		"3": "timer_new_animated_java_rig:item/texture"
	},
	"elements": [
		{
			"from": [
				21.411764705882355,
				23.529411764705884,
				-1.882352941176471
			],
			"to": [
				25.647058823529413,
				32,
				0.9411764705882346
			],
			"rotation": {
				"angle": 0,
				"axis": "y",
				"origin": [
					8,
					8,
					8
				]
			},
			"faces": {
				"north": {
					"uv": [
						6,
						0,
						6.75,
						1.5
					],
					"texture": "#3"
				},
				"east": {
					"uv": [
						11.5,
						8.125,
						12,
						9.625
					],
					"texture": "#3"
				},
				"south": {
					"uv": [
						6,
						1.5,
						6.75,
						3
					],
					"texture": "#3"
				},
				"west": {
					"uv": [
						11.5,
						9.625,
						12,
						11.125
					],
					"texture": "#3"
				},
				"up": {
					"uv": [
						14.5,
						13.75,
						13.75,
						13.25
					],
					"texture": "#3"
				},
				"down": {
					"uv": [
						14.5,
						13.75,
						13.75,
						14.25
					],
					"texture": "#3"
				}
			}
		}
	],
	"display": {
		"head": {
			"rotation": [
				0,
				180,
				0
			]
		}
	}
}