{
	"textures": {
		"3": "timer_new_animated_java_rig:item/texture"
	},
	"elements": [
		{
			"from": [
				21.411764705882355,
				23.529411764705884,
				-2.5882352941176485
			],
			"to": [
				25.647058823529413,
				32,
				0.235294117647058
			],
			"rotation": {
				"angle": 0,
				"axis": "y",
				"origin": [
					8,
					8,
					8
				]
			},
			"faces": {
				"north": {
					"uv": [
						6,
						6,
						6.75,
						7.5
					],
					"texture": "#3"
				},
				"east": {
					"uv": [
						11.5,
						11.125,
						12,
						12.625
					],
					"texture": "#3"
				},
				"south": {
					"uv": [
						0,
						6.5,
						0.75,
						8
					],
					"texture": "#3"
				},
				"west": {
					"uv": [
						11.75,
						0,
						12.25,
						1.5
					],
					"texture": "#3"
				},
				"up": {
					"uv": [
						14.75,
						2.5,
						14,
						2
					],
					"texture": "#3"
				},
				"down": {
					"uv": [
						3.25,
						14,
						2.5,
						14.5
					],
					"texture": "#3"
				}
			}
		}
	],
	"display": {
		"head": {
			"rotation": [
				0,
				180,
				0
			]
		}
	}
}