{
	"textures": {
		"3": "timer_new_animated_java_rig:item/texture"
	},
	"elements": [
		{
			"from": [
				22.25,
				23,
				-2.5
			],
			"to": [
				26.75,
				32,
				0.5
			],
			"rotation": {
				"angle": 0,
				"axis": "y",
				"origin": [
					8,
					8,
					8
				]
			},
			"faces": {
				"north": {
					"uv": [
						7.5,
						3,
						8.25,
						4.5
					],
					"texture": "#3"
				},
				"east": {
					"uv": [
						1.5,
						12.25,
						2,
						13.75
					],
					"texture": "#3"
				},
				"south": {
					"uv": [
						7.5,
						4.5,
						8.25,
						6
					],
					"texture": "#3"
				},
				"west": {
					"uv": [
						12.25,
						1.5,
						12.75,
						3
					],
					"texture": "#3"
				},
				"up": {
					"uv": [
						15.75,
						5,
						15,
						4.5
					],
					"texture": "#3"
				},
				"down": {
					"uv": [
						15.75,
						5,
						15,
						5.5
					],
					"texture": "#3"
				}
			}
		}
	],
	"display": {
		"head": {
			"rotation": [
				0,
				180,
				0
			]
		}
	}
}