{
	"textures": {
		"3": "timer_new_animated_java_rig:item/texture"
	},
	"elements": [
		{
			"from": [
				22.70967741935484,
				23.483870967741936,
				-2.064516129032258
			],
			"to": [
				27.35483870967742,
				32,
				1.032258064516129
			],
			"rotation": {
				"angle": 0,
				"axis": "y",
				"origin": [
					8,
					8,
					8
				]
			},
			"faces": {
				"north": {
					"uv": [
						1.5,
						8,
						2.25,
						9.375
					],
					"texture": "#3"
				},
				"east": {
					"uv": [
						12.5,
						4.375,
						13,
						5.75
					],
					"texture": "#3"
				},
				"south": {
					"uv": [
						2.25,
						8,
						3,
						9.375
					],
					"texture": "#3"
				},
				"west": {
					"uv": [
						12.5,
						5.75,
						13,
						7.125
					],
					"texture": "#3"
				},
				"up": {
					"uv": [
						12.25,
						15.125,
						11.5,
						14.625
					],
					"texture": "#3"
				},
				"down": {
					"uv": [
						15.5,
						0,
						14.75,
						0.5
					],
					"texture": "#3"
				}
			}
		}
	],
	"display": {
		"head": {
			"rotation": [
				0,
				180,
				0
			]
		}
	}
}