{
	"textures": {
		"3": "timer_new_animated_java_rig:item/texture"
	},
	"elements": [
		{
			"from": [
				22.70967741935484,
				23.483870967741936,
				-2.064516129032258
			],
			"to": [
				27.35483870967742,
				32,
				1.032258064516129
			],
			"rotation": {
				"angle": 0,
				"axis": "y",
				"origin": [
					8,
					8,
					8
				]
			},
			"faces": {
				"north": {
					"uv": [
						6.75,
						7.5,
						7.5,
						8.875
					],
					"texture": "#3"
				},
				"east": {
					"uv": [
						3,
						12.25,
						3.5,
						13.625
					],
					"texture": "#3"
				},
				"south": {
					"uv": [
						7.5,
						7.5,
						8.25,
						8.875
					],
					"texture": "#3"
				},
				"west": {
					"uv": [
						12.25,
						3,
						12.75,
						4.375
					],
					"texture": "#3"
				},
				"up": {
					"uv": [
						4.5,
						15,
						3.75,
						14.5
					],
					"texture": "#3"
				},
				"down": {
					"uv": [
						5.25,
						14.5,
						4.5,
						15
					],
					"texture": "#3"
				}
			}
		}
	],
	"display": {
		"head": {
			"rotation": [
				0,
				180,
				0
			]
		}
	}
}