{
	"textures": {
		"3": "timer_new_animated_java_rig:item/texture"
	},
	"elements": [
		{
			"from": [
				22.25,
				23,
				-3.25
			],
			"to": [
				26.75,
				32,
				-0.25
			],
			"rotation": {
				"angle": 0,
				"axis": "y",
				"origin": [
					8,
					8,
					8
				]
			},
			"faces": {
				"north": {
					"uv": [
						5.25,
						6.5,
						6,
						8
					],
					"texture": "#3"
				},
				"east": {
					"uv": [
						12,
						9,
						12.5,
						10.5
					],
					"texture": "#3"
				},
				"south": {
					"uv": [
						6.75,
						0,
						7.5,
						1.5
					],
					"texture": "#3"
				},
				"west": {
					"uv": [
						12,
						10.5,
						12.5,
						12
					],
					"texture": "#3"
				},
				"up": {
					"uv": [
						15,
						9.5,
						14.25,
						9
					],
					"texture": "#3"
				},
				"down": {
					"uv": [
						13.5,
						14.25,
						12.75,
						14.75
					],
					"texture": "#3"
				}
			}
		}
	],
	"display": {
		"head": {
			"rotation": [
				0,
				180,
				0
			]
		}
	}
}