{
	"textures": {
		"3": "timer_new_animated_java_rig:item/texture"
	},
	"elements": [
		{
			"from": [
				22.25,
				23,
				-3.25
			],
			"to": [
				26.75,
				32,
				-0.25
			],
			"rotation": {
				"angle": 0,
				"axis": "y",
				"origin": [
					8,
					8,
					8
				]
			},
			"faces": {
				"north": {
					"uv": [
						2.25,
						6.5,
						3,
						8
					],
					"texture": "#3"
				},
				"east": {
					"uv": [
						4.5,
						11.75,
						5,
						13.25
					],
					"texture": "#3"
				},
				"south": {
					"uv": [
						3,
						6.5,
						3.75,
						8
					],
					"texture": "#3"
				},
				"west": {
					"uv": [
						12,
						4.5,
						12.5,
						6
					],
					"texture": "#3"
				},
				"up": {
					"uv": [
						12,
						14.625,
						11.25,
						14.125
					],
					"texture": "#3"
				},
				"down": {
					"uv": [
						12.75,
						14.125,
						12,
						14.625
					],
					"texture": "#3"
				}
			}
		}
	],
	"display": {
		"head": {
			"rotation": [
				0,
				180,
				0
			]
		}
	}
}