{
	"textures": {
		"3": "timer_new_animated_java_rig:item/texture"
	},
	"elements": [
		{
			"from": [
				22.25,
				23,
				-1.75
			],
			"to": [
				26.75,
				32,
				1.25
			],
			"rotation": {
				"angle": 0,
				"axis": "y",
				"origin": [
					8,
					8,
					8
				]
			},
			"faces": {
				"north": {
					"uv": [
						6.75,
						4.5,
						7.5,
						6
					],
					"texture": "#3"
				},
				"east": {
					"uv": [
						0,
						12.25,
						0.5,
						13.75
					],
					"texture": "#3"
				},
				"south": {
					"uv": [
						6.75,
						6,
						7.5,
						7.5
					],
					"texture": "#3"
				},
				"west": {
					"uv": [
						12.25,
						0,
						12.75,
						1.5
					],
					"texture": "#3"
				},
				"up": {
					"uv": [
						15.25,
						15.25,
						14.5,
						14.75
					],
					"texture": "#3"
				},
				"down": {
					"uv": [
						6.75,
						14.875,
						6,
						15.375
					],
					"texture": "#3"
				}
			}
		}
	],
	"display": {
		"head": {
			"rotation": [
				0,
				180,
				0
			]
		}
	}
}