{
	"textures": {
		"0": "minecraft:item/agnc"
	},
	"display": {
		"head": {
			"rotation": [0, 180, 0]
		}
	},
	"elements": [
		{
			"from": [4.04124, 19.87629, 6.02062],
			"to": [11.95876, 31.75258, 9.97938],
			"faces": {
				"north": {
					"uv": [5, 5, 7, 8],
					"texture": "#0"
				},
				"east": {
					"uv": [4, 5, 5, 8],
					"texture": "#0"
				},
				"south": {
					"uv": [8, 5, 10, 8],
					"texture": "#0"
				},
				"west": {
					"uv": [7, 5, 8, 8],
					"texture": "#0"
				},
				"up": {
					"uv": [7, 5, 5, 4],
					"texture": "#0"
				},
				"down": {
					"uv": [9, 4, 7, 5],
					"texture": "#0"
				}
			}
		},
		{
			"from": [3.79381, 19.62887, 5.7732],
			"to": [12.20619, 32, 10.2268],
			"faces": {
				"north": {
					"uv": [5, 9, 7, 12],
					"texture": "#0"
				},
				"east": {
					"uv": [4, 9, 5, 12],
					"texture": "#0"
				},
				"south": {
					"uv": [8, 9, 10, 12],
					"texture": "#0"
				},
				"west": {
					"uv": [7, 9, 8, 12],
					"texture": "#0"
				},
				"up": {
					"uv": [7, 9, 5, 8],
					"texture": "#0"
				},
				"down": {
					"uv": [9, 8, 7, 9],
					"texture": "#0"
				}
			}
		}
	]
}