{
	"parent": "item/generated",
	"textures": {
	"layer0": "item/stick"
	},
	
	"overrides": [
	{"predicate": {"custom_model_data":2000}, "model": "scorpionem/head"},
	{"predicate": {"custom_model_data":2001}, "model": "scorpionem/body"},
	{"predicate": {"custom_model_data":2002}, "model": "scorpionem/left_arm"},
	{"predicate": {"custom_model_data":2003}, "model": "scorpionem/right_arm"},
	{"predicate": {"custom_model_data":2004}, "model": "scorpionem/right_leg"},
	{"predicate": {"custom_model_data":2005}, "model": "scorpionem/left_leg"},
	{"predicate": {"custom_model_data":2006}, "model": "refortor/head"},
	{"predicate": {"custom_model_data":2007}, "model": "refortor/body"},
	{"predicate": {"custom_model_data":2008}, "model": "refortor/left_arm"},
	{"predicate": {"custom_model_data":2009}, "model": "refortor/right_arm"},
	{"predicate": {"custom_model_data":2010}, "model": "refortor/right_leg"},
	{"predicate": {"custom_model_data":2011}, "model": "refortor/left_leg"},
	{"predicate": {"custom_model_data":2012}, "model": "custom/chickennet"},
	{"predicate": {"custom_model_data":2013}, "model": "custom/chickennetgold"},
	{"predicate": {"custom_model_data":2014}, "model": "custom/arollertest"},
	{"predicate": {"custom_model_data":2015}, "model": "worfer/head"},
	{"predicate": {"custom_model_data":2016}, "model": "worfer/body"},
	{"predicate": {"custom_model_data":2017}, "model": "worfer/left_arm"},
	{"predicate": {"custom_model_data":2018}, "model": "worfer/right_arm"},
	{"predicate": {"custom_model_data":2019}, "model": "worfer/right_leg"},
	{"predicate": {"custom_model_data":2020}, "model": "worfer/left_leg"},
	{"predicate": {"custom_model_data":2021}, "model": "smarty/head"},
	{"predicate": {"custom_model_data":2022}, "model": "smarty/body"},
	{"predicate": {"custom_model_data":2023}, "model": "smarty/left_arm"},
	{"predicate": {"custom_model_data":2024}, "model": "smarty/right_arm"},
	{"predicate": {"custom_model_data":2025}, "model": "smarty/right_leg"},
	{"predicate": {"custom_model_data":2026}, "model": "smarty/left_leg"},
	{"predicate": {"custom_model_data":2027}, "model": "12/head"},
	{"predicate": {"custom_model_data":2028}, "model": "12/body"},
	{"predicate": {"custom_model_data":2029}, "model": "12/left_arm"},
	{"predicate": {"custom_model_data":2030}, "model": "12/right_arm"},
	{"predicate": {"custom_model_data":2031}, "model": "12/right_leg"},
	{"predicate": {"custom_model_data":2032}, "model": "12/left_leg"}

	]
   }