{
	"credit": "Made with Blockbench",
	"texture_size": [64, 64],
	"textures": {
		"0": "block/blackcarone",
		"1": "block/blackcartwo",
		"3": "item/chicken/texture",
		"4": "block/blackcar",
		"particle": "block/blackcarone"
	},
	"elements": [
		{
			"from": [1.5, 9, -6],
			"to": [14.5, 10, 23],
			"faces": {
				"north": {"uv": [6.5, 0.5, 9.75, 0.75], "texture": "#1"},
				"east": {"uv": [6.5, 0, 13.25, 0.25], "texture": "#1"},
				"south": {"uv": [6.5, 0.75, 9.75, 1], "texture": "#1"},
				"west": {"uv": [6.5, 0.25, 13.25, 0.5], "texture": "#1"},
				"up": {"uv": [3.25, 6.75, 0, 0], "texture": "#1"},
				"down": {"uv": [6.5, 0, 3.25, 6.75], "texture": "#1"}
			}
		},
		{
			"from": [1.5, 14, 1],
			"to": [3.5, 20, 3],
			"faces": {
				"north": {"uv": [6, 7, 6.5, 8.5], "texture": "#4"},
				"east": {"uv": [5.5, 8.5, 6, 10], "texture": "#4"},
				"south": {"uv": [6, 8.5, 6.5, 10], "texture": "#4"},
				"west": {"uv": [4.75, 9, 5.25, 10.5], "texture": "#4"},
				"up": {"uv": [9.5, 4.5, 9, 4], "texture": "#4"},
				"down": {"uv": [10.5, 8, 10, 8.5], "texture": "#4"}
			}
		},
		{
			"from": [1.5, 10, -5],
			"to": [3.5, 14, 22],
			"faces": {
				"north": {"uv": [10.25, 10, 10.75, 11], "texture": "#4"},
				"east": {"uv": [0, 6, 6.75, 7], "texture": "#4"},
				"south": {"uv": [10.5, 1, 11, 2], "texture": "#4"},
				"west": {"uv": [6.5, 0, 13.25, 1], "texture": "#4"},
				"up": {"uv": [1, 13.75, 0.5, 7], "texture": "#4"},
				"down": {"uv": [1.5, 7, 1, 13.75], "texture": "#4"}
			}
		},
		{
			"from": [12.5, 10, -5],
			"to": [14.5, 14, 22],
			"faces": {
				"north": {"uv": [10, 7, 10.5, 8], "texture": "#4"},
				"east": {"uv": [0, 4, 6.75, 5], "texture": "#4"},
				"south": {"uv": [10.25, 9, 10.75, 10], "texture": "#4"},
				"west": {"uv": [0, 5, 6.75, 6], "texture": "#4"},
				"up": {"uv": [7.25, 11.25, 6.75, 4.5], "texture": "#4"},
				"down": {"uv": [0.5, 7, 0, 13.75], "texture": "#4"}
			}
		},
		{
			"from": [3.5, 10, -5],
			"to": [12.5, 14, 2],
			"faces": {
				"north": {"uv": [7.25, 4.5, 9.5, 5.5], "texture": "#4"},
				"east": {"uv": [8.75, 1, 10.5, 2], "texture": "#4"},
				"south": {"uv": [7.25, 5.5, 9.5, 6.5], "texture": "#4"},
				"west": {"uv": [1.5, 9, 3.25, 10], "texture": "#4"},
				"up": {"uv": [8.75, 2.75, 6.5, 1], "texture": "#4"},
				"down": {"uv": [9, 2.75, 6.75, 4.5], "texture": "#4"}
			}
		},
		{
			"from": [3.5, 10, 16],
			"to": [12.5, 14, 22],
			"faces": {
				"north": {"uv": [7.25, 6.5, 9.5, 7.5], "texture": "#4"},
				"east": {"uv": [9, 3, 10.5, 4], "texture": "#4"},
				"south": {"uv": [7.25, 7.5, 9.5, 8.5], "texture": "#4"},
				"west": {"uv": [3.25, 9, 4.75, 10], "texture": "#4"},
				"up": {"uv": [3.75, 8.5, 1.5, 7], "texture": "#4"},
				"down": {"uv": [6, 7, 3.75, 8.5], "texture": "#4"}
			}
		},
		{
			"from": [12.5, 14, 1],
			"to": [14.5, 20, 3],
			"faces": {
				"north": {"uv": [7.25, 9, 7.75, 10.5], "texture": "#4"},
				"east": {"uv": [7.75, 9, 8.25, 10.5], "texture": "#4"},
				"south": {"uv": [8.25, 9, 8.75, 10.5], "texture": "#4"},
				"west": {"uv": [8.75, 9, 9.25, 10.5], "texture": "#4"},
				"up": {"uv": [11, 3.5, 10.5, 3], "texture": "#4"},
				"down": {"uv": [11, 3.5, 10.5, 4], "texture": "#4"}
			}
		},
		{
			"from": [1.5, 14, 15],
			"to": [3.5, 20, 17],
			"faces": {
				"north": {"uv": [9.75, 9, 10.25, 10.5], "texture": "#4"},
				"east": {"uv": [1.5, 10, 2, 11.5], "texture": "#4"},
				"south": {"uv": [2, 10, 2.5, 11.5], "texture": "#4"},
				"west": {"uv": [2.5, 10, 3, 11.5], "texture": "#4"},
				"up": {"uv": [11, 5, 10.5, 4.5], "texture": "#4"},
				"down": {"uv": [11, 5, 10.5, 5.5], "texture": "#4"}
			}
		},
		{
			"from": [12.5, 14, 15],
			"to": [14.5, 20, 17],
			"faces": {
				"north": {"uv": [5.25, 10, 5.75, 11.5], "texture": "#4"},
				"east": {"uv": [10, 5.5, 10.5, 7], "texture": "#4"},
				"south": {"uv": [5.75, 10, 6.25, 11.5], "texture": "#4"},
				"west": {"uv": [6.25, 10, 6.75, 11.5], "texture": "#4"},
				"up": {"uv": [11, 7, 10.5, 6.5], "texture": "#4"},
				"down": {"uv": [11, 7, 10.5, 7.5], "texture": "#4"}
			}
		},
		{
			"from": [1.5, 14, 8],
			"to": [3.5, 20, 10],
			"faces": {
				"north": {"uv": [9.25, 9, 9.75, 10.5], "texture": "#4"},
				"east": {"uv": [9.5, 4, 10, 5.5], "texture": "#4"},
				"south": {"uv": [9.5, 5.5, 10, 7], "texture": "#4"},
				"west": {"uv": [9.5, 7, 10, 8.5], "texture": "#4"},
				"up": {"uv": [11, 4.5, 10.5, 4], "texture": "#4"},
				"down": {"uv": [5, 10.5, 4.5, 11], "texture": "#4"}
			}
		},
		{
			"from": [1.5, 20, 1],
			"to": [14.5, 22, 17],
			"faces": {
				"north": {"uv": [8.75, 2, 12, 2.5], "texture": "#4"},
				"east": {"uv": [1.5, 8.5, 5.5, 9], "texture": "#4"},
				"south": {"uv": [9, 2.5, 12.25, 3], "texture": "#4"},
				"west": {"uv": [7.25, 8.5, 11.25, 9], "texture": "#4"},
				"up": {"uv": [3.25, 4, 0, 0], "texture": "#4"},
				"down": {"uv": [6.5, 0, 3.25, 4], "texture": "#4"}
			}
		},
		{
			"from": [12.5, 14, 8],
			"to": [14.5, 20, 10],
			"faces": {
				"north": {"uv": [3, 10, 3.5, 11.5], "texture": "#4"},
				"east": {"uv": [3.5, 10, 4, 11.5], "texture": "#4"},
				"south": {"uv": [4, 10, 4.5, 11.5], "texture": "#4"},
				"west": {"uv": [10, 4, 10.5, 5.5], "texture": "#4"},
				"up": {"uv": [11, 6, 10.5, 5.5], "texture": "#4"},
				"down": {"uv": [11, 6, 10.5, 6.5], "texture": "#4"}
			}
		},
		{
			"from": [13.5, 6, 14],
			"to": [15.5, 11, 19],
			"faces": {
				"north": {"uv": [5, 0, 7, 5], "texture": "#0"},
				"east": {"uv": [0, 0, 5, 5], "texture": "#0"},
				"south": {"uv": [5, 5, 7, 10], "texture": "#0"},
				"west": {"uv": [0, 5, 5, 10], "texture": "#0"},
				"up": {"uv": [9, 5, 7, 0], "texture": "#0"},
				"down": {"uv": [9, 5, 7, 10], "texture": "#0"}
			}
		},
		{
			"from": [0.5, 6, 14],
			"to": [2.5, 11, 19],
			"faces": {
				"north": {"uv": [5, 0, 7, 5], "texture": "#0"},
				"east": {"uv": [0, 0, 5, 5], "texture": "#0"},
				"south": {"uv": [5, 5, 7, 10], "texture": "#0"},
				"west": {"uv": [0, 5, 5, 10], "texture": "#0"},
				"up": {"uv": [9, 5, 7, 0], "texture": "#0"},
				"down": {"uv": [9, 5, 7, 10], "texture": "#0"}
			}
		},
		{
			"from": [13.5, 6, -2],
			"to": [15.5, 11, 3],
			"faces": {
				"north": {"uv": [5, 0, 7, 5], "texture": "#0"},
				"east": {"uv": [0, 0, 5, 5], "texture": "#0"},
				"south": {"uv": [5, 5, 7, 10], "texture": "#0"},
				"west": {"uv": [0, 5, 5, 10], "texture": "#0"},
				"up": {"uv": [9, 5, 7, 0], "texture": "#0"},
				"down": {"uv": [9, 5, 7, 10], "texture": "#0"}
			}
		},
		{
			"from": [0.5, 6, -2],
			"to": [2.5, 11, 3],
			"faces": {
				"north": {"uv": [5, 0, 7, 5], "texture": "#0"},
				"east": {"uv": [0, 0, 5, 5], "texture": "#0"},
				"south": {"uv": [5, 5, 7, 10], "texture": "#0"},
				"west": {"uv": [0, 5, 5, 10], "texture": "#0"},
				"up": {"uv": [9, 5, 7, 0], "texture": "#0"},
				"down": {"uv": [9, 5, 7, 10], "texture": "#0"}
			}
		},
		{
			"from": [2.5, 11, -6],
			"to": [4.5, 13, -5],
			"faces": {
				"north": {"uv": [10.75, 13.75, 11.25, 14.25], "texture": "#1"},
				"east": {"uv": [13, 13.5, 13.25, 14], "texture": "#1"},
				"south": {"uv": [9, 14.25, 9.5, 14.75], "texture": "#1"},
				"west": {"uv": [8, 13, 8.25, 13.5], "texture": "#1"},
				"up": {"uv": [11.5, 13, 12, 13.25], "texture": "#1"},
				"down": {"uv": [9.75, 12.5, 10.25, 12.75], "texture": "#1"}
			}
		},
		{
			"from": [11.5, 11, -6],
			"to": [13.5, 13, -5],
			"faces": {
				"north": {"uv": [10.75, 13.75, 11.25, 14.25], "texture": "#1"},
				"east": {"uv": [13, 13.5, 13.25, 14], "texture": "#1"},
				"south": {"uv": [9, 14.25, 9.5, 14.75], "texture": "#1"},
				"west": {"uv": [8, 13, 8.25, 13.5], "texture": "#1"},
				"up": {"uv": [11.5, 13, 12, 13.25], "texture": "#1"},
				"down": {"uv": [9.75, 12.5, 10.25, 12.75], "texture": "#1"}
			}
		},
		{
			"from": [5.5, 10, -6],
			"to": [10.5, 13, -5],
			"faces": {
				"north": {"uv": [3.25, 12.25, 4.5, 13], "texture": "#1"},
				"east": {"uv": [2.25, 14.25, 2.5, 15], "texture": "#1"},
				"south": {"uv": [2, 13.25, 3.25, 14], "texture": "#1"},
				"west": {"uv": [3.75, 13.5, 4, 14.25], "texture": "#1"},
				"up": {"uv": [0.25, 13.75, 1.5, 14], "texture": "#1"},
				"down": {"uv": [1.25, 12.5, 2.5, 12.75], "texture": "#1"}
			}
		},
		{
			"from": [3.5, 14, 1],
			"to": [12.5, 20, 1],
			"faces": {
				"north": {"uv": [13.5, 9.5, 15.75, 11], "texture": "#1"},
				"east": {"uv": [0, 0, 0, 1.5], "texture": "#1"},
				"south": {"uv": [13.25, 11.25, 15.5, 12.75], "texture": "#1"},
				"west": {"uv": [0, 0, 0, 1.5], "texture": "#1"},
				"up": {"uv": [0, 0, 2.25, 0], "texture": "#1"},
				"down": {"uv": [0, 0, 2.25, 0], "texture": "#1"}
			}
		},
		{
			"from": [3.5, 14, 17],
			"to": [12.5, 20, 17],
			"faces": {
				"north": {"uv": [13.5, 9.5, 15.75, 11], "texture": "#1"},
				"east": {"uv": [0, 0, 0, 1.5], "texture": "#1"},
				"south": {"uv": [13.25, 11.25, 15.5, 12.75], "texture": "#1"},
				"west": {"uv": [0, 0, 0, 1.5], "texture": "#1"},
				"up": {"uv": [0, 0, 2.25, 0], "texture": "#1"},
				"down": {"uv": [0, 0, 2.25, 0], "texture": "#1"}
			}
		},
		{
			"from": [1.5, 14, 3],
			"to": [1.5, 20, 8],
			"faces": {
				"north": {"uv": [0, 0, 0, 1.5], "texture": "#1"},
				"east": {"uv": [11.25, 10.5, 12.5, 12], "texture": "#1"},
				"south": {"uv": [0, 0, 0, 1.5], "texture": "#1"},
				"west": {"uv": [14, 13.5, 15.25, 15], "texture": "#1"},
				"up": {"uv": [0, 0, 0, 1.25], "texture": "#1"},
				"down": {"uv": [0, 0, 0, 1.25], "texture": "#1"}
			}
		},
		{
			"from": [14.5, 14, 3],
			"to": [14.5, 20, 8],
			"faces": {
				"north": {"uv": [0, 0, 0, 1.5], "texture": "#1"},
				"east": {"uv": [11.25, 10.5, 12.5, 12], "texture": "#1"},
				"south": {"uv": [0, 0, 0, 1.5], "texture": "#1"},
				"west": {"uv": [14, 13.5, 15.25, 15], "texture": "#1"},
				"up": {"uv": [0, 0, 0, 1.25], "texture": "#1"},
				"down": {"uv": [0, 0, 0, 1.25], "texture": "#1"}
			}
		},
		{
			"from": [1.5, 14, 10],
			"to": [1.5, 20, 15],
			"faces": {
				"north": {"uv": [0, 0, 0, 1.5], "texture": "#1"},
				"east": {"uv": [11.25, 10.5, 12.5, 12], "texture": "#1"},
				"south": {"uv": [0, 0, 0, 1.5], "texture": "#1"},
				"west": {"uv": [14, 13.5, 15.25, 15], "texture": "#1"},
				"up": {"uv": [0, 0, 0, 1.25], "texture": "#1"},
				"down": {"uv": [0, 0, 0, 1.25], "texture": "#1"}
			}
		},
		{
			"from": [14.5, 14, 10],
			"to": [14.5, 20, 15],
			"faces": {
				"north": {"uv": [0, 0, 0, 1.5], "texture": "#1"},
				"east": {"uv": [11.25, 10.5, 12.5, 12], "texture": "#1"},
				"south": {"uv": [0, 0, 0, 1.5], "texture": "#1"},
				"west": {"uv": [14, 13.5, 15.25, 15], "texture": "#1"},
				"up": {"uv": [0, 0, 0, 1.25], "texture": "#1"},
				"down": {"uv": [0, 0, 0, 1.25], "texture": "#1"}
			}
		},
		{
			"from": [5, 11, 7],
			"to": [11, 17, 15],
			"rotation": {"angle": 0, "axis": "y", "origin": [0, 6, 3]},
			"faces": {
				"north": {"uv": [0, 6, 3, 9], "texture": "#3"},
				"east": {"uv": [0, 0, 4, 3], "texture": "#3"},
				"south": {"uv": [7, 0, 10, 3], "texture": "#3"},
				"west": {"uv": [0, 3, 4, 6], "texture": "#3"},
				"up": {"uv": [7, 4, 4, 0], "texture": "#3"},
				"down": {"uv": [7, 4, 4, 8], "texture": "#3"}
			}
		},
		{
			"from": [6, 15, 5],
			"to": [10, 21, 8],
			"rotation": {"angle": -22.5, "axis": "x", "origin": [8, 16, 8]},
			"faces": {
				"north": {"uv": [7, 3, 9, 6], "texture": "#3"},
				"east": {"uv": [9, 8.5, 10.5, 11.5], "texture": "#3"},
				"south": {"uv": [7, 6, 9, 9], "texture": "#3"},
				"west": {"uv": [10, 0, 11.5, 3], "texture": "#3"},
				"up": {"uv": [12.5, 10, 10.5, 8.5], "texture": "#3"},
				"down": {"uv": [12.5, 10, 10.5, 11.5], "texture": "#3"}
			}
		},
		{
			"from": [6, 17.5, 7],
			"to": [10, 19.5, 9],
			"rotation": {"angle": -22.5, "axis": "x", "origin": [8, 6, 11]},
			"faces": {
				"north": {"uv": [0, 11, 2, 12], "texture": "#3"},
				"east": {"uv": [3, 6, 4, 7], "texture": "#3"},
				"south": {"uv": [11.5, 0, 13.5, 1], "texture": "#3"},
				"west": {"uv": [3, 7, 4, 8], "texture": "#3"},
				"up": {"uv": [13.5, 2, 11.5, 1], "texture": "#3"},
				"down": {"uv": [13.5, 2, 11.5, 3], "texture": "#3"}
			}
		},
		{
			"from": [7, 15.5, 8],
			"to": [9, 17.5, 10],
			"rotation": {"angle": -22.5, "axis": "x", "origin": [8, 6, 11]},
			"faces": {
				"north": {"uv": [6, 8, 7, 9], "texture": "#3"},
				"east": {"uv": [10, 11.5, 11, 12.5], "texture": "#3"},
				"south": {"uv": [11, 11.5, 12, 12.5], "texture": "#3"},
				"west": {"uv": [0, 12, 1, 13], "texture": "#3"},
				"up": {"uv": [2, 13, 1, 12], "texture": "#3"},
				"down": {"uv": [13, 3, 12, 4], "texture": "#3"}
			}
		},
		{
			"from": [11, 13, 8],
			"to": [12, 17, 14],
			"rotation": {"angle": 0, "axis": "y", "origin": [0, 6, 3]},
			"faces": {
				"north": {"uv": [12, 4, 12.5, 6], "texture": "#3"},
				"east": {"uv": [3, 8, 6, 10], "texture": "#3"},
				"south": {"uv": [12, 6, 12.5, 8], "texture": "#3"},
				"west": {"uv": [0, 9, 3, 11], "texture": "#3"},
				"up": {"uv": [2.5, 14, 2, 11], "texture": "#3"},
				"down": {"uv": [3, 11, 2.5, 14], "texture": "#3"}
			}
		},
		{
			"from": [4, 13, 8],
			"to": [5, 17, 14],
			"rotation": {"angle": 0, "axis": "y", "origin": [0, 6, 3]},
			"faces": {
				"north": {"uv": [12, 11.5, 12.5, 13.5], "texture": "#3"},
				"east": {"uv": [9, 3, 12, 5], "texture": "#3"},
				"south": {"uv": [3, 12.5, 3.5, 14.5], "texture": "#3"},
				"west": {"uv": [9, 5, 12, 7], "texture": "#3"},
				"up": {"uv": [9.5, 14.5, 9, 11.5], "texture": "#3"},
				"down": {"uv": [10, 11.5, 9.5, 14.5], "texture": "#3"}
			}
		}
	],
	"display": {
		"thirdperson_righthand": {
			"rotation": [90, 90, 0],
			"translation": [0, 0, 75]
		},
		"thirdperson_lefthand": {
			"scale": [0, 0, 0]
		},
		"firstperson_righthand": {
			"rotation": [-41, 144, 10]
		},
		"firstperson_lefthand": {
			"rotation": [-41, 144, 10]
		},
		"ground": {
			"translation": [0, 4.25, 0]
		},
		"gui": {
			"rotation": [0, 142, 0],
			"translation": [0, 1, 0]
		},
		"head": {
			"rotation": [0, 90, 0],
			"translation": [0, 75, 0],
			"scale": [4, 4, 4]
		}
	},
	"groups": [
		{
			"name": "redcar",
			"origin": [8, 8, 8],
			"color": 0,
			"nbt": "{}",
			"children": [0, 1, 2, 3, 4, 5, 6, 7, 8, 9, 10, 11, 12, 13, 14, 15, 16, 17, 18, 19, 20, 21, 22, 23, 24]
		},
		{
			"name": "group",
			"origin": [8, 8, 8],
			"color": 0,
			"nbt": "{}",
			"children": [25, 26, 27, 28, 29, 30]
		}
	]
}