{
	"credit": "Made with Blockbench",
	"textures": {
		"0": "block/browncarone",
		"1": "block/browncartwo",
		"2": "block/browncarthree",
		"particle": "block/browncarone"
	},
	"elements": [
		{
			"from": [0, 9, -6],
			"to": [13, 10, 23],
			"faces": {
				"north": {"uv": [6.5, 0.5, 9.75, 0.75], "texture": "#1"},
				"east": {"uv": [6.5, 0, 13.25, 0.25], "texture": "#1"},
				"south": {"uv": [6.5, 0.75, 9.75, 1], "texture": "#1"},
				"west": {"uv": [6.5, 0.25, 13.25, 0.5], "texture": "#1"},
				"up": {"uv": [3.25, 6.75, 0, 0], "texture": "#1"},
				"down": {"uv": [6.5, 0, 3.25, 6.75], "texture": "#1"}
			}
		},
		{
			"from": [0, 14, 1],
			"to": [2, 20, 3],
			"faces": {
				"north": {"uv": [0, 0, 0.5, 1.5], "texture": "#2"},
				"east": {"uv": [0, 0, 0.5, 1.5], "texture": "#2"},
				"south": {"uv": [0, 0, 0.5, 1.5], "texture": "#2"},
				"west": {"uv": [0, 0, 0.5, 1.5], "texture": "#2"},
				"up": {"uv": [0, 0, 0.5, 0.5], "texture": "#2"},
				"down": {"uv": [0, 0, 0.5, 0.5], "texture": "#2"}
			}
		},
		{
			"from": [0, 10, -5],
			"to": [2, 14, 22],
			"faces": {
				"north": {"uv": [1, 2, 1.5, 3], "texture": "#2"},
				"east": {"uv": [0, 0, 6.75, 1], "texture": "#2"},
				"south": {"uv": [1.5, 2, 2, 3], "texture": "#2"},
				"west": {"uv": [0, 1, 6.75, 2], "texture": "#2"},
				"up": {"uv": [0.5, 8.75, 0, 2], "texture": "#2"},
				"down": {"uv": [1, 2, 0.5, 8.75], "texture": "#2"}
			}
		},
		{
			"from": [11, 10, -5],
			"to": [13, 14, 22],
			"faces": {
				"north": {"uv": [1, 2, 1.5, 3], "texture": "#2"},
				"east": {"uv": [0, 0, 6.75, 1], "texture": "#2"},
				"south": {"uv": [1.5, 2, 2, 3], "texture": "#2"},
				"west": {"uv": [0, 1, 6.75, 2], "texture": "#2"},
				"up": {"uv": [0.5, 8.75, 0, 2], "texture": "#2"},
				"down": {"uv": [1, 2, 0.5, 8.75], "texture": "#2"}
			}
		},
		{
			"from": [2, 10, -5],
			"to": [11, 14, 2],
			"faces": {
				"north": {"uv": [0, 0, 2.25, 1], "texture": "#2"},
				"east": {"uv": [0, 0, 0.5, 1], "texture": "#2"},
				"south": {"uv": [0, 0, 2.25, 1], "texture": "#2"},
				"west": {"uv": [0, 0, 0.5, 1], "texture": "#2"},
				"up": {"uv": [0, 0, 2.25, 0.5], "texture": "#2"},
				"down": {"uv": [0, 0, 2.25, 0.5], "texture": "#2"}
			}
		},
		{
			"from": [2, 10, 16],
			"to": [11, 14, 22],
			"faces": {
				"north": {"uv": [0, 0, 2.25, 1], "texture": "#2"},
				"east": {"uv": [0, 0, 0.5, 1], "texture": "#2"},
				"south": {"uv": [0, 15, 2.25, 16], "texture": "#2"},
				"west": {"uv": [0, 0, 0.5, 1], "texture": "#2"},
				"up": {"uv": [0, 0, 2.25, 0.5], "texture": "#2"},
				"down": {"uv": [0, 0, 2.25, 0.5], "texture": "#2"}
			}
		},
		{
			"from": [11, 14, 1],
			"to": [13, 20, 3],
			"faces": {
				"north": {"uv": [0, 0, 0.5, 1.5], "texture": "#2"},
				"east": {"uv": [0, 0, 0.5, 1.5], "texture": "#2"},
				"south": {"uv": [0, 0, 0.5, 1.5], "texture": "#2"},
				"west": {"uv": [0, 0, 0.5, 1.5], "texture": "#2"},
				"up": {"uv": [0, 0, 0.5, 0.5], "texture": "#2"},
				"down": {"uv": [0, 0, 0.5, 0.5], "texture": "#2"}
			}
		},
		{
			"from": [0, 14, 15],
			"to": [2, 20, 17],
			"faces": {
				"north": {"uv": [0, 0, 0.5, 1.5], "texture": "#2"},
				"east": {"uv": [0, 0, 0.5, 1.5], "texture": "#2"},
				"south": {"uv": [0, 0, 0.5, 1.5], "texture": "#2"},
				"west": {"uv": [0, 0, 0.5, 1.5], "texture": "#2"},
				"up": {"uv": [0, 0, 0.5, 0.5], "texture": "#2"},
				"down": {"uv": [0, 0, 0.5, 0.5], "texture": "#2"}
			}
		},
		{
			"from": [11, 14, 15],
			"to": [13, 20, 17],
			"faces": {
				"north": {"uv": [0, 0, 0.5, 1.5], "texture": "#2"},
				"east": {"uv": [0, 0, 0.5, 1.5], "texture": "#2"},
				"south": {"uv": [0, 0, 0.5, 1.5], "texture": "#2"},
				"west": {"uv": [0, 0, 0.5, 1.5], "texture": "#2"},
				"up": {"uv": [0, 0, 0.5, 0.5], "texture": "#2"},
				"down": {"uv": [0, 0, 0.5, 0.5], "texture": "#2"}
			}
		},
		{
			"from": [0, 14, 8],
			"to": [2, 20, 10],
			"faces": {
				"north": {"uv": [0, 0, 0.5, 1.5], "texture": "#2"},
				"east": {"uv": [0, 0, 0.5, 1.5], "texture": "#2"},
				"south": {"uv": [0, 0, 0.5, 1.5], "texture": "#2"},
				"west": {"uv": [0, 0, 0.5, 1.5], "texture": "#2"},
				"up": {"uv": [0, 0, 0.5, 0.5], "texture": "#2"},
				"down": {"uv": [0, 0, 0.5, 0.5], "texture": "#2"}
			}
		},
		{
			"from": [0, 20, 1],
			"to": [13, 22, 17],
			"faces": {
				"north": {"uv": [0, 0, 3.25, 0.5], "texture": "#2"},
				"east": {"uv": [0, 0, 4, 0.5], "texture": "#2"},
				"south": {"uv": [0, 0, 3.25, 0.5], "texture": "#2"},
				"west": {"uv": [0, 0, 4, 0.5], "texture": "#2"},
				"up": {"uv": [0, 0, 3.25, 4], "texture": "#2"},
				"down": {"uv": [0, 0, 3.25, 4], "texture": "#2"}
			}
		},
		{
			"from": [11, 14, 8],
			"to": [13, 20, 10],
			"faces": {
				"north": {"uv": [0, 0, 0.5, 1.5], "texture": "#2"},
				"east": {"uv": [0, 0, 0.5, 1.5], "texture": "#2"},
				"south": {"uv": [0, 0, 0.5, 1.5], "texture": "#2"},
				"west": {"uv": [0, 0, 0.5, 1.5], "texture": "#2"},
				"up": {"uv": [0, 0, 0.5, 0.5], "texture": "#2"},
				"down": {"uv": [0, 0, 0.5, 0.5], "texture": "#2"}
			}
		},
		{
			"from": [12, 6, 14],
			"to": [14, 11, 19],
			"faces": {
				"north": {"uv": [5, 0, 7, 5], "texture": "#0"},
				"east": {"uv": [0, 0, 5, 5], "texture": "#0"},
				"south": {"uv": [5, 5, 7, 10], "texture": "#0"},
				"west": {"uv": [0, 5, 5, 10], "texture": "#0"},
				"up": {"uv": [9, 5, 7, 0], "texture": "#0"},
				"down": {"uv": [9, 5, 7, 10], "texture": "#0"}
			}
		},
		{
			"from": [-1, 6, 14],
			"to": [1, 11, 19],
			"faces": {
				"north": {"uv": [5, 0, 7, 5], "texture": "#0"},
				"east": {"uv": [0, 0, 5, 5], "texture": "#0"},
				"south": {"uv": [5, 5, 7, 10], "texture": "#0"},
				"west": {"uv": [0, 5, 5, 10], "texture": "#0"},
				"up": {"uv": [9, 5, 7, 0], "texture": "#0"},
				"down": {"uv": [9, 5, 7, 10], "texture": "#0"}
			}
		},
		{
			"from": [12, 6, -2],
			"to": [14, 11, 3],
			"faces": {
				"north": {"uv": [5, 0, 7, 5], "texture": "#0"},
				"east": {"uv": [0, 0, 5, 5], "texture": "#0"},
				"south": {"uv": [5, 5, 7, 10], "texture": "#0"},
				"west": {"uv": [0, 5, 5, 10], "texture": "#0"},
				"up": {"uv": [9, 5, 7, 0], "texture": "#0"},
				"down": {"uv": [9, 5, 7, 10], "texture": "#0"}
			}
		},
		{
			"from": [-1, 6, -2],
			"to": [1, 11, 3],
			"faces": {
				"north": {"uv": [5, 0, 7, 5], "texture": "#0"},
				"east": {"uv": [0, 0, 5, 5], "texture": "#0"},
				"south": {"uv": [5, 5, 7, 10], "texture": "#0"},
				"west": {"uv": [0, 5, 5, 10], "texture": "#0"},
				"up": {"uv": [9, 5, 7, 0], "texture": "#0"},
				"down": {"uv": [9, 5, 7, 10], "texture": "#0"}
			}
		},
		{
			"from": [1, 11, -6],
			"to": [3, 13, -5],
			"faces": {
				"north": {"uv": [10.75, 13.75, 11.25, 14.25], "texture": "#1"},
				"east": {"uv": [13, 13.5, 13.25, 14], "texture": "#1"},
				"south": {"uv": [9, 14.25, 9.5, 14.75], "texture": "#1"},
				"west": {"uv": [8, 13, 8.25, 13.5], "texture": "#1"},
				"up": {"uv": [11.5, 13, 12, 13.25], "texture": "#1"},
				"down": {"uv": [9.75, 12.5, 10.25, 12.75], "texture": "#1"}
			}
		},
		{
			"from": [10, 11, -6],
			"to": [12, 13, -5],
			"faces": {
				"north": {"uv": [10.75, 13.75, 11.25, 14.25], "texture": "#1"},
				"east": {"uv": [13, 13.5, 13.25, 14], "texture": "#1"},
				"south": {"uv": [9, 14.25, 9.5, 14.75], "texture": "#1"},
				"west": {"uv": [8, 13, 8.25, 13.5], "texture": "#1"},
				"up": {"uv": [11.5, 13, 12, 13.25], "texture": "#1"},
				"down": {"uv": [9.75, 12.5, 10.25, 12.75], "texture": "#1"}
			}
		},
		{
			"from": [4, 10, -6],
			"to": [9, 13, -5],
			"faces": {
				"north": {"uv": [3.25, 12.25, 4.5, 13], "texture": "#1"},
				"east": {"uv": [2.25, 14.25, 2.5, 15], "texture": "#1"},
				"south": {"uv": [2, 13.25, 3.25, 14], "texture": "#1"},
				"west": {"uv": [3.75, 13.5, 4, 14.25], "texture": "#1"},
				"up": {"uv": [0.25, 13.75, 1.5, 14], "texture": "#1"},
				"down": {"uv": [1.25, 12.5, 2.5, 12.75], "texture": "#1"}
			}
		},
		{
			"from": [2, 14, 1],
			"to": [11, 20, 1],
			"faces": {
				"north": {"uv": [13.5, 9.5, 15.75, 11], "texture": "#1"},
				"east": {"uv": [0, 0, 0, 1.5], "texture": "#1"},
				"south": {"uv": [13.25, 11.25, 15.5, 12.75], "texture": "#1"},
				"west": {"uv": [0, 0, 0, 1.5], "texture": "#1"},
				"up": {"uv": [0, 0, 2.25, 0], "texture": "#1"},
				"down": {"uv": [0, 0, 2.25, 0], "texture": "#1"}
			}
		},
		{
			"from": [2, 14, 17],
			"to": [11, 20, 17],
			"faces": {
				"north": {"uv": [13.5, 9.5, 15.75, 11], "texture": "#1"},
				"east": {"uv": [0, 0, 0, 1.5], "texture": "#1"},
				"south": {"uv": [13.25, 11.25, 15.5, 12.75], "texture": "#1"},
				"west": {"uv": [0, 0, 0, 1.5], "texture": "#1"},
				"up": {"uv": [0, 0, 2.25, 0], "texture": "#1"},
				"down": {"uv": [0, 0, 2.25, 0], "texture": "#1"}
			}
		},
		{
			"from": [0, 14, 3],
			"to": [0, 20, 8],
			"faces": {
				"north": {"uv": [0, 0, 0, 1.5], "texture": "#1"},
				"east": {"uv": [11.25, 10.5, 12.5, 12], "texture": "#1"},
				"south": {"uv": [0, 0, 0, 1.5], "texture": "#1"},
				"west": {"uv": [14, 13.5, 15.25, 15], "texture": "#1"},
				"up": {"uv": [0, 0, 0, 1.25], "texture": "#1"},
				"down": {"uv": [0, 0, 0, 1.25], "texture": "#1"}
			}
		},
		{
			"from": [13, 14, 3],
			"to": [13, 20, 8],
			"faces": {
				"north": {"uv": [0, 0, 0, 1.5], "texture": "#1"},
				"east": {"uv": [11.25, 10.5, 12.5, 12], "texture": "#1"},
				"south": {"uv": [0, 0, 0, 1.5], "texture": "#1"},
				"west": {"uv": [14, 13.5, 15.25, 15], "texture": "#1"},
				"up": {"uv": [0, 0, 0, 1.25], "texture": "#1"},
				"down": {"uv": [0, 0, 0, 1.25], "texture": "#1"}
			}
		},
		{
			"from": [0, 14, 10],
			"to": [0, 20, 15],
			"faces": {
				"north": {"uv": [0, 0, 0, 1.5], "texture": "#1"},
				"east": {"uv": [11.25, 10.5, 12.5, 12], "texture": "#1"},
				"south": {"uv": [0, 0, 0, 1.5], "texture": "#1"},
				"west": {"uv": [14, 13.5, 15.25, 15], "texture": "#1"},
				"up": {"uv": [0, 0, 0, 1.25], "texture": "#1"},
				"down": {"uv": [0, 0, 0, 1.25], "texture": "#1"}
			}
		},
		{
			"from": [13, 14, 10],
			"to": [13, 20, 15],
			"faces": {
				"north": {"uv": [0, 0, 0, 1.5], "texture": "#1"},
				"east": {"uv": [11.25, 10.5, 12.5, 12], "texture": "#1"},
				"south": {"uv": [0, 0, 0, 1.5], "texture": "#1"},
				"west": {"uv": [14, 13.5, 15.25, 15], "texture": "#1"},
				"up": {"uv": [0, 0, 0, 1.25], "texture": "#1"},
				"down": {"uv": [0, 0, 0, 1.25], "texture": "#1"}
			}
		}
	],
	"display": {
		"head": {
			"rotation": [0, 90, 0],
			"translation": [5.5, 75, 3.5],
			"scale": [4, 4, 4]
		}
	},
	"groups": [
		{
			"name": "redcar",
			"origin": [8, 8, 8],
			"color": 0,
			"nbt": "{}",
			"children": [0, 1, 2, 3, 4, 5, 6, 7, 8, 9, 10, 11, 12, 13, 14, 15, 16, 17, 18, 19, 20, 21, 22, 23, 24]
		}
	]
}