{
    "providers": [
        {
            "type": "bitmap",
            "file": "pudge:font/hearts.png",
            "ascent": 9,
            "height": 44,
            "chars": [
                    "\uE001\uE002\uE003\uE010\uE011"
                ]
        },
        {
            "type": "bitmap",
            "file": "pudge:font/blank_pixel.png",
            "ascent": -32768,
            "height": -4,
            "chars": [
              "\uE004"
            ]
        },
        {
            "type": "bitmap",
            "file": "pudge:font/blank_pixel.png",
            "ascent": -32768,
            "height": -104,
            "chars": [
              "\uE005"
            ]
        },
        {
            "type": "bitmap",
            "file": "pudge:font/dark.png",
            "ascent": 256,
            "height": 512,
            "chars": ["\uE006"]
        },
        {
            "type": "bitmap",
            "file": "pudge:font/20.png",
            "ascent": 512,
            "height": 2048,
            "chars": ["\uE009"]
        },
        {
            "type": "bitmap",
            "file": "pudge:font/blank_pixel.png",
            "ascent": -32768,
            "height": 0,
            "chars": [
              "\uE012"
            ]
        }
    ]
}